id,input_len,output_len,ttft_sec,tpot_sec,e2e_sec,energy_j,carbon_g,ttft_ok,tpot_ok
1,797,180,0.085456,0.011950,2.541604,35.076872,0.004258,true,true
0,563,268,0.055232,0.011999,3.753640,52.817891,0.006412,true,true
4,566,229,0.057799,0.012124,3.209708,45.013207,0.005464,true,true
3,703,239,0.115321,0.012119,3.442667,47.518663,0.005768,true,true
6,1081,131,0.101886,0.012197,1.846357,24.913222,0.003024,true,true
5,1371,240,0.133473,0.012149,3.297342,45.183999,0.005485,true,true
2,690,344,0.074498,0.012106,4.737592,66.594821,0.008084,true,true
8,830,238,0.082604,0.011992,3.105299,43.167865,0.005240,true,true
7,838,344,0.080753,0.012004,4.457808,62.509818,0.007588,true,true
9,1201,180,0.121235,0.011985,2.433854,33.027091,0.004009,true,true
11,1053,150,0.102176,0.012007,2.132186,28.991082,0.003519,true,true
10,710,311,0.108483,0.012000,4.168542,57.982719,0.007038,true,true
14,654,151,0.073953,0.012046,1.984409,27.283707,0.003312,true,true
15,1104,168,0.105758,0.012071,2.396960,32.721231,0.003972,true,true
13,1112,313,0.113460,0.012069,4.321315,60.093432,0.007295,true,true
12,767,321,0.077645,0.012069,4.486288,62.960931,0.007643,true,true
17,1259,211,0.120164,0.012119,3.013237,41.316698,0.005015,true,true
18,941,264,0.092370,0.012131,3.602570,50.130041,0.006085,true,true
16,718,322,0.080859,0.012133,4.501860,63.137414,0.007664,true,true
19,658,215,0.064976,0.012150,2.921224,40.790779,0.004952,true,true
20,1013,211,0.102069,0.012137,2.811528,38.694469,0.004697,true,true
21,1064,240,0.110407,0.012123,3.408151,47.095904,0.005717,true,true
22,626,245,0.063450,0.012097,3.354540,47.000878,0.005705,true,true
24,944,289,0.096101,0.012268,4.345399,60.685290,0.007367,true,true
23,1158,333,0.110769,0.012285,4.994618,69.747461,0.008467,true,true
25,1534,330,0.147414,0.012318,4.895320,67.806042,0.008231,true,true
26,1451,201,0.142380,0.012458,3.194667,43.590469,0.005291,true,true
27,1017,262,0.103554,0.012444,3.952660,54.970050,0.006673,true,true
30,608,184,0.061574,0.012502,2.686465,37.486718,0.004550,true,true
28,1389,332,0.131487,0.012414,4.712649,65.424711,0.007942,true,true
31,839,344,0.091299,0.012385,4.649082,65.090838,0.007901,true,true
33,1470,256,0.144948,0.012292,3.332213,45.518130,0.005525,true,true
29,795,380,0.081827,0.012365,5.217117,73.338350,0.008902,true,true
32,1300,323,0.131519,0.012294,4.279015,59.231440,0.007190,true,true
34,535,186,0.062833,0.012011,2.613134,36.421487,0.004421,true,true
36,1402,208,0.136232,0.012074,2.804379,38.104470,0.004625,true,true
35,1058,302,0.104742,0.012076,4.205790,58.568085,0.007110,true,true
40,842,128,0.091723,0.012349,2.151018,29.409307,0.003570,true,true
38,729,280,0.075186,0.012209,4.139622,58.045223,0.007046,true,true
37,1051,384,0.102528,0.012184,5.497142,77.041833,0.009352,true,true
39,919,206,0.087493,0.012316,3.183324,44.212336,0.005367,true,true
41,1512,137,0.149287,0.012427,2.190508,29.151183,0.003539,true,true
44,1507,163,0.160382,0.012363,2.163170,28.602308,0.003472,true,true
43,1005,168,0.095525,0.012350,2.297436,31.446043,0.003817,true,true
42,1255,285,0.167361,0.012154,3.926735,53.688552,0.006517,true,true
45,769,193,0.074887,0.011900,2.568518,35.612174,0.004323,true,true
46,850,263,0.085817,0.011950,3.550859,49.485137,0.006007,true,true
47,1378,236,0.134060,0.011976,3.154615,43.137289,0.005236,true,true
48,923,287,0.097267,0.012208,4.287614,59.843397,0.007264,true,true
50,1436,189,0.137894,0.012690,3.107431,42.408697,0.005148,true,true
49,1276,352,0.128337,0.012365,5.185450,72.221888,0.008767,true,true
52,983,240,0.202754,0.012684,3.861058,52.245162,0.006342,true,true
53,632,245,0.196754,0.012681,3.917688,53.139594,0.006451,true,true
56,950,195,0.098024,0.012759,3.100772,42.883002,0.005206,true,true
55,999,270,0.222879,0.012664,4.246759,57.466046,0.006976,true,true
54,576,297,0.284079,0.012639,4.642310,62.240988,0.007555,true,true
51,643,301,0.071360,0.012634,4.773486,67.152239,0.008152,true,true
57,1480,252,0.147706,0.012576,4.045409,55.664083,0.006757,true,true
60,1468,155,0.145870,0.012438,2.476419,33.283161,0.004040,true,true
58,1345,225,0.125962,0.012473,3.600400,49.619307,0.006023,true,true
61,713,159,0.075685,0.012417,2.384177,32.968157,0.004002,true,true
62,1206,183,0.115747,0.012387,2.672671,36.516064,0.004433,true,true
59,1394,309,0.172738,0.012412,4.615363,63.446239,0.007702,true,true
64,887,270,0.095476,0.012270,3.582324,49.796547,0.006045,true,true
66,712,153,0.071699,0.012111,1.965916,27.051786,0.003284,true,true
63,901,357,0.087191,0.012202,4.701528,65.898507,0.007999,true,true
67,542,175,0.059873,0.011993,2.146579,29.800768,0.003617,true,true
65,666,354,0.070255,0.012127,4.566785,64.216079,0.007795,true,true
68,996,213,0.101933,0.011948,2.956796,40.771020,0.004949,true,true
69,1497,237,0.148217,0.011984,3.159915,43.010805,0.005221,true,true
70,632,212,0.069936,0.011982,2.853872,39.758097,0.004826,true,true
71,1311,263,0.131116,0.012038,3.971782,54.849505,0.006658,true,true
74,957,157,0.093192,0.012469,2.584107,35.573388,0.004318,true,true
73,1508,207,0.142002,0.012483,3.349773,45.810978,0.005561,true,true
79,1016,148,0.097355,0.012598,2.076541,28.265247,0.003431,true,true
72,1443,274,0.136833,0.012421,4.303521,59.505521,0.007223,true,true
76,1488,208,0.156101,0.012523,3.094736,41.967384,0.005094,true,true
77,676,223,0.230699,0.012493,3.226926,42.789867,0.005194,true,true
78,651,248,0.171499,0.012442,3.467523,47.071343,0.005714,true,true
75,636,288,0.067439,0.012390,4.318199,60.706174,0.007369,true,true
80,1370,289,0.130737,0.012294,4.051761,55.997116,0.006797,true,true
82,1322,195,0.132973,0.012145,2.826426,38.465875,0.004669,true,true
84,660,132,0.073306,0.012179,1.836703,25.183518,0.003057,true,true
81,930,288,0.093282,0.012128,4.034204,56.281288,0.006832,true,true
85,716,165,0.069128,0.012140,2.159231,29.849293,0.003623,true,true
86,1055,195,0.108940,0.012057,2.511147,34.306518,0.004164,true,true
83,1126,362,0.107340,0.012067,4.838041,67.560329,0.008201,true,true
87,652,253,0.063410,0.011950,3.365552,47.158714,0.005725,true,true
89,1131,132,0.108365,0.012004,1.786238,23.962122,0.002909,true,true
88,835,352,0.081238,0.011942,4.484004,62.876999,0.007633,true,true
90,1125,181,0.108520,0.011949,2.259423,30.717587,0.003729,true,true
92,731,207,0.078569,0.012409,3.255860,45.375686,0.005508,true,true
95,616,175,0.071983,0.012514,2.622561,36.425450,0.004422,true,true
96,1078,150,0.177602,0.012668,2.267593,29.847694,0.003623,true,true
91,787,263,0.075218,0.012397,4.014464,56.257359,0.006829,true,true
99,741,166,0.077470,0.012583,2.153722,29.651481,0.003599,true,true
93,943,303,0.092163,0.012396,4.367784,61.061226,0.007412,true,true
97,779,262,0.174602,0.012458,3.706611,50.441514,0.006123,true,true
94,1052,378,0.108663,0.012337,5.270835,73.722281,0.008949,true,true
98,1416,346,0.159140,0.012345,4.567018,62.949995,0.007641,true,true
100,817,146,0.080029,0.012008,2.005892,27.503729,0.003339,true,true
102,1143,314,0.117654,0.012025,4.160479,57.736595,0.007009,true,true
104,1023,180,0.104702,0.012152,2.404768,32.847821,0.003987,true,true
101,815,348,0.088790,0.012030,4.649288,65.129614,0.007906,true,true
105,1344,207,0.130938,0.012122,2.721931,37.002614,0.004492,true,true
103,593,311,0.061425,0.012054,4.113246,57.865068,0.007024,true,true
106,996,211,0.099027,0.011862,2.590008,35.574327,0.004318,true,true
108,1192,338,0.173433,0.012407,5.157688,71.181392,0.008641,true,true
107,874,339,0.082980,0.012409,5.191633,72.957949,0.008856,true,true
109,1020,264,0.107699,0.012620,4.133666,57.495854,0.006979,true,true
110,733,323,0.081579,0.012594,4.773281,67.003375,0.008133,true,true
111,1475,241,0.144620,0.012873,4.034961,55.558925,0.006744,true,true
113,978,242,0.092440,0.012887,3.772031,52.549164,0.006379,true,true
115,654,270,0.065704,0.012838,3.943703,55.382667,0.006723,true,true
112,1454,307,0.142807,0.012791,4.830920,66.952110,0.008127,true,true
114,907,332,0.158364,0.012758,4.977130,68.818002,0.008354,true,true
116,1330,297,0.129005,0.012743,4.309665,59.705054,0.007248,true,true
118,1055,147,0.101800,0.012415,2.224070,30.308662,0.003679,true,true
117,748,261,0.079216,0.012286,3.682321,51.456834,0.006246,true,true
119,1401,304,0.136201,0.012256,4.245118,58.680477,0.007123,true,true
123,1405,128,0.184168,0.012257,1.938434,25.053118,0.003041,true,true
120,1154,351,0.110301,0.012195,4.937217,68.934387,0.008368,true,true
121,748,325,0.082230,0.012174,4.513287,63.281035,0.007682,true,true
122,901,258,0.091611,0.012274,3.997427,55.779937,0.006771,true,true
124,915,314,0.098323,0.012391,4.796501,67.095850,0.008145,true,true
125,1188,288,0.117324,0.012416,4.520976,62.889649,0.007634,true,true
128,1117,193,0.112023,0.012561,3.142334,43.276621,0.005253,true,true
126,767,281,0.083761,0.012485,4.539978,63.640355,0.007725,true,true
129,1288,217,0.128284,0.012585,3.457191,47.540946,0.005771,true,true
127,1348,295,0.131416,0.012527,4.649388,64.522290,0.007832,true,true
134,859,171,0.094189,0.012613,2.626238,36.160827,0.004390,true,true
135,1198,175,0.116763,0.012640,2.656102,36.264933,0.004402,true,true
131,512,283,0.057584,0.012659,4.421404,62.320804,0.007565,true,true
133,1417,237,0.143231,0.012623,3.655784,50.163651,0.006089,true,true
130,1128,335,0.108177,0.012625,5.169755,72.285652,0.008775,true,true
132,1392,292,0.130486,0.012632,4.557518,63.223550,0.007675,true,true
137,919,203,0.097156,0.012465,3.007439,41.562487,0.005045,true,true
136,993,286,0.097582,0.012403,4.111891,57.329348,0.006959,true,true
141,1011,203,0.104293,0.012237,2.718503,37.334180,0.004532,true,true
142,523,182,0.061784,0.012218,2.363943,32.877709,0.003991,true,true
138,1013,371,0.171938,0.012346,5.127716,70.774701,0.008591,true,true
140,910,324,0.089903,0.012201,4.403725,61.606771,0.007478,true,true
139,661,361,0.070907,0.012233,4.933874,69.449243,0.008430,true,true
143,960,218,0.095968,0.012119,3.069682,42.468348,0.005155,true,true
144,1463,153,0.137730,0.012073,2.181210,29.183447,0.003543,true,true
146,1463,290,0.136064,0.012030,3.744361,51.530982,0.006255,true,true
145,760,361,0.083819,0.012029,4.813406,67.544417,0.008199,true,true
148,1425,209,0.138640,0.012152,3.215365,43.939469,0.005334,true,true
147,1418,346,0.137577,0.012133,5.004768,69.509576,0.008438,true,true
150,1018,269,0.106684,0.012275,3.898387,54.150258,0.006573,true,true
151,1504,250,0.146680,0.012333,3.642844,49.929589,0.006061,true,true
149,1484,358,0.139846,0.012294,5.188868,72.106339,0.008753,true,true
152,670,274,0.067654,0.012323,4.055452,56.950739,0.006913,true,true
153,1199,291,0.118522,0.012320,4.202994,58.331370,0.007081,true,true
154,677,198,0.066117,0.012320,2.939437,41.034606,0.004981,true,true
155,1296,206,0.124666,0.012309,2.973509,40.685037,0.004939,true,true
156,643,340,0.070094,0.012223,4.873930,68.604789,0.008328,true,true
158,1372,327,0.210888,0.012231,4.595023,62.610930,0.007600,true,true
157,1466,340,0.137075,0.012232,4.808152,66.708826,0.008098,true,true
160,1232,280,0.121230,0.012295,4.025421,55.756731,0.006768,true,true
159,552,322,0.062301,0.012271,4.590076,64.662278,0.007849,true,true
161,1370,240,0.133101,0.012301,3.419884,46.939374,0.005698,true,true
164,1340,212,0.131889,0.012216,2.783494,37.868231,0.004597,true,true
163,1308,300,0.133209,0.012207,3.981629,54.960241,0.006672,true,true
162,1070,351,0.108655,0.012210,4.702341,65.603572,0.007964,true,true
165,773,141,0.075664,0.012090,1.768259,24.172376,0.002934,true,true
166,567,170,0.055589,0.011950,2.502361,34.942960,0.004242,true,true
170,1288,270,0.121903,0.012281,3.689687,50.952421,0.006185,true,true
169,1443,295,0.140076,0.012270,4.131563,57.003423,0.006920,true,true
168,1044,322,0.098301,0.012247,4.607816,64.401517,0.007818,true,true
167,789,364,0.084424,0.012233,5.264461,73.977408,0.008980,true,true
172,1475,137,0.143102,0.012323,1.942359,25.695645,0.003119,true,true
171,1375,257,0.133768,0.012287,3.539226,48.634197,0.005904,true,true
174,652,148,0.067869,0.011969,1.923091,26.494885,0.003216,true,true
173,618,307,0.070197,0.011991,4.217624,59.230440,0.007190,true,true
175,1018,230,0.097752,0.011997,3.164142,43.791889,0.005316,true,true
177,746,239,0.075609,0.012069,3.117007,43.434956,0.005273,true,true
176,824,250,0.080587,0.012065,3.325342,46.339151,0.005625,true,true
179,746,211,0.075475,0.012069,2.609939,36.195310,0.004394,true,true
178,1036,316,0.108511,0.012007,4.032620,56.041183,0.006803,true,true
180,733,141,0.070597,0.011843,1.728606,23.678441,0.002874,true,true
181,1280,331,0.119204,0.011889,4.330301,60.139716,0.007300,true,true
182,918,166,0.098529,0.011986,2.277035,31.111784,0.003777,true,true
183,1009,180,0.101665,0.011978,2.409610,32.960342,0.004001,true,true
184,1129,189,0.113090,0.011938,2.533929,34.572597,0.004197,true,true
186,1270,163,0.118696,0.011987,2.173481,29.344897,0.003562,true,true
187,1210,134,0.123250,0.011991,1.858264,24.778159,0.003008,true,true
185,596,305,0.064466,0.011975,4.193064,58.961540,0.007157,true,true
188,1515,182,0.147453,0.012040,2.573719,34.650115,0.004206,true,true
190,1403,218,0.133219,0.012114,2.961555,40.392171,0.004903,true,true
189,1253,363,0.125493,0.012091,4.898695,68.167294,0.008275,true,true
192,1061,293,0.109713,0.012085,3.800265,52.705706,0.006398,true,true
191,1065,375,0.109222,0.012086,5.120489,71.567166,0.008687,true,true
193,689,270,0.066596,0.012099,3.862930,54.216402,0.006581,true,true
198,1077,133,0.108736,0.012426,2.054002,27.780823,0.003372,true,true
196,1177,221,0.210115,0.012399,3.599812,48.409120,0.005876,true,true
199,903,171,0.092541,0.012508,2.578679,35.505163,0.004310,true,true
197,1238,260,0.122166,0.012447,3.892364,53.843135,0.006536,true,true
195,1288,300,0.124300,0.012419,4.609489,64.054099,0.007775,true,true
194,1011,365,0.104689,0.012363,5.659481,79.329371,0.009630,true,true
200,1344,378,0.135356,0.012436,5.452968,75.942154,0.009219,true,true
201,1004,371,0.102928,0.012429,5.236466,73.313345,0.008899,true,true
202,1517,357,0.142764,0.012393,4.949012,68.639239,0.008332,true,true
203,702,278,0.072829,0.012345,3.819039,53.500573,0.006494,true,true
204,1010,284,0.106356,0.012331,3.827452,53.141900,0.006451,true,true
205,1267,370,0.123950,0.012192,4.736417,65.871795,0.007996,true,true
206,1216,345,0.122756,0.012147,4.301363,59.675731,0.007244,true,true
207,1189,308,0.111085,0.012121,4.330956,60.265035,0.007316,true,true
209,759,226,0.083758,0.012245,3.269506,45.496473,0.005523,true,true
210,891,226,0.091974,0.012273,3.305407,45.891833,0.005571,true,true
208,1066,284,0.109390,0.012237,4.181920,58.160815,0.007060,true,true
212,1091,179,0.103515,0.012309,2.505214,34.299258,0.004164,true,true
211,1503,269,0.148525,0.012266,3.748757,51.415810,0.006241,true,true
214,1131,135,0.115390,0.012097,1.870821,25.069746,0.003043,true,true
213,1118,244,0.112066,0.012122,3.615820,50.037996,0.006074,true,true
215,771,268,0.073845,0.012123,3.689153,51.631120,0.006267,true,true
216,623,277,0.095631,0.012124,3.759601,52.326084,0.006352,true,true
218,537,273,0.061608,0.012158,3.697714,51.928132,0.006303,true,true
220,617,257,0.062428,0.012169,3.315746,46.461458,0.005640,true,true
219,1414,302,0.135531,0.012159,4.177709,57.727361,0.007007,true,true
217,770,379,0.074848,0.012155,5.341948,75.220778,0.009131,true,true
221,1490,186,0.139919,0.012159,2.679772,36.272271,0.004403,true,true
224,1134,171,0.117087,0.012076,2.170065,29.319092,0.003559,true,true
223,621,205,0.120975,0.012052,2.685766,36.628423,0.004446,true,true
222,1332,379,0.124668,0.011962,4.885098,67.984902,0.008253,true,true
225,754,341,0.076639,0.012026,4.579724,64.309677,0.007806,true,true
227,1418,280,0.138573,0.012100,3.705192,50.935785,0.006183,true,true
226,974,322,0.102699,0.012073,4.300362,59.947871,0.007277,true,true
229,635,178,0.071679,0.012089,2.211466,30.558837,0.003710,true,true
228,1390,284,0.139728,0.012073,4.057353,55.948592,0.006792,true,true
231,678,208,0.068035,0.012238,3.210699,44.881172,0.005448,true,true
230,937,236,0.091675,0.012232,3.641186,50.691449,0.006153,true,true
232,665,208,0.199760,0.012268,3.156486,42.225739,0.005126,true,true
235,1441,164,0.133789,0.012338,2.335625,31.444971,0.003817,true,true
234,986,275,0.101105,0.012258,3.783918,52.595169,0.006384,true,true
233,1434,368,0.197560,0.012225,5.421035,74.597755,0.009055,true,true
236,1053,229,0.099285,0.012239,3.301201,45.727375,0.005551,true,true
237,972,204,0.102190,0.012210,2.900497,39.963315,0.004851,true,true
238,803,164,0.078368,0.012136,2.530539,35.020075,0.004251,true,true
239,1141,275,0.133970,0.012204,4.084333,56.416118,0.006848,true,true
240,1471,283,0.143351,0.012217,4.058806,55.917599,0.006788,true,true
242,1408,169,0.139219,0.012305,2.445703,32.939472,0.003998,true,true
244,564,174,0.056962,0.012318,2.586663,36.127291,0.004385,true,true
241,1069,384,0.110066,0.012292,5.532071,77.433011,0.009400,true,true
243,1396,293,0.132183,0.012331,4.186891,57.906295,0.007029,true,true
245,554,265,0.055827,0.012302,3.647971,51.300296,0.006227,true,true
247,1417,270,0.133119,0.012264,3.808213,52.484937,0.006371,true,true
246,870,368,0.089449,0.012239,5.088716,71.395778,0.008667,true,true
248,1404,379,0.133336,0.012231,5.113286,71.119901,0.008633,true,true
250,1169,181,0.110240,0.012145,2.407162,32.802917,0.003982,true,true
249,1474,306,0.144956,0.012118,4.164457,57.403505,0.006968,true,true
255,1339,128,0.125689,0.012337,2.004390,26.830207,0.003257,true,true
251,1187,338,0.117914,0.012189,4.993912,69.635351,0.008453,true,true
252,1102,333,0.114913,0.012810,5.391104,75.350600,0.009147,true,true
254,1028,293,0.103920,0.013473,4.906954,68.593324,0.008326,true,true
258,617,232,0.070772,0.013996,3.815425,53.478326,0.006492,true,true
260,1504,190,0.144988,0.014348,3.154495,42.979523,0.005217,true,true
253,587,360,0.060030,0.013410,5.918632,83.668169,0.010156,true,true
261,1002,209,0.214889,0.014174,3.366385,45.007302,0.005463,true,true
256,1458,339,0.135775,0.013505,5.388870,75.020775,0.009107,true,true
259,780,275,0.086937,0.013743,4.289512,60.018026,0.007286,true,true
257,1252,383,0.205981,0.013342,5.874070,80.947405,0.009826,true,true
262,540,336,0.062329,0.013357,4.687099,66.047498,0.008017,true,true
263,744,364,0.080977,0.013236,5.068394,71.226551,0.008646,true,true
264,827,383,0.081775,0.012243,5.280330,74.241861,0.009012,true,true
268,791,163,0.082644,0.012291,2.200176,30.241006,0.003671,true,true
265,1109,267,0.107565,0.012238,3.985365,55.379828,0.006722,true,true
267,808,324,0.086438,0.012281,4.459769,62.456629,0.007582,true,true
269,1361,302,0.134504,0.012290,4.038622,55.755690,0.006768,true,true
270,1059,129,0.103262,0.012296,1.782403,23.980243,0.002911,true,true
266,1500,369,0.145907,0.012254,5.390911,74.905221,0.009093,true,true
271,1123,378,0.115830,0.012151,5.264196,73.525106,0.008925,true,true
272,1426,375,0.134908,0.012183,5.204744,72.403595,0.008789,true,true
273,1284,361,0.119666,0.012188,4.901113,68.285046,0.008289,true,true
274,898,250,0.088902,0.012261,3.450644,48.009875,0.005828,true,true
276,1480,323,0.196723,0.012211,4.280724,58.324645,0.007080,true,true
275,990,338,0.096874,0.012201,4.497887,62.851958,0.007630,true,true
277,823,381,0.090268,0.012153,4.913221,68.877810,0.008361,true,true
278,770,297,0.078158,0.012068,4.140131,58.010046,0.007042,true,true
280,1447,135,0.140084,0.012137,2.114327,28.194663,0.003423,true,true
279,1413,179,0.137079,0.012100,2.772881,37.642545,0.004569,true,true
281,1351,207,0.137053,0.012129,2.978150,40.574414,0.004925,true,true
283,1326,169,0.130961,0.012082,2.280797,30.702347,0.003727,true,true
282,1054,301,0.171293,0.012110,4.280971,58.691343,0.007124,true,true
285,1511,146,0.151647,0.012073,1.995763,26.336295,0.003197,true,true
284,1290,290,0.131190,0.012038,3.843415,53.015210,0.006435,true,true
286,992,275,0.096232,0.011936,3.366797,46.707756,0.005670,true,true
287,697,350,0.067188,0.011868,4.764688,67.086175,0.008144,true,true
289,1125,142,0.109781,0.012271,2.315845,31.505352,0.003824,true,true
291,1394,202,0.131045,0.012298,2.888477,39.379580,0.004780,true,true
292,1355,220,0.132906,0.012289,2.983903,40.715802,0.004942,true,true
290,626,278,0.131334,0.012246,4.015350,55.468600,0.006733,true,true
288,717,355,0.073021,0.012224,5.207810,73.331206,0.008902,true,true
293,673,323,0.067280,0.012246,4.331300,60.895535,0.007392,true,true
294,1005,382,0.094746,0.012179,5.040730,70.634831,0.008574,true,true
295,805,246,0.078576,0.012105,3.387048,47.249123,0.005736,true,true
298,835,165,0.086576,0.012164,2.429258,33.456434,0.004061,true,true
296,1032,363,0.108322,0.012143,4.983768,69.627465,0.008452,true,true
297,531,366,0.060800,0.012143,4.920190,69.398165,0.008424,true,true
299,1219,281,0.114205,0.012144,3.748430,51.901279,0.006300,true,true
300,1380,256,0.130116,0.012134,3.330181,45.700923,0.005548,true,true
301,1130,229,0.117835,0.012117,2.880608,39.455855,0.004790,true,true
302,1501,182,0.138923,0.011944,2.416986,32.533592,0.003949,true,true
303,1247,279,0.124289,0.011904,3.433651,47.261831,0.005737,true,true
304,1116,139,0.104572,0.011805,1.733598,23.264523,0.002824,true,true
305,1322,268,0.122952,0.012007,3.702935,51.126632,0.006206,true,true
307,1098,245,0.106414,0.012118,3.332600,46.073968,0.005593,true,true
306,612,382,0.175756,0.012045,5.137307,70.857148,0.008601,true,true
308,1233,240,0.126658,0.012135,3.237874,44.432060,0.005394,true,true
309,1025,198,0.106591,0.012121,2.608995,35.737462,0.004338,true,true
310,592,286,0.058764,0.012038,3.857424,54.249620,0.006585,true,true
311,580,314,0.057738,0.012042,4.218619,59.422579,0.007213,true,true
313,1362,217,0.131555,0.012123,2.948231,40.225646,0.004883,true,true
312,696,279,0.073029,0.012087,3.757886,52.624363,0.006388,true,true
314,1261,384,0.122379,0.012065,4.962538,69.123517,0.008391,true,true
315,848,259,0.088629,0.012027,3.442671,47.899903,0.005815,true,true
317,1205,186,0.121245,0.012046,2.506075,34.058350,0.004134,true,true
316,1498,279,0.142013,0.012041,3.758203,51.643716,0.006269,true,true
318,666,200,0.066741,0.012021,2.550898,35.476868,0.004306,true,true
319,974,331,0.095035,0.011910,4.142926,57.808940,0.007017,true,true
320,1261,174,0.124835,0.011921,2.374050,32.121606,0.003899,true,true
321,540,263,0.055131,0.011972,3.542426,49.802924,0.006046,true,true
322,1443,316,0.141709,0.012056,4.403549,60.864400,0.007388,true,true
324,1272,183,0.129780,0.012174,2.592715,35.173791,0.004270,true,true
325,1477,140,0.141249,0.012212,2.084670,27.754480,0.003369,true,true
323,1048,323,0.108626,0.012110,4.509345,62.847764,0.007629,true,true
326,1183,241,0.117967,0.012104,3.287715,45.267957,0.005495,true,true
328,750,199,0.075415,0.012039,2.516644,34.863802,0.004232,true,true
327,1462,282,0.141504,0.012033,3.652050,50.134992,0.006086,true,true
329,588,283,0.094177,0.011973,3.470584,48.219312,0.005853,true,true
330,749,177,0.071827,0.011929,2.373881,32.876196,0.003991,true,true
332,1370,207,0.139022,0.011975,2.776276,37.663276,0.004572,true,true
331,789,326,0.077266,0.011961,4.352644,61.057747,0.007412,true,true
334,1084,144,0.113578,0.012059,2.240888,30.380646,0.003688,true,true
333,714,378,0.077396,0.012104,5.145178,72.374263,0.008785,true,true
338,1077,225,0.180643,0.012197,3.046577,40.929128,0.004968,true,true
337,1264,311,0.131550,0.012198,4.202276,58.135052,0.007057,true,true
336,995,313,0.100973,0.012197,4.313720,60.163285,0.007303,true,true
335,956,355,0.101040,0.012175,4.911985,68.706306,0.008340,true,true
339,1443,174,0.135900,0.012066,2.372889,31.947010,0.003878,true,true
340,555,153,0.064448,0.011956,1.976849,27.311476,0.003315,true,true
341,1010,192,0.095217,0.011861,2.448757,33.611497,0.004080,true,true
342,932,163,0.090225,0.011870,2.101732,28.726834,0.003487,true,true
343,936,238,0.091368,0.011867,3.048260,42.228120,0.005126,true,true
344,989,296,0.100240,0.011899,3.821269,53.140949,0.006451,true,true
345,517,269,0.051704,0.011935,3.781109,53.260561,0.006465,true,true
346,808,194,0.079177,0.012068,2.999607,41.707387,0.005063,true,true
347,869,184,0.087485,0.012150,2.819752,39.020186,0.004737,true,true
350,1055,154,0.228429,0.012260,2.369468,30.576725,0.003712,true,true
351,1374,186,0.243120,0.012247,2.717093,35.331429,0.004289,true,true
348,564,195,0.065966,0.012240,2.964550,41.395407,0.005025,true,true
349,999,293,0.241729,0.012192,4.252610,57.280401,0.006953,true,true
355,575,159,0.066092,0.012074,1.973761,27.243897,0.003307,true,true
352,1487,357,0.146124,0.012123,4.647235,64.281492,0.007803,true,true
354,600,282,0.061346,0.012027,3.497147,49.067527,0.005956,true,true
353,735,359,0.077665,0.012016,4.494258,63.074468,0.007657,true,true
359,646,192,0.070681,0.012195,2.509886,34.834895,0.004229,true,true
356,1334,346,0.124022,0.012092,4.674094,64.980711,0.007888,true,true
358,677,292,0.151828,0.012157,3.862132,52.987779,0.006432,true,true
357,1516,355,0.150125,0.012127,4.681056,64.707367,0.007855,true,true
360,1177,323,0.118322,0.012111,4.018097,55.693670,0.006761,true,true
362,1393,178,0.130759,0.012009,2.553823,34.604371,0.004201,true,true
361,1115,360,0.104483,0.012083,5.034342,70.404546,0.008546,true,true
363,746,238,0.082612,0.012206,3.366431,46.897043,0.005693,true,true
366,706,288,0.071545,0.012250,4.006807,56.200468,0.006822,true,true
364,979,339,0.102939,0.012243,4.861936,67.964419,0.008250,true,true
365,1440,332,0.133711,0.012252,4.676802,64.881009,0.007876,true,true
367,1034,319,0.107029,0.012267,4.569147,63.724629,0.007735,true,true
368,1483,162,0.141883,0.012328,2.550432,34.397090,0.004175,true,true
369,686,175,0.128389,0.012314,2.628589,35.705980,0.004334,true,true
370,1275,194,0.121717,0.012250,2.724753,37.174613,0.004513,true,true
372,1378,154,0.131102,0.012145,1.989230,26.536393,0.003221,true,true
371,1187,190,0.113291,0.012144,2.536472,34.606050,0.004201,true,true
374,947,207,0.105988,0.012040,2.887624,39.725239,0.004822,true,true
375,971,183,0.103347,0.012117,2.518347,34.489218,0.004187,true,true
376,1264,186,0.125689,0.012122,2.460342,33.341759,0.004047,true,true
373,1151,308,0.107695,0.012045,4.352463,60.620596,0.007359,true,true
377,975,347,0.096892,0.012048,4.669262,65.299150,0.007927,true,true
378,565,264,0.061111,0.012042,3.666368,51.487579,0.006250,true,true
379,1071,286,0.137168,0.012051,3.909442,53.872789,0.006540,true,true
380,1230,131,0.115737,0.012179,2.034954,27.408817,0.003327,true,true
382,574,174,0.082368,0.012165,2.499744,34.523151,0.004191,true,true
385,1176,171,0.117460,0.012132,2.259034,30.584360,0.003713,true,true
384,1210,208,0.114665,0.012126,2.813626,38.544526,0.004679,true,true
381,805,333,0.086254,0.012143,4.565727,63.972473,0.007766,true,true
383,952,320,0.090499,0.012086,4.435697,62.054857,0.007533,true,true
386,830,208,0.090081,0.012057,3.073856,42.612033,0.005173,true,true
387,613,169,0.063451,0.012117,2.695204,37.584726,0.004562,true,true
393,624,131,0.063538,0.012809,2.183021,30.268874,0.003674,true,true
392,1143,151,0.112007,0.012863,2.671898,36.558432,0.004438,true,true
389,1360,267,0.126559,0.012858,4.581231,63.618280,0.007723,true,true
394,944,198,0.097940,0.013506,3.486838,48.397704,0.005875,true,true
390,745,304,0.080430,0.013194,5.290445,74.405527,0.009032,true,true
388,1380,376,0.130154,0.013038,6.429462,89.961991,0.010920,true,true
398,1237,164,0.123614,0.014030,2.782977,37.979025,0.004610,true,true
391,1092,377,0.103997,0.013248,6.195107,86.988664,0.010559,true,true
402,1341,138,0.125285,0.013225,1.937090,25.874842,0.003141,true,true
397,1290,245,0.132771,0.013755,3.976771,54.897122,0.006664,true,true
395,1104,295,0.112575,0.013506,4.832699,67.409278,0.008183,true,true
400,671,288,0.118841,0.013212,4.241775,58.880655,0.007147,true,true
396,1530,348,0.147585,0.013306,5.454779,75.793369,0.009200,true,true
399,598,351,0.069772,0.012995,5.014263,70.613503,0.008572,true,true
401,1340,341,0.128322,0.012669,4.759300,66.136155,0.008028,true,true
404,1253,173,0.116897,0.012147,2.660081,36.319846,0.004409,true,true
406,1332,168,0.132320,0.012267,2.441103,32.972314,0.004002,true,true
403,863,363,0.089213,0.012136,5.053176,70.891597,0.008605,true,true
408,856,167,0.092698,0.012265,2.200088,30.096167,0.003653,true,true
405,728,252,0.078162,0.012187,3.521216,49.171126,0.005969,true,true
409,745,227,0.072708,0.012139,2.930626,40.814642,0.004954,true,true
407,1147,301,0.110254,0.012155,4.277682,59.516089,0.007225,true,true
413,825,166,0.086369,0.012268,2.384146,32.815126,0.003983,true,true
410,1227,307,0.120026,0.012204,4.490042,62.409294,0.007576,true,true
412,1036,229,0.106010,0.012277,3.365840,46.554453,0.005651,true,true
411,814,248,0.086957,0.012270,3.675668,51.251271,0.006221,true,true
414,1523,365,0.150068,0.012293,5.224627,72.471049,0.008797,true,true
415,1431,293,0.137044,0.012322,4.202373,58.057979,0.007048,true,true
416,1159,205,0.111308,0.012303,3.083114,42.441118,0.005152,true,true
418,1074,156,0.110349,0.012317,2.311396,31.433712,0.003816,true,true
420,589,157,0.060857,0.012240,2.198685,30.530866,0.003706,true,true
421,1099,167,0.114569,0.012202,2.265399,30.716551,0.003729,true,true
417,1472,354,0.143724,0.012235,4.913392,68.116814,0.008269,true,true
419,663,286,0.072328,0.012215,3.839453,53.799261,0.006531,true,true
422,696,324,0.077804,0.012053,4.305772,60.380673,0.007330,true,true
423,596,358,0.068918,0.012079,4.950140,69.709955,0.008462,true,true
425,820,159,0.081579,0.012182,2.514603,34.746633,0.004218,true,true
426,1215,171,0.116642,0.012269,2.709551,37.029980,0.004495,true,true
427,865,148,0.086530,0.012312,2.321478,31.917849,0.003874,true,true
424,897,292,0.085460,0.012173,4.326650,60.569486,0.007352,true,true
431,1204,154,0.118630,0.012351,2.518219,34.269129,0.004160,true,true
432,1197,161,0.121986,0.012880,2.757563,37.639327,0.004569,true,true
428,1408,352,0.137800,0.012558,5.526653,76.959559,0.009342,true,true
429,837,314,0.089558,0.012594,4.932896,69.168922,0.008396,true,true
430,1091,326,0.111253,0.012595,5.003677,69.869927,0.008481,true,true
436,1314,194,0.134569,0.012806,2.850609,38.788447,0.004708,true,true
433,1303,273,0.130512,0.012689,4.246879,58.786877,0.007136,true,true
434,819,298,0.078126,0.012653,4.423114,62.051848,0.007532,true,true
435,801,307,0.083693,0.012641,4.462204,62.530606,0.007591,true,true
438,1184,193,0.121946,0.012542,2.741556,37.411309,0.004541,true,true
437,685,286,0.067247,0.012543,3.963983,55.650261,0.006755,true,true
439,703,344,0.069975,0.012171,4.830940,67.992532,0.008254,true,true
440,549,313,0.063549,0.012151,4.386935,61.743360,0.007495,true,true
441,950,302,0.092015,0.012142,4.189453,58.516532,0.007103,true,true
444,719,147,0.078162,0.012223,2.020997,27.746114,0.003368,true,true
443,793,207,0.076011,0.012212,2.971875,41.356562,0.005020,true,true
442,1507,226,0.141701,0.012207,3.344169,45.735242,0.005552,true,true
446,882,212,0.086362,0.012179,3.048543,42.303645,0.005135,true,true
445,780,320,0.080605,0.012183,4.443323,62.305076,0.007563,true,true
449,1431,247,0.141285,0.012185,3.332124,45.569175,0.005532,true,true
447,601,338,0.068676,0.012177,4.592387,64.604247,0.007842,true,true
448,998,355,0.101198,0.012173,4.867519,68.069020,0.008263,true,true
450,1145,368,0.110664,0.012156,4.909784,68.537440,0.008320,true,true
451,909,316,0.094883,0.012117,4.163363,58.102972,0.007053,true,true
452,1414,364,0.134281,0.012071,4.723413,65.538548,0.007956,true,true
453,1294,342,0.131933,0.012038,4.323812,59.865271,0.007267,true,true
454,920,198,0.096810,0.011928,2.506852,34.418411,0.004178,true,true
456,722,191,0.070921,0.012027,2.604669,36.185098,0.004392,true,true
455,618,374,0.064006,0.011967,5.194505,73.269950,0.008894,true,true
457,840,267,0.084356,0.012130,3.828568,53.472031,0.006491,true,true
458,813,351,0.081726,0.012233,5.018279,70.500139,0.008558,true,true
463,1164,178,0.109492,0.012357,2.511563,34.304568,0.004164,true,true
459,966,358,0.092815,0.012236,5.024711,70.433642,0.008550,true,true
461,1277,248,0.137209,0.012328,3.647561,50.132206,0.006085,true,true
460,566,340,0.063872,0.012330,5.097493,71.886395,0.008726,true,true
462,679,319,0.077255,0.012338,4.669951,65.589448,0.007962,true,true
464,1198,202,0.123926,0.012366,3.058062,41.903127,0.005087,true,true
467,522,168,0.055075,0.012311,2.517178,35.161905,0.004268,true,true
468,953,204,0.129104,0.012322,3.222791,44.181724,0.005363,true,true
469,1378,184,0.134380,0.012355,2.859778,38.922095,0.004725,true,true
465,1099,369,0.103582,0.012360,5.557024,77.881974,0.009454,true,true
473,1535,136,0.181366,0.012488,2.139886,27.970117,0.003395,true,true
466,796,368,0.083508,0.012371,5.630216,79.213915,0.009616,true,true
472,1448,160,0.137310,0.012475,2.656023,35.970377,0.004366,true,true
470,998,282,0.100624,0.012412,4.352046,60.715619,0.007370,true,true
474,1007,201,0.104016,0.012388,2.879988,39.644359,0.004812,true,true
471,1000,342,0.098827,0.012374,4.987770,69.820218,0.008475,true,true
476,1365,223,0.138637,0.012319,3.052777,41.617559,0.005052,true,true
475,515,308,0.054969,0.012243,4.119746,58.050104,0.007047,true,true
477,687,312,0.070675,0.012098,3.945987,55.344298,0.006718,true,true
478,553,327,0.066615,0.012086,4.065368,57.107192,0.006932,true,true
479,601,326,0.060293,0.011909,4.275244,60.194770,0.007307,true,true
480,1031,136,0.101642,0.012004,1.969783,26.679400,0.003239,true,true
481,650,304,0.069652,0.012035,3.983586,55.895867,0.006785,true,true
482,724,298,0.076455,0.012040,3.849856,53.888878,0.006542,true,true
483,1233,301,0.120180,0.012038,3.814098,52.753765,0.006404,true,true
484,870,365,0.091124,0.011963,4.583870,64.162034,0.007789,true,true
485,1492,221,0.142850,0.011965,2.983049,40.561597,0.004924,true,true
487,924,150,0.123321,0.011979,1.966401,26.321489,0.003195,true,true
486,641,362,0.067280,0.011955,4.914941,69.230665,0.008404,true,true
488,597,289,0.063116,0.011963,3.894729,54.720218,0.006642,true,true
490,903,274,0.087092,0.012189,3.807762,53.135808,0.006450,true,true
491,609,297,0.067784,0.012231,4.139556,58.149988,0.007059,true,true
489,1327,370,0.125197,0.012223,5.231725,72.927603,0.008853,true,true
492,1265,351,0.125782,0.012251,4.875336,67.829569,0.008234,true,true
493,1412,325,0.132348,0.012333,4.714300,65.436001,0.007943,true,true
495,1264,264,0.129538,0.012336,3.757690,51.814545,0.006290,true,true
496,1381,168,0.133095,0.012334,2.448333,33.064495,0.004014,true,true
494,894,382,0.092507,0.012320,5.416540,76.033852,0.009230,true,true
497,881,278,0.091245,0.012308,4.092050,57.136493,0.006936,true,true
498,675,295,0.066712,0.012324,4.341084,61.043384,0.007410,true,true
500,1384,213,0.138476,0.012431,3.550601,48.729397,0.005915,true,true
503,629,166,0.063883,0.012651,2.636961,36.746762,0.004461,true,true
499,1139,356,0.111190,0.012524,5.581069,78.116713,0.009483,true,true
505,839,143,0.081364,0.012937,2.382500,32.863099,0.003989,true,true
506,1409,145,0.133537,0.012935,2.329558,31.361918,0.003807,true,true
508,578,206,0.057584,0.012796,3.168133,44.422524,0.005392,true,true
502,1234,350,0.196152,0.012681,5.656003,77.973496,0.009465,true,true
501,1231,356,0.117151,0.012679,5.767594,80.695381,0.009796,true,true
504,1343,314,0.128860,0.012729,5.033678,70.046938,0.008503,true,true
507,995,315,0.114813,0.012722,4.725802,65.850687,0.007994,true,true
510,669,198,0.069900,0.012593,2.927303,40.807289,0.004954,true,true
509,1271,318,0.130789,0.012545,4.680908,64.981393,0.007888,true,true
512,1023,186,0.102107,0.012425,2.689808,36.955608,0.004486,true,true
511,1327,288,0.125348,0.012416,4.073903,56.390298,0.006845,true,true
514,753,262,0.075215,0.012233,3.400161,47.484392,0.005764,true,true
515,1425,237,0.137147,0.012105,2.993855,40.797355,0.004952,true,true
513,893,383,0.164983,0.012210,5.033628,69.530348,0.008440,true,true
517,789,165,0.086509,0.011996,2.294840,31.537733,0.003828,true,true
518,1423,172,0.132783,0.012037,2.300077,30.951660,0.003757,true,true
516,1096,379,0.102788,0.012020,5.148773,72.062976,0.008748,true,true
519,1166,305,0.116113,0.012062,4.041785,56.063513,0.006805,true,true
520,1106,281,0.106561,0.012055,3.848991,53.446565,0.006488,true,true
522,760,230,0.081121,0.012097,3.261074,45.413698,0.005513,true,true
521,868,313,0.092212,0.012138,4.709434,65.939700,0.008004,true,true
525,777,172,0.081386,0.012420,2.676258,37.058016,0.004498,true,true
527,1350,165,0.130603,0.012461,2.480224,33.555520,0.004073,true,true
528,1161,165,0.127590,0.012461,2.368624,32.004762,0.003885,true,true
529,1217,193,0.116396,0.012422,2.646088,36.127169,0.004385,true,true
524,1267,367,0.190889,0.012316,5.388681,74.230971,0.009011,true,true
523,996,380,0.095044,0.012311,5.766984,81.002391,0.009833,true,true
526,1327,373,0.148083,0.012337,5.427614,75.398300,0.009153,true,true
530,884,194,0.092649,0.012216,2.708997,37.364709,0.004536,true,true
531,625,191,0.062601,0.012166,2.572195,35.840146,0.004351,true,true
532,1134,212,0.113635,0.012067,2.854102,39.137296,0.004751,true,true
533,973,305,0.094885,0.012055,4.030552,56.206236,0.006823,true,true
534,1093,168,0.107111,0.012032,2.363785,32.228126,0.003912,true,true
535,1074,192,0.111827,0.012023,2.667119,36.492772,0.004430,true,true
536,703,214,0.070245,0.012007,2.818923,39.254563,0.004765,true,true
537,827,215,0.088984,0.011993,2.922798,40.470400,0.004913,true,true
538,1203,149,0.122599,0.011982,2.050848,27.537812,0.003343,true,true
539,570,169,0.064442,0.011983,2.531799,35.236933,0.004277,true,true
540,1054,235,0.124683,0.012045,3.498997,48.189428,0.005850,true,true
541,1365,143,0.135397,0.012118,2.285197,30.701830,0.003727,true,true
544,634,208,0.065844,0.012237,2.923956,40.817412,0.004955,true,true
542,1105,282,0.108089,0.012212,4.050987,56.309513,0.006835,true,true
543,1343,280,0.130751,0.012225,3.927953,54.228797,0.006583,true,true
546,806,288,0.085969,0.012185,3.691936,51.497715,0.006251,true,true
545,1503,365,0.150250,0.012145,4.756727,65.786250,0.007986,true,true
547,1165,304,0.109473,0.012061,3.908478,54.254539,0.006586,true,true
551,800,177,0.080787,0.012182,2.425447,33.484679,0.004065,true,true
548,779,317,0.084578,0.012116,4.441185,62.217795,0.007553,true,true
550,762,264,0.073112,0.012162,3.656447,51.174507,0.006212,true,true
549,729,291,0.075210,0.012151,4.056832,56.862535,0.006902,true,true
553,839,295,0.085113,0.012180,3.915411,54.701435,0.006640,true,true
552,1298,342,0.158398,0.012187,4.872978,67.330099,0.008173,true,true
554,1152,225,0.112112,0.012190,3.213834,44.296468,0.005377,true,true
555,1532,367,0.148655,0.012234,5.353517,74.331926,0.009023,true,true
557,1317,362,0.220747,0.012262,5.145248,70.328018,0.008537,true,true
556,1143,382,0.117842,0.012267,5.411871,75.605361,0.009178,true,true
558,952,308,0.099963,0.012487,4.779202,66.825385,0.008112,true,true
560,1475,274,0.141197,0.012557,4.288817,59.233204,0.007190,true,true
563,1261,151,0.119119,0.012690,2.455567,33.367406,0.004050,true,true
559,1088,381,0.160437,0.012524,5.775692,80.192865,0.009735,true,true
562,1053,315,0.110028,0.012555,4.689778,65.404544,0.007939,true,true
561,732,348,0.080840,0.012537,5.167578,72.644982,0.008818,true,true
566,1084,188,0.107576,0.012603,2.902653,39.917190,0.004846,true,true
564,910,313,0.087395,0.012560,4.797163,67.261367,0.008165,true,true
565,662,325,0.064601,0.012661,5.139113,72.470369,0.008797,true,true
570,604,147,0.065589,0.012746,2.470198,34.340821,0.004169,true,true
567,710,329,0.074169,0.012721,5.173109,72.819244,0.008839,true,true
568,1206,315,0.124034,0.012663,4.914359,68.411831,0.008304,true,true
572,817,199,0.079850,0.012835,3.155459,43.923552,0.005332,true,true
573,1164,211,0.118303,0.012899,3.344786,46.078221,0.005593,true,true
569,919,333,0.090997,0.012714,5.186786,72.774235,0.008834,true,true
571,1194,370,0.115834,0.013101,6.097981,85.432551,0.010371,true,true
574,1124,300,0.110976,0.013473,5.131724,71.702562,0.008704,true,true
579,978,154,0.101081,0.014209,2.855163,39.331725,0.004774,true,true
575,1515,281,0.143913,0.013640,4.815446,66.715335,0.008099,true,true
581,1008,144,0.104500,0.014533,2.674630,36.704667,0.004456,true,true
576,546,316,0.054968,0.013599,5.225790,73.845793,0.008964,true,true
577,736,341,0.077326,0.013478,5.476253,77.103422,0.009359,true,true
585,1477,159,0.138484,0.013484,2.357474,31.689944,0.003847,true,true
582,737,225,0.079972,0.013697,3.569299,49.831954,0.006049,true,true
578,566,370,0.059519,0.013332,5.739761,81.120949,0.009847,true,true
580,861,322,0.092919,0.013368,4.971031,69.665546,0.008457,true,true
584,929,338,0.123121,0.013159,4.783091,66.550191,0.008078,true,true
583,1154,342,0.172034,0.013145,4.967663,68.487574,0.008314,true,true
586,936,294,0.098263,0.012303,3.703124,51.481918,0.006249,true,true
587,1491,320,0.138030,0.012022,4.454814,61.649062,0.007484,true,true
588,866,363,0.084169,0.012060,4.849293,68.051915,0.008261,true,true
589,1213,309,0.125111,0.012238,4.503747,62.532404,0.007591,true,true
591,1016,270,0.107602,0.012304,3.831891,53.187510,0.006456,true,true
592,972,280,0.094716,0.012327,3.999197,55.760871,0.006769,true,true
590,1053,375,0.104721,0.012314,5.362720,75.090808,0.009115,true,true
594,1226,268,0.119894,0.012343,3.677992,50.814089,0.006168,true,true
595,1289,330,0.129752,0.012430,4.866709,67.649667,0.008212,true,true
593,936,378,0.091078,0.012418,5.654574,79.453683,0.009645,true,true
596,811,276,0.087912,0.012519,4.244249,59.357696,0.007205,true,true
597,673,305,0.117158,0.012523,4.710253,65.595128,0.007963,true,true
601,974,247,0.268449,0.013111,3.939448,52.426459,0.006364,true,true
600,1002,252,0.098783,0.013110,4.048073,56.400806,0.006846,true,true
603,717,198,0.152319,0.013171,3.142349,42.701356,0.005183,true,true
599,1067,267,0.102776,0.013093,4.431784,61.823647,0.007505,true,true
602,1358,297,0.223549,0.013029,4.618899,62.771091,0.007620,true,true
598,1037,373,0.105640,0.012882,5.844324,81.955591,0.009948,true,true
607,633,173,0.065698,0.013020,2.398214,33.311240,0.004044,true,true
608,987,147,0.102344,0.012363,1.907336,25.777550,0.003129,true,true
604,835,336,0.147919,0.012819,4.837617,66.974753,0.008130,true,true
606,1100,292,0.114636,0.012680,4.041660,56.082814,0.006808,true,true
605,1486,372,0.146328,0.012620,5.168809,71.727306,0.008707,true,true
610,872,146,0.091059,0.011873,1.812649,24.586470,0.002985,true,true
609,870,341,0.084720,0.011888,4.209303,58.904208,0.007150,true,true
612,1104,147,0.179157,0.012147,2.435368,32.221508,0.003911,true,true
614,1523,196,0.141121,0.012225,2.866883,38.927295,0.004725,true,true
613,731,299,0.171457,0.012246,4.356536,59.768154,0.007255,true,true
611,1325,381,0.123219,0.012261,5.697518,79.607953,0.009664,true,true
615,1470,267,0.145148,0.012348,3.899182,53.612301,0.006508,true,true
617,1451,259,0.135551,0.012348,3.585097,49.263834,0.005980,true,true
616,742,297,0.074729,0.012322,4.186696,58.724030,0.007128,true,true
618,540,300,0.060737,0.012239,4.081846,57.426464,0.006971,true,true
619,907,217,0.086389,0.012198,3.092809,42.935433,0.005212,true,true
623,1020,131,0.105753,0.012203,1.896713,25.577152,0.003105,true,true
622,890,199,0.089530,0.012197,2.857773,39.533975,0.004799,true,true
620,1342,346,0.128793,0.012178,4.834474,67.203007,0.008158,true,true
621,689,333,0.070101,0.012160,4.638778,65.246427,0.007920,true,true
624,994,356,0.105761,0.012207,5.044530,70.531790,0.008562,true,true
627,995,159,0.096145,0.012231,2.376328,32.563854,0.003953,true,true
625,1187,282,0.119842,0.012224,4.048973,56.112905,0.006811,true,true
626,535,261,0.058804,0.012204,3.763901,52.913424,0.006423,true,true
629,1148,188,0.109009,0.012277,2.870448,39.436804,0.004787,true,true
628,1465,285,0.146582,0.012295,4.277140,58.989530,0.007161,true,true
631,960,196,0.100608,0.012287,2.949311,40.683035,0.004938,true,true
630,1116,316,0.116845,0.012285,4.530092,63.026689,0.007651,true,true
633,1476,239,0.138057,0.012289,3.245127,44.372843,0.005386,true,true
632,1443,319,0.142219,0.012247,4.355773,60.174808,0.007305,true,true
635,1252,167,0.125225,0.012173,2.217062,29.874053,0.003626,true,true
634,679,356,0.067604,0.012080,4.762824,67.053610,0.008140,true,true
636,741,159,0.080586,0.011903,2.180285,29.986320,0.003640,true,true
638,1416,187,0.137925,0.012033,2.516012,33.962056,0.004123,true,true
637,926,204,0.096627,0.012026,2.809178,38.738617,0.004702,true,true
639,1513,174,0.142917,0.012018,2.354019,31.577299,0.003833,true,true
640,1424,156,0.132993,0.012021,2.257928,30.346730,0.003684,true,true
642,1458,285,0.144001,0.012182,3.992222,54.957398,0.006671,true,true
641,1362,361,0.126709,0.012157,5.027111,69.983864,0.008495,true,true
643,1322,258,0.127151,0.012213,3.531493,48.618251,0.005902,true,true
645,1217,160,0.173242,0.012284,2.188107,28.774782,0.003493,true,true
644,958,165,0.098259,0.012272,2.286065,31.244605,0.003793,true,true
646,635,163,0.065723,0.012149,2.033895,28.107954,0.003412,true,true
647,1478,144,0.136870,0.011943,2.055704,27.403348,0.003326,true,true
648,880,197,0.092264,0.011943,2.560462,35.248954,0.004279,true,true
649,1372,319,0.130133,0.011878,3.907488,53.945351,0.006548,true,true
653,1316,193,0.148741,0.012217,2.690965,36.306137,0.004407,true,true
654,968,129,0.101906,0.012274,1.778129,23.938553,0.002906,true,true
650,1295,357,0.120543,0.012067,4.930062,68.685950,0.008338,true,true
652,784,306,0.131524,0.012195,4.298102,59.503928,0.007223,true,true
651,1285,320,0.126274,0.012190,4.536980,62.990387,0.007646,true,true
655,1123,365,0.108471,0.012143,4.853424,67.763861,0.008226,true,true
656,1380,322,0.136464,0.012117,4.294268,59.378644,0.007208,true,true
658,1076,224,0.106339,0.012115,2.879253,39.600689,0.004807,true,true
659,743,144,0.076920,0.011968,1.978434,27.155996,0.003296,true,true
657,1018,363,0.106545,0.012058,4.833995,67.513899,0.008195,true,true
660,1370,136,0.135805,0.012075,2.213538,29.672621,0.003602,true,true
661,649,179,0.065370,0.012099,2.603752,36.251266,0.004401,true,true
662,1426,152,0.142903,0.012135,2.227838,29.775468,0.003614,true,true
664,956,156,0.095146,0.012156,2.369467,32.480144,0.003943,true,true
665,1104,247,0.109361,0.012180,3.534084,48.909319,0.005937,true,true
663,602,333,0.063886,0.012175,4.728200,66.612224,0.008086,true,true
668,1075,159,0.102565,0.012217,2.174702,29.592705,0.003592,true,true
667,805,241,0.081899,0.012175,3.246642,45.196482,0.005486,true,true
666,1165,292,0.109626,0.012145,3.963380,55.036420,0.006681,true,true
669,870,346,0.091596,0.012085,4.741661,66.408744,0.008061,true,true
670,608,304,0.063064,0.012059,4.138546,58.202980,0.007065,true,true
672,1348,204,0.127011,0.012161,2.848643,38.868303,0.004718,true,true
671,1292,291,0.131608,0.012116,4.023467,55.580613,0.006747,true,true
674,973,281,0.092365,0.012102,3.557891,49.492042,0.006008,true,true
673,888,370,0.096038,0.012091,5.015322,70.253530,0.008528,true,true
675,807,365,0.086365,0.012220,5.301413,74.477405,0.009041,true,true
680,902,154,0.145797,0.012649,2.340655,31.345312,0.003805,true,true
681,592,165,0.066156,0.012646,2.341761,32.498486,0.003945,true,true
676,1357,341,0.127321,0.012393,4.981925,69.329811,0.008416,true,true
678,928,297,0.089359,0.012460,4.308839,60.259446,0.007315,true,true
677,786,326,0.076182,0.012434,4.736344,66.552944,0.008079,true,true
683,1193,283,0.122308,0.012468,3.691617,50.974189,0.006188,true,true
679,1433,317,0.141218,0.012451,4.474061,61.878412,0.007511,true,true
682,956,373,0.094016,0.012340,4.849439,67.913384,0.008244,true,true
684,543,236,0.059623,0.011961,2.942596,41.172452,0.004998,true,true
685,752,373,0.080306,0.011857,5.082566,71.438530,0.008672,true,true
686,930,331,0.089072,0.012051,4.569626,63.987905,0.007767,true,true
687,1170,272,0.113451,0.012395,4.409538,61.353492,0.007448,true,true
688,1247,285,0.118457,0.012507,4.603775,64.055950,0.007776,true,true
690,1473,291,0.202608,0.012534,4.492861,61.270174,0.007438,true,true
689,1530,366,0.152783,0.012604,5.939930,82.647694,0.010033,true,true
692,965,202,0.094758,0.012909,3.530015,49.059772,0.005955,true,true
694,1187,245,0.181131,0.012873,3.924766,53.463788,0.006490,true,true
691,1271,288,0.127680,0.012810,4.735810,65.809858,0.007989,true,true
693,1367,279,0.208025,0.012833,4.489091,61.138974,0.007422,true,true
696,1203,259,0.124990,0.012734,3.805106,52.556656,0.006380,true,true
698,1233,214,0.117265,0.012582,2.998552,41.148380,0.004995,true,true
699,1512,222,0.144614,0.012564,2.982703,40.531465,0.004920,true,true
695,1015,383,0.106738,0.012669,5.514796,77.233830,0.009375,true,true
700,632,145,0.062136,0.012108,1.869931,25.817579,0.003134,true,true
697,1512,379,0.148994,0.012365,5.203665,72.187010,0.008763,true,true
701,664,152,0.071818,0.011903,1.995165,27.467801,0.003334,true,true
702,1356,198,0.136571,0.011885,2.570782,34.763569,0.004220,true,true
703,985,162,0.100245,0.011913,2.189314,29.834514,0.003622,true,true
705,1276,158,0.123879,0.013683,3.256738,44.741154,0.005431,true,true
707,1354,134,0.537583,0.014957,3.148752,37.290751,0.004527,true,true
704,530,239,0.059070,0.013655,4.597917,64.820410,0.007868,true,true
712,1324,168,0.145634,0.014992,3.112266,42.367223,0.005143,true,true
710,709,204,0.414783,0.014884,4.119066,52.901796,0.006422,true,true
709,1393,219,0.509083,0.014764,4.476140,56.654533,0.006877,true,true
715,677,144,0.068392,0.014383,2.371740,32.894693,0.003993,true,true
708,1074,274,0.523483,0.014393,5.201152,66.802961,0.008109,true,true
717,626,132,0.065620,0.013659,1.920671,26.492443,0.003216,true,true
711,1028,309,0.281704,0.014170,5.297810,71.636270,0.008696,true,true
714,974,281,0.102850,0.014012,4.449356,62.073541,0.007535,true,true
706,1501,377,0.141606,0.013837,6.613016,92.419813,0.011219,true,true
713,1343,363,0.129214,0.013855,5.659784,78.983447,0.009588,true,true
716,1288,321,0.122232,0.013205,4.585660,63.743330,0.007738,true,true
719,1190,176,0.120633,0.012078,2.494464,33.901284,0.004115,true,true
718,681,383,0.072057,0.012246,5.121272,72.109109,0.008753,true,true
720,599,245,0.065994,0.012034,3.260609,45.623089,0.005538,true,true
721,1485,266,0.149126,0.012032,3.458579,47.263136,0.005737,true,true
722,664,271,0.173669,0.012029,3.478133,47.191870,0.005729,true,true
723,579,219,0.062480,0.011932,2.771786,38.692287,0.004697,true,true
724,1156,136,0.119005,0.011830,1.716004,22.807151,0.002769,true,true
725,807,331,0.077002,0.011918,4.743630,66.645279,0.008090,true,true
726,1124,211,0.111316,0.012262,3.550504,49.115898,0.005962,true,true
728,798,168,0.085147,0.012463,2.832718,39.238749,0.004763,true,true
729,1220,155,0.115906,0.012571,2.604310,35.537513,0.004314,true,true
730,987,166,0.123269,0.012561,2.759857,37.653781,0.004571,true,true
727,1308,297,0.124165,0.012420,4.647573,64.599916,0.007842,true,true
734,1290,171,0.124504,0.012530,2.424787,32.850917,0.003988,true,true
731,1324,295,0.133125,0.012723,5.056281,70.308821,0.008535,true,true
733,1240,320,0.124094,0.013437,5.613116,78.390099,0.009516,true,true
732,1071,358,0.208582,0.013451,6.328756,87.403735,0.010610,true,true
735,1116,254,0.109440,0.014362,4.815953,67.214891,0.008159,true,true
738,730,174,0.179689,0.015679,3.648608,49.540499,0.006014,true,true
740,1064,180,0.103523,0.015804,3.588941,49.776132,0.006042,true,true
743,1236,175,0.220561,0.015960,3.591325,48.138728,0.005844,true,true
742,1347,180,0.127482,0.015961,3.798847,52.431677,0.006365,true,true
736,680,265,0.077343,0.015206,5.466850,76.968908,0.009343,true,true
737,827,327,0.090773,0.015099,6.425949,90.474225,0.010983,true,true
739,1143,355,0.175389,0.015153,6.780366,94.327324,0.011450,true,true
746,1009,214,0.108453,0.014861,3.758311,52.124531,0.006327,true,true
741,895,348,0.095967,0.015207,6.429069,90.444621,0.010979,true,true
747,859,199,0.082918,0.014254,3.308034,46.058681,0.005591,true,true
744,1176,325,0.110500,0.014888,5.639869,78.966304,0.009586,true,true
745,1359,326,0.226453,0.014880,5.641860,77.338785,0.009388,true,true
751,1251,256,0.125084,0.012758,3.718040,51.311905,0.006229,true,true
749,854,350,0.089805,0.013309,5.296345,74.355891,0.009026,true,true
748,1061,380,0.108566,0.013247,5.772012,80.881088,0.009818,true,true
750,1125,375,0.108387,0.013113,5.468968,76.555803,0.009293,true,true
752,1527,228,0.144989,0.012340,3.745105,51.414162,0.006241,true,true
753,789,283,0.079349,0.012519,4.522182,63.449204,0.007702,true,true
754,1322,298,0.196701,0.012539,4.765933,65.254343,0.007921,true,true
756,1393,197,0.136378,0.012718,3.224791,44.106401,0.005354,true,true
755,1290,296,0.125516,0.012604,4.568727,63.454604,0.007703,true,true
759,1517,252,0.146459,0.012663,3.569520,48.885594,0.005934,true,true
761,921,220,0.095437,0.012660,2.923575,40.389351,0.004903,true,true
758,1327,291,0.130457,0.012611,4.172570,57.726428,0.007007,true,true
757,923,373,0.098323,0.012506,5.348094,74.973292,0.009101,true,true
760,1086,329,0.109329,0.012503,4.442072,61.876997,0.007511,true,true
762,567,364,0.056083,0.012200,4.637032,65.421686,0.007941,true,true
763,941,352,0.094417,0.011999,4.588386,64.179506,0.007791,true,true
764,653,337,0.071377,0.012013,4.326801,60.772769,0.007377,true,true
765,797,283,0.086980,0.012031,3.622769,50.495478,0.006130,true,true
766,827,344,0.090075,0.012001,4.270681,59.704273,0.007247,true,true
767,663,357,0.070943,0.011942,4.460486,62.688152,0.007610,true,true
769,1368,146,0.135228,0.012048,2.153265,28.820091,0.003498,true,true
770,1248,171,0.120385,0.012149,2.340515,31.706228,0.003849,true,true
768,1493,333,0.144919,0.012056,4.545751,62.849391,0.007629,true,true
771,1020,309,0.119892,0.012304,4.766411,66.358094,0.008055,true,true
772,602,332,0.063541,0.012557,5.432936,76.681669,0.009308,true,true
778,1363,171,0.134547,0.017304,3.996948,55.159913,0.006696,true,true
774,713,260,0.093033,0.017087,5.931697,83.383413,0.010122,true,true
784,1214,183,0.262556,0.019273,4.150237,55.520941,0.006740,true,true
783,603,186,0.281556,0.019259,4.224432,56.309195,0.006835,true,true
780,1444,233,0.139261,0.018329,5.186252,72.077345,0.008749,true,true
779,802,306,0.108204,0.018170,6.916651,97.233132,0.011803,true,true
773,1191,348,0.117818,0.017512,8.014344,112.772261,0.013689,true,true
775,964,356,0.095436,0.017643,8.018824,113.155879,0.013736,true,true
782,1438,291,0.172439,0.018855,6.613808,91.990799,0.011167,true,true
785,848,252,0.082517,0.019070,5.594708,78.720987,0.009556,true,true
777,562,375,0.062930,0.017727,8.250808,116.933134,0.014194,true,true
776,1460,384,0.143887,0.017617,8.504313,119.397334,0.014494,true,true
787,1458,246,0.154248,0.017875,5.044308,69.836159,0.008477,true,true
791,1308,130,0.128597,0.015763,2.312369,31.186991,0.003786,true,true
786,839,297,0.091126,0.017705,6.039707,84.953176,0.010312,true,true
781,1225,371,0.124738,0.017648,7.823138,109.942777,0.013346,true,true
788,889,223,0.097897,0.016367,4.219814,58.866129,0.007146,true,true
789,1397,330,0.140417,0.014180,5.523697,76.879965,0.009332,true,true
793,640,180,0.070062,0.012246,2.621279,36.434566,0.004423,true,true
792,933,270,0.094068,0.012795,4.079524,56.917298,0.006909,true,true
790,916,358,0.202445,0.014035,5.966539,82.318480,0.009993,true,true
795,1449,186,0.141664,0.012354,2.928849,39.804479,0.004832,true,true
797,1315,186,0.126286,0.012319,2.644624,35.965014,0.004366,true,true
798,1449,216,0.138622,0.012329,3.150715,43.016454,0.005222,true,true
794,894,315,0.092225,0.012339,4.859042,68.076102,0.008264,true,true
796,1514,288,0.151584,0.012348,4.313401,59.435950,0.007215,true,true
799,1121,171,0.111324,0.012275,2.669738,36.537343,0.004435,true,true
800,1153,188,0.115233,0.012276,3.023004,41.526598,0.005041,true,true
801,751,221,0.083262,0.012304,3.446519,48.031502,0.005830,true,true
804,1508,216,0.140525,0.012393,3.255719,44.488860,0.005400,true,true
807,1247,132,0.118503,0.012450,1.835717,24.523968,0.002977,true,true
802,801,326,0.079857,0.012336,4.755285,66.770951,0.008105,true,true
803,794,324,0.082923,0.012333,4.656658,65.318653,0.007929,true,true
805,1514,275,0.142435,0.012353,3.837901,52.775864,0.006406,true,true
806,1156,358,0.124576,0.012273,4.849785,67.481889,0.008192,true,true
808,911,324,0.088086,0.012188,4.292555,60.045068,0.007289,true,true
811,681,143,0.071215,0.012118,2.108791,29.099129,0.003532,true,true
809,1525,337,0.146784,0.012188,4.940057,68.453931,0.008310,true,true
816,1263,149,0.127081,0.012484,2.105927,28.260385,0.003430,true,true
810,1363,355,0.129868,0.012286,5.182055,72.151535,0.008758,true,true
815,743,186,0.071310,0.012456,2.624556,36.463545,0.004426,true,true
813,972,275,0.165393,0.012395,4.016102,54.992944,0.006676,true,true
812,963,277,0.101369,0.012393,4.068007,56.648551,0.006877,true,true
814,1448,381,0.146086,0.012284,5.134108,71.235178,0.008647,true,true
817,1415,239,0.141418,0.012195,3.043812,41.449815,0.005032,true,true
818,721,254,0.069329,0.011958,3.480892,48.721374,0.005914,true,true
819,578,358,0.066821,0.012054,4.842333,68.200292,0.008279,true,true
820,690,352,0.068472,0.012069,4.710585,66.295168,0.008047,true,true
823,797,233,0.086480,0.012188,3.056981,42.422471,0.005150,true,true
821,752,249,0.075038,0.012177,3.428727,47.894870,0.005814,true,true
822,1230,347,0.125365,0.012123,4.538780,63.029074,0.007651,true,true
824,633,307,0.073141,0.012054,3.842940,53.837437,0.006535,true,true
825,856,293,0.082357,0.012014,3.694645,51.587988,0.006262,true,true
827,707,197,0.070873,0.011872,2.397715,33.230212,0.004034,true,true
826,1111,276,0.106270,0.011866,3.437429,47.573109,0.005775,true,true
828,1354,158,0.125807,0.011826,1.982411,26.514631,0.003219,true,true
829,771,195,0.073790,0.012016,3.042171,42.392191,0.005146,true,true
830,1171,254,0.120499,0.012135,3.786242,52.351395,0.006355,true,true
833,666,175,0.064686,0.012313,2.632153,36.666637,0.004451,true,true
832,1062,340,0.101666,0.012346,4.899798,68.523332,0.008318,true,true
837,1245,160,0.118302,0.012431,2.218132,29.988201,0.003640,true,true
834,1081,316,0.101574,0.012387,4.450180,62.103528,0.007539,true,true
831,1316,378,0.129612,0.012348,5.497227,76.656251,0.009305,true,true
835,1511,295,0.141342,0.012390,4.090919,56.404894,0.006847,true,true
836,702,362,0.074808,0.012244,4.734342,66.543968,0.008078,true,true
838,1326,239,0.131318,0.012097,3.099826,42.393999,0.005146,true,true
843,1453,136,0.135426,0.012352,2.011345,26.790477,0.003252,true,true
840,1092,300,0.105328,0.012143,4.213066,58.663624,0.007121,true,true
842,611,151,0.064093,0.012345,2.258766,31.342667,0.003805,true,true
839,945,381,0.096823,0.012131,5.286014,74.108140,0.008996,true,true
845,1388,231,0.129259,0.012233,2.942738,40.179995,0.004877,true,true
841,779,376,0.078031,0.012153,5.037868,70.832675,0.008598,true,true
844,835,353,0.104326,0.012128,4.502235,62.807636,0.007624,true,true
847,1073,175,0.101860,0.012134,2.897286,39.922188,0.004846,true,true
848,1024,170,0.107734,0.012362,2.784702,38.230437,0.004641,true,true
849,850,154,0.088546,0.012426,2.496603,34.390062,0.004175,true,true
846,782,282,0.074772,0.012230,4.296267,60.288225,0.007318,true,true
852,1488,167,0.208565,0.012474,2.479676,32.434308,0.003937,true,true
851,698,176,0.209465,0.012456,2.589686,33.992531,0.004126,true,true
854,1215,189,0.282561,0.012428,2.618989,33.367107,0.004050,true,true
850,1137,247,0.111897,0.012339,3.547661,49.067003,0.005956,true,true
853,975,355,0.290361,0.012199,5.003598,67.310911,0.008171,true,true
855,1376,195,0.128362,0.012190,2.977001,40.682118,0.004938,true,true
857,721,180,0.088691,0.012243,2.602208,35.896161,0.004357,true,true
858,1124,198,0.110594,0.012241,2.738708,37.532755,0.004556,true,true
859,784,201,0.075922,0.012223,2.862711,39.798837,0.004831,true,true
860,529,212,0.069120,0.012220,2.937513,40.964241,0.004973,true,true
861,948,205,0.090513,0.012206,2.781052,38.424258,0.004664,true,true
856,980,324,0.097362,0.012173,4.621192,64.605943,0.007842,true,true
863,717,199,0.128861,0.012039,2.633492,35.769266,0.004342,true,true
862,1418,239,0.135488,0.012028,3.188040,43.594256,0.005292,true,true
864,1298,307,0.123243,0.011976,4.064871,56.291366,0.006833,true,true
865,1156,199,0.108891,0.012009,2.761229,37.878691,0.004598,true,true
867,1095,141,0.112146,0.012017,1.900196,25.535585,0.003100,true,true
866,684,255,0.068978,0.011999,3.470937,48.584230,0.005898,true,true
868,1129,233,0.113437,0.012032,3.185444,43.872094,0.005326,true,true
872,657,134,0.075008,0.012070,1.680348,22.926262,0.002783,true,true
870,623,250,0.065616,0.012035,3.197243,44.723544,0.005429,true,true
871,742,251,0.071299,0.012018,3.139425,43.816680,0.005319,true,true
869,898,328,0.093445,0.012001,4.213158,58.834652,0.007142,true,true
873,1160,195,0.108498,0.011969,2.640152,36.155180,0.004389,true,true
874,1373,315,0.135430,0.011980,4.096329,56.566593,0.006867,true,true
876,661,136,0.065676,0.012011,1.928521,26.603763,0.003229,true,true
875,865,369,0.083911,0.011997,4.803986,67.408573,0.008183,true,true
877,540,262,0.053441,0.012205,4.067479,57.325473,0.006959,true,true
881,1146,168,0.109801,0.012786,3.058840,42.115963,0.005112,true,true
880,680,206,0.069033,0.013160,3.687900,51.681941,0.006274,true,true
878,635,331,0.068421,0.012816,5.410773,76.295468,0.009261,true,true
883,1312,161,0.129716,0.014453,3.118337,42.681250,0.005181,true,true
882,928,207,0.098031,0.013967,3.773321,52.487729,0.006371,true,true
879,1362,344,0.133124,0.013246,5.864529,81.851621,0.009936,true,true
888,793,133,0.157905,0.014870,2.608540,34.998141,0.004248,true,true
884,1407,250,0.136336,0.014249,4.574087,63.376635,0.007693,true,true
887,871,189,0.092751,0.014547,3.507587,48.768123,0.005920,true,true
891,753,143,0.078691,0.014002,2.612922,36.191996,0.004393,true,true
886,624,286,0.110896,0.014264,5.140489,71.828880,0.008719,true,true
889,1222,260,0.122734,0.014319,4.523264,62.845065,0.007629,true,true
890,771,265,0.078445,0.014249,4.458207,62.548487,0.007593,true,true
885,688,350,0.153021,0.013985,6.058980,84.344473,0.010238,true,true
893,1050,167,0.104707,0.013547,2.671580,36.658149,0.004450,true,true
894,1249,156,0.119904,0.013362,2.392647,32.457619,0.003940,true,true
892,1391,267,0.133729,0.013181,4.226780,58.453895,0.007096,true,true
897,517,150,0.053292,0.012767,2.125671,29.596160,0.003593,true,true
896,722,187,0.074431,0.012748,2.666798,37.022234,0.004494,true,true
895,853,316,0.082388,0.012449,4.377844,61.344493,0.007447,true,true
898,537,253,0.060252,0.012043,3.674589,51.617253,0.006266,true,true
900,878,146,0.085214,0.012234,2.432864,33.527383,0.004070,true,true
899,1257,324,0.138205,0.012132,4.713901,65.346666,0.007932,true,true
901,1370,242,0.129741,0.012705,4.078621,56.394947,0.006846,true,true
904,619,219,0.065391,0.012801,3.631815,50.932998,0.006183,true,true
908,1447,132,0.171685,0.013131,2.231545,29.417388,0.003571,true,true
902,1364,291,0.138585,0.012754,4.738363,65.690585,0.007974,true,true
906,1464,272,0.138027,0.012793,4.186042,57.810708,0.007018,true,true
903,671,318,0.074282,0.012771,5.288775,74.469475,0.009040,true,true
905,606,333,0.062006,0.012774,5.349873,75.517362,0.009167,true,true
907,1148,295,0.112880,0.012839,4.691283,65.385319,0.007937,true,true
909,1109,283,0.105008,0.012850,4.294510,59.831316,0.007263,true,true
914,1221,132,0.126375,0.012571,1.773171,23.518302,0.002855,true,true
913,1351,140,0.220888,0.012552,2.079563,26.544197,0.003222,true,true
911,1522,228,0.147032,0.012562,3.328505,45.435403,0.005515,true,true
912,1014,205,0.226188,0.012362,2.912835,38.368678,0.004658,true,true
910,1008,365,0.096254,0.012429,5.141984,72.059330,0.008747,true,true
916,1141,181,0.110862,0.012025,2.498762,34.102188,0.004140,true,true
915,514,320,0.053598,0.011945,4.194332,59.134864,0.007178,true,true
918,634,200,0.071935,0.012023,2.532094,35.134138,0.004265,true,true
919,702,150,0.076905,0.011996,1.864335,25.526740,0.003099,true,true
917,999,342,0.096648,0.011980,4.503357,62.933311,0.007639,true,true
921,685,176,0.069281,0.012029,2.433631,33.765870,0.004099,true,true
922,1319,166,0.130409,0.012087,2.369454,31.976362,0.003882,true,true
920,1357,318,0.132218,0.012062,4.499739,62.373663,0.007571,true,true
924,779,249,0.085430,0.012157,3.412153,47.509761,0.005767,true,true
923,639,350,0.070203,0.012139,4.693106,66.020824,0.008014,true,true
927,990,166,0.096573,0.012151,2.101474,28.632493,0.003476,true,true
925,1157,329,0.112695,0.012130,4.451071,61.957437,0.007521,true,true
926,1180,290,0.115460,0.012122,3.993138,55.378087,0.006722,true,true
928,790,183,0.080415,0.012644,3.229664,44.975207,0.005459,true,true
930,1344,189,0.129110,0.012876,3.192224,43.745099,0.005310,true,true
933,1135,148,0.132573,0.013160,2.415680,32.605623,0.003958,true,true
937,868,143,0.083647,0.013110,1.945249,26.586005,0.003227,true,true
932,1054,189,0.105306,0.012988,3.001870,41.366561,0.005021,true,true
934,1183,203,0.115034,0.012931,2.965202,40.703967,0.004941,true,true
929,848,358,0.092438,0.012587,5.741660,80.677951,0.009793,true,true
936,612,281,0.069672,0.012748,4.175913,58.642257,0.007119,true,true
935,1020,310,0.131341,0.012720,4.658337,64.651169,0.007848,true,true
931,937,359,0.096221,0.012649,5.632725,79.068195,0.009598,true,true
939,720,199,0.127739,0.012276,2.810182,38.308643,0.004650,true,true
940,638,241,0.081763,0.012252,3.276385,45.623200,0.005538,true,true
938,1438,255,0.141499,0.012245,3.637051,49.920844,0.006060,true,true
941,1332,318,0.125942,0.012189,4.120269,57.043974,0.006925,true,true
942,684,260,0.069172,0.012121,3.272717,45.750625,0.005554,true,true
943,665,139,0.066379,0.011927,1.712363,23.506718,0.002853,true,true
946,1456,153,0.143390,0.013643,3.140014,42.795538,0.005195,true,true
944,916,355,0.086728,0.013230,5.895547,82.957207,0.010070,true,true
954,1022,137,0.100274,0.014856,2.120647,28.853457,0.003502,true,true
952,1493,159,0.139574,0.014758,2.688108,36.396251,0.004418,true,true
950,1425,204,0.134619,0.014267,3.481448,47.796911,0.005802,true,true
949,951,223,0.097865,0.014103,3.811398,53.033901,0.006438,true,true
953,1296,198,0.183706,0.014293,3.095674,41.586546,0.005048,true,true
945,700,297,0.069946,0.013618,5.158636,72.672851,0.008822,true,true
947,1399,330,0.131901,0.013469,5.356271,74.610540,0.009057,true,true
951,1015,279,0.200779,0.013704,4.365550,59.478138,0.007220,true,true
948,1295,346,0.129403,0.013368,5.530105,77.128771,0.009363,true,true
956,1504,304,0.148500,0.012087,4.168698,57.413465,0.006969,true,true
955,1247,373,0.120406,0.012069,5.294749,73.896078,0.008970,true,true
958,565,291,0.064437,0.012310,4.197492,59.025183,0.007165,true,true
957,1170,326,0.114748,0.012310,4.733986,65.968497,0.008008,true,true
959,572,271,0.066774,0.012359,3.910780,54.897208,0.006664,true,true
961,988,209,0.104893,0.012363,2.953553,40.682428,0.004938,true,true
960,1478,311,0.153345,0.012341,4.349390,59.924768,0.007274,true,true
962,1005,264,0.111661,0.012298,3.528548,48.797412,0.005923,true,true
963,626,240,0.065501,0.012271,3.202293,44.797308,0.005438,true,true
964,1307,309,0.126443,0.012159,4.062434,56.210863,0.006823,true,true
965,867,218,0.087502,0.011984,2.852509,39.487746,0.004793,true,true
966,1163,311,0.115088,0.011949,3.875159,53.698502,0.006518,true,true
967,569,308,0.056835,0.011862,3.775101,53.101486,0.006446,true,true
968,803,224,0.086267,0.011954,3.091585,42.919692,0.005210,true,true
971,960,138,0.100315,0.012083,1.806457,24.365842,0.002958,true,true
970,589,174,0.057762,0.012059,2.285460,31.814309,0.003862,true,true
969,1520,286,0.149188,0.012051,4.030706,55.432929,0.006729,true,true
972,513,297,0.058796,0.012049,3.990737,56.153035,0.006816,true,true
973,924,194,0.095195,0.012136,2.948030,40.742042,0.004946,true,true
975,814,200,0.109503,0.012163,2.879866,39.564241,0.004803,true,true
976,1259,165,0.122722,0.012201,2.356255,31.897640,0.003872,true,true
974,875,293,0.083076,0.012148,4.057780,56.763746,0.006890,true,true
977,1322,179,0.134457,0.012179,2.411947,32.525405,0.003948,true,true
978,1172,197,0.121736,0.012112,2.495715,33.903387,0.004115,true,true
982,1115,193,0.115424,0.012176,2.651660,36.220630,0.004397,true,true
980,868,310,0.085268,0.012176,4.233234,59.238146,0.007191,true,true
979,1406,377,0.130446,0.012118,5.154907,71.755582,0.008710,true,true
981,871,321,0.088516,0.012177,4.288192,59.976617,0.007280,true,true
983,515,328,0.051749,0.012167,4.177954,58.927371,0.007153,true,true
984,578,221,0.064965,0.012156,2.830215,39.491226,0.004794,true,true
985,964,181,0.097873,0.012091,2.274222,31.080980,0.003773,true,true
986,800,297,0.076378,0.011844,3.676286,51.411195,0.006241,true,true
987,999,305,0.102513,0.011861,3.789527,52.655165,0.006392,true,true
988,855,173,0.090894,0.011868,2.333175,32.022571,0.003887,true,true
990,941,255,0.192076,0.012060,3.548040,47.927355,0.005818,true,true
992,514,152,0.051681,0.012159,2.015014,28.038852,0.003404,true,true
991,1229,259,0.124077,0.012103,3.424823,47.138774,0.005722,true,true
989,1199,356,0.112618,0.012078,5.041969,70.397292,0.008545,true,true
993,1371,213,0.135321,0.012142,2.969346,40.473414,0.004913,true,true
995,1280,179,0.119717,0.012101,2.805549,38.357047,0.004656,true,true
994,1521,321,0.143065,0.013000,5.356513,74.454556,0.009038,true,true
1001,1500,143,0.151130,0.014567,3.035742,41.195857,0.005001,true,true
1000,665,175,0.084350,0.014584,3.576808,49.876665,0.006054,true,true
996,973,211,0.100650,0.014212,4.341105,60.559003,0.007351,true,true
998,1046,181,0.148686,0.014681,3.892245,53.462694,0.006490,true,true
997,580,278,0.067260,0.015442,5.609472,79.149712,0.009608,true,true
1006,708,153,0.069693,0.017174,3.266241,45.650696,0.005541,true,true
999,860,320,0.166217,0.015558,6.420131,89.313707,0.010842,true,true
1003,719,297,0.073245,0.016142,5.789081,81.629281,0.009909,true,true
1007,1517,206,0.147150,0.016714,4.239673,58.446341,0.007095,true,true
1010,935,215,0.212067,0.016616,4.160923,56.394606,0.006846,true,true
1009,1495,230,0.208644,0.016522,4.652883,63.469296,0.007704,true,true
1002,849,350,0.084212,0.015913,6.945233,97.983966,0.011894,true,true
1005,1055,272,0.107064,0.016438,5.615533,78.667826,0.009549,true,true
1004,901,337,0.097285,0.016029,6.635957,93.380409,0.011335,true,true
1013,1054,174,0.099471,0.013974,2.916301,40.227851,0.004883,true,true
1008,519,346,0.285144,0.015197,6.287675,85.723655,0.010406,true,true
1011,679,370,0.074052,0.014477,6.083546,85.823094,0.010418,true,true
1014,1305,222,0.125200,0.012876,3.310557,45.490890,0.005522,true,true
1012,1143,331,0.111561,0.013492,5.192451,72.561460,0.008808,true,true
1016,603,262,0.071767,0.012548,3.575873,50.043018,0.006075,true,true
1017,1051,243,0.110518,0.012336,3.226060,44.493839,0.005401,true,true
1015,1293,317,0.127532,0.012487,4.487481,62.265519,0.007558,true,true
1018,638,205,0.063921,0.012161,2.739365,38.208681,0.004638,true,true
1019,710,171,0.077868,0.012031,2.370736,32.745016,0.003975,true,true
1020,1359,244,0.129635,0.011975,3.160977,43.291349,0.005255,true,true
1021,1304,342,0.130416,0.011976,4.416783,61.214687,0.007431,true,true
1022,1484,248,0.148952,0.012005,3.368981,45.986048,0.005582,true,true
1023,673,330,0.070044,0.011997,4.206797,59.078000,0.007171,true,true
1024,583,203,0.065520,0.011999,2.703263,37.670278,0.004573,true,true
1025,1431,216,0.139310,0.011994,2.799185,37.986338,0.004611,true,true
1026,854,236,0.091577,0.011888,3.089079,42.808075,0.005196,true,true
1027,770,149,0.075315,0.011950,1.974070,27.116600,0.003292,true,true
1028,1403,231,0.138094,0.011907,2.876811,39.112300,0.004748,true,true
1030,649,172,0.066772,0.011955,2.368695,32.874334,0.003991,true,true
1029,814,260,0.077627,0.011966,3.497279,48.836905,0.005928,true,true
1032,1450,134,0.134770,0.012073,1.945539,25.860037,0.003139,true,true
1031,1325,294,0.124000,0.012021,3.985616,55.148698,0.006694,true,true
1033,1371,185,0.132307,0.011977,2.413868,32.583548,0.003955,true,true
1034,815,179,0.078583,0.011940,2.272963,31.338493,0.003804,true,true
1035,718,274,0.079694,0.012083,4.105041,57.486992,0.006978,true,true
1039,1334,147,0.212153,0.012447,2.278105,29.504382,0.003582,true,true
1040,1190,249,0.111456,0.012434,3.492844,48.290452,0.005862,true,true
1041,1485,265,0.206851,0.012436,3.790632,51.180884,0.006213,true,true
1036,1216,338,0.121879,0.012403,5.215469,72.742820,0.008830,true,true
1038,1076,334,0.217530,0.012419,5.026442,68.677267,0.008337,true,true
1037,1506,370,0.148327,0.012395,5.496593,76.379924,0.009272,true,true
1042,553,300,0.062308,0.012268,3.977004,55.906751,0.006786,true,true
1044,1518,178,0.142221,0.012179,2.297875,30.785438,0.003737,true,true
1043,1132,287,0.114250,0.012097,4.154313,57.697146,0.007004,true,true
1045,978,196,0.093180,0.012192,3.141303,43.531006,0.005284,true,true
1047,1365,173,0.127072,0.012236,2.643869,35.943001,0.004363,true,true
1049,1277,156,0.128291,0.012310,2.296349,30.962578,0.003759,true,true
1046,1419,292,0.141459,0.012253,4.523309,62.578292,0.007596,true,true
1050,837,161,0.082859,0.012331,2.457482,33.912584,0.004117,true,true
1048,944,336,0.091460,0.012255,4.797291,67.205143,0.008158,true,true
1051,1338,197,0.131554,0.012293,2.818307,38.370202,0.004658,true,true
1053,923,157,0.088600,0.012160,2.119517,29.004030,0.003521,true,true
1054,1446,153,0.143352,0.012133,1.987527,26.337121,0.003197,true,true
1052,571,216,0.056835,0.012098,3.101818,43.486162,0.005279,true,true
1057,765,143,0.081000,0.012555,2.538470,35.095756,0.004260,true,true
1055,919,268,0.095975,0.012379,4.338798,60.592816,0.007355,true,true
1061,1303,153,0.126582,0.012716,2.291922,30.923761,0.003754,true,true
1060,1041,174,0.099485,0.012678,2.646510,36.374711,0.004415,true,true
1056,1462,331,0.144892,0.012449,5.182371,71.941499,0.008733,true,true
1062,950,241,0.093114,0.012623,3.498773,48.637060,0.005904,true,true
1064,553,132,0.064148,0.012518,1.937454,26.753149,0.003248,true,true
1059,1483,307,0.144824,0.012567,4.794945,66.409528,0.008061,true,true
1058,1513,356,0.146144,0.012594,6.063143,84.502134,0.010258,true,true
1063,935,265,0.092275,0.012686,4.352826,60.845992,0.007386,true,true
1065,782,216,0.085051,0.012728,3.603921,50.253870,0.006100,true,true
1066,529,242,0.056830,0.012883,4.084803,57.524496,0.006983,true,true
1070,1325,180,0.124002,0.013157,2.962653,40.539485,0.004921,true,true
1067,1137,268,0.107555,0.012913,4.372046,60.902260,0.007393,true,true
1068,1283,306,0.127720,0.012874,4.875975,67.811008,0.008232,true,true
1071,1278,272,0.236828,0.012941,4.232733,57.066523,0.006927,true,true
1075,1004,157,0.105836,0.012844,2.234031,30.393272,0.003689,true,true
1073,1078,294,0.123235,0.012881,4.270185,59.223634,0.007189,true,true
1069,958,366,0.102014,0.012767,5.548367,77.780725,0.009442,true,true
1072,733,374,0.077053,0.012726,5.297772,74.558399,0.009051,true,true
1074,1046,280,0.106887,0.012554,3.883714,53.937802,0.006547,true,true
1076,1339,291,0.131803,0.012121,3.702169,50.989283,0.006190,true,true
1077,564,382,0.059438,0.011916,4.599590,64.839055,0.007871,true,true
1079,584,225,0.065235,0.011961,2.951995,41.226534,0.005004,true,true
1078,1043,342,0.098059,0.011972,4.602752,64.332657,0.007809,true,true
1080,967,371,0.102554,0.012022,4.908665,68.637267,0.008332,true,true
1081,1246,281,0.118808,0.012084,3.942097,54.601342,0.006628,true,true
1083,774,260,0.081823,0.012125,3.615505,50.465407,0.006126,true,true
1082,882,278,0.093365,0.012134,4.026187,56.165625,0.006818,true,true
1084,886,299,0.093875,0.012171,4.134462,57.704637,0.007005,true,true
1085,967,309,0.097882,0.012213,4.318414,60.274473,0.007317,true,true
1086,1140,343,0.115808,0.012213,4.644807,64.679762,0.007851,true,true
1089,1475,155,0.140011,0.012222,2.085820,27.788583,0.003373,true,true
1087,1190,318,0.113103,0.012201,4.285573,59.588094,0.007233,true,true
1088,1114,365,0.112792,0.012151,4.735820,66.022625,0.008014,true,true
1091,1536,189,0.142698,0.011969,2.591345,34.969728,0.004245,true,true
1090,657,369,0.068106,0.011960,4.810095,67.721531,0.008221,true,true
1093,820,198,0.086949,0.011955,2.442079,33.634202,0.004083,true,true
1092,1293,280,0.127551,0.011941,3.537351,48.696199,0.005911,true,true
1094,1213,337,0.113227,0.011836,4.307914,59.905375,0.007272,true,true
1096,881,169,0.094562,0.012048,2.401327,32.943495,0.003999,true,true
1095,1449,201,0.136387,0.012048,2.912335,39.644001,0.004812,true,true
1097,874,288,0.087975,0.012144,4.122134,57.612830,0.006994,true,true
1099,857,209,0.088848,0.012198,3.041730,42.170844,0.005119,true,true
1100,692,194,0.068624,0.012210,2.774169,38.638559,0.004690,true,true
1098,521,359,0.056516,0.012225,5.384450,76.089554,0.009236,true,true
1101,1391,334,0.139313,0.012359,4.928884,68.401053,0.008303,true,true
1103,920,319,0.227932,0.012383,4.619785,62.721152,0.007614,true,true
1102,1489,324,0.231832,0.012382,4.685406,63.602605,0.007721,true,true
1104,1171,225,0.116363,0.012441,3.381718,46.633361,0.005661,true,true
1105,520,255,0.152758,0.012424,3.810671,52.239574,0.006341,true,true
1108,605,280,0.064040,0.012404,3.733793,52.408659,0.006362,true,true
1107,1297,284,0.132278,0.012403,3.910462,53.957200,0.006550,true,true
1106,1217,287,0.114130,0.012401,4.049555,56.202794,0.006822,true,true
1109,1445,300,0.142846,0.012025,3.813495,52.421463,0.006363,true,true
1110,786,303,0.076810,0.011976,3.693606,51.652360,0.006270,true,true
1113,971,195,0.158960,0.012146,2.724652,36.641290,0.004448,true,true
1114,556,214,0.064003,0.012157,2.867681,40.040031,0.004860,true,true
1111,1515,311,0.140172,0.012068,4.322365,59.726946,0.007250,true,true
1116,1035,152,0.097886,0.012150,2.046281,27.825520,0.003378,true,true
1115,588,320,0.060097,0.012120,4.137449,58.229680,0.007068,true,true
1112,849,334,0.083426,0.012115,4.532331,63.535929,0.007713,true,true
1117,610,183,0.067984,0.012033,2.535759,35.242912,0.004278,true,true
1118,552,152,0.061238,0.011992,2.095645,29.053871,0.003527,true,true
1121,932,132,0.099495,0.012111,1.830745,24.724422,0.003001,true,true
1119,1365,355,0.136672,0.012101,4.977182,69.128531,0.008391,true,true
1122,718,266,0.074227,0.012168,3.601278,50.370697,0.006114,true,true
1120,1029,370,0.097684,0.012120,5.029834,70.437269,0.008550,true,true
1124,726,188,0.072177,0.012170,2.592806,35.997737,0.004370,true,true
1123,792,342,0.086544,0.012152,4.790931,67.184527,0.008155,true,true
1126,921,262,0.097836,0.012172,3.799703,52.867284,0.006418,true,true
1125,729,382,0.072540,0.012216,5.338835,75.209283,0.009130,true,true
1128,1116,210,0.112948,0.012285,3.013249,41.419933,0.005028,true,true
1127,925,311,0.089634,0.012233,4.460225,62.417508,0.007577,true,true
1129,1528,234,0.220779,0.012278,3.413825,45.600690,0.005535,true,true
1131,538,173,0.062987,0.012282,2.316419,32.181821,0.003907,true,true
1130,1496,297,0.146118,0.012168,3.941842,54.207674,0.006580,true,true
1132,1523,204,0.143251,0.011959,2.635275,35.589214,0.004320,true,true
1133,665,179,0.064660,0.011782,2.254779,31.277635,0.003797,true,true
1134,985,361,0.093357,0.011819,4.521760,63.243141,0.007677,true,true
1136,716,217,0.076535,0.011925,2.756189,38.268804,0.004645,true,true
1135,1118,263,0.110721,0.011925,3.407638,47.084093,0.005715,true,true
1137,1107,312,0.105606,0.012032,4.229938,58.900609,0.007150,true,true
1139,706,151,0.072086,0.012164,2.103288,29.008103,0.003521,true,true
1140,795,215,0.139918,0.012148,2.937819,39.957520,0.004850,true,true
1138,1152,346,0.109208,0.012076,4.617760,64.387767,0.007816,true,true
1141,1408,265,0.131558,0.012123,3.483766,47.873726,0.005811,true,true
1143,886,186,0.093335,0.012021,2.589226,35.644445,0.004327,true,true
1142,702,318,0.074422,0.012046,4.330051,60.775693,0.007377,true,true
1144,1446,267,0.135327,0.012153,3.981822,54.932754,0.006668,true,true
1146,853,185,0.083600,0.012353,2.751332,38.098559,0.004625,true,true
1147,632,209,0.062939,0.012347,2.964540,41.438495,0.005030,true,true
1145,1491,343,0.147031,0.012297,4.962062,68.764654,0.008347,true,true
1149,1289,311,0.124731,0.012325,4.153373,57.534040,0.006984,true,true
1148,1500,352,0.146925,0.012303,4.846057,67.109470,0.008146,true,true
1150,779,375,0.079334,0.012229,4.839436,67.980204,0.008252,true,true
1152,641,261,0.073134,0.012052,3.259485,45.505070,0.005524,true,true
1151,743,338,0.077042,0.012052,4.253745,59.648533,0.007241,true,true
1153,537,242,0.059713,0.011958,2.941621,41.157240,0.004996,true,true
1154,1204,176,0.112424,0.011975,2.485681,33.893079,0.004114,true,true
1156,1300,204,0.131430,0.012022,2.711753,36.850233,0.004473,true,true
1157,623,133,0.064733,0.011996,1.727589,23.747656,0.002883,true,true
1155,1021,374,0.102123,0.011983,4.913379,68.710747,0.008341,true,true
1159,850,166,0.083613,0.011997,2.393601,32.989507,0.004005,true,true
1158,833,368,0.088754,0.012008,4.906903,68.809192,0.008353,true,true
1161,1081,153,0.112344,0.012118,2.139138,28.945149,0.003514,true,true
1160,1168,251,0.117978,0.012099,3.561595,49.179157,0.005970,true,true
1164,1429,173,0.137462,0.012183,2.683351,36.358474,0.004414,true,true
1162,1287,334,0.126309,0.012159,4.823363,67.079801,0.008143,true,true
1166,1530,137,0.173044,0.012328,2.026268,26.466345,0.003213,true,true
1167,1356,146,0.208830,0.012317,2.151772,27.747641,0.003368,true,true
1163,673,363,0.073563,0.012170,5.168202,72.757810,0.008832,true,true
1168,512,174,0.053158,0.012205,2.404989,33.587085,0.004077,true,true
1165,1427,289,0.136834,0.012216,4.274058,59.084718,0.007172,true,true
1169,1135,233,0.116510,0.012092,3.227654,44.431028,0.005393,true,true
1171,623,242,0.064957,0.012108,3.406395,47.719918,0.005793,true,true
1170,1446,302,0.138631,0.012129,4.273611,59.052675,0.007168,true,true
1174,966,129,0.109293,0.012242,1.839200,24.705231,0.002999,true,true
1172,1191,370,0.112192,0.012462,5.628171,78.775075,0.009562,true,true
1176,605,212,0.067436,0.012712,3.295808,46.105192,0.005597,true,true
1177,1350,182,0.127256,0.012822,2.868725,39.151599,0.004753,true,true
1181,1360,151,0.137431,0.012913,2.074444,27.662976,0.003358,true,true
1175,1109,319,0.109923,0.012578,4.714970,65.765823,0.007983,true,true
1173,1256,359,0.119005,0.012540,5.481794,76.587337,0.009297,true,true
1178,913,224,0.091572,0.012719,3.335245,46.323719,0.005623,true,true
1179,1316,238,0.131334,0.012679,3.551075,48.838169,0.005928,true,true
1180,902,301,0.093550,0.012491,4.170200,58.219662,0.007067,true,true
1182,764,358,0.081335,0.012344,5.338458,75.078289,0.009114,true,true
1185,1501,218,0.146258,0.012595,3.460898,47.337213,0.005746,true,true
1184,611,349,0.135830,0.012394,5.169201,71.882822,0.008726,true,true
1186,867,193,0.092160,0.012755,3.130723,43.394481,0.005268,true,true
1183,787,383,0.139530,0.012398,5.789978,80.695457,0.009796,true,true
1190,785,198,0.082563,0.012764,2.896470,40.186114,0.004878,true,true
1188,1020,268,0.098043,0.012676,3.970270,55.300245,0.006713,true,true
1187,1171,324,0.110539,0.012606,4.766029,66.486211,0.008071,true,true
1189,1214,278,0.122651,0.012649,4.000766,55.384322,0.006723,true,true
1191,1124,288,0.109508,0.012490,4.072821,56.601052,0.006871,true,true
1192,957,230,0.094259,0.012274,3.193151,44.256051,0.005372,true,true
1193,1107,304,0.114337,0.012197,4.132804,57.388728,0.006966,true,true
1194,783,219,0.079909,0.012057,3.059081,42.546297,0.005165,true,true
1195,1172,187,0.113867,0.012046,2.595599,35.442232,0.004302,true,true
1198,730,140,0.070421,0.012152,1.977240,27.231746,0.003306,true,true
1196,1495,341,0.142183,0.012087,4.642326,64.267678,0.007801,true,true
1199,620,156,0.067918,0.012175,2.112469,29.198750,0.003544,true,true
1197,1097,344,0.105396,0.012093,4.645865,64.843582,0.007871,true,true
1201,811,159,0.077688,0.012119,2.097097,28.839685,0.003501,true,true
1200,841,274,0.082899,0.012105,3.626071,50.600919,0.006142,true,true
1202,1116,232,0.107135,0.011962,2.996190,41.259326,0.005008,true,true
1203,578,311,0.068302,0.011938,4.063267,57.053099,0.006926,true,true
1204,721,242,0.080583,0.011969,3.190155,44.408586,0.005391,true,true
1206,1101,152,0.114395,0.012021,1.929576,25.923048,0.003147,true,true
1205,1308,249,0.128704,0.011986,3.326011,45.661540,0.005543,true,true
1207,1305,341,0.124312,0.011949,4.522760,62.815334,0.007625,true,true
1208,1152,155,0.115429,0.012105,2.207795,29.881597,0.003627,true,true
1209,1026,231,0.201071,0.012064,3.225338,43.190317,0.005243,true,true
1210,1419,243,0.138744,0.012044,3.171201,43.307280,0.005257,true,true
1211,1265,228,0.119721,0.011962,2.985367,40.925003,0.004968,true,true
1213,664,223,0.068518,0.011912,2.713057,37.767325,0.004585,true,true
1212,908,278,0.095844,0.011921,3.812634,53.080406,0.006443,true,true
1216,1034,130,0.121710,0.012144,1.982408,26.573093,0.003226,true,true
1217,829,148,0.083393,0.012164,2.086711,28.609897,0.003473,true,true
1218,1172,154,0.114153,0.012164,2.080906,28.087692,0.003410,true,true
1215,1083,263,0.140554,0.012124,3.824567,52.612310,0.006387,true,true
1214,756,321,0.073526,0.012109,4.666119,65.587970,0.007962,true,true
1220,1245,165,0.126872,0.012066,2.214357,29.811903,0.003619,true,true
1219,1128,379,0.111151,0.012040,4.887192,68.207838,0.008280,true,true
1221,1162,240,0.117296,0.011952,3.036908,41.695708,0.005061,true,true
1223,1338,175,0.126588,0.012041,2.415635,32.690455,0.003968,true,true
1222,651,209,0.070366,0.012015,2.887711,40.235205,0.004884,true,true
1225,1113,239,0.116258,0.012059,3.332729,45.935218,0.005576,true,true
1224,948,297,0.095558,0.012064,4.117274,57.435128,0.006972,true,true
1226,1484,132,0.144684,0.012179,2.058498,27.331663,0.003318,true,true
1228,1011,148,0.096023,0.012158,1.992542,27.084666,0.003288,true,true
1227,1220,356,0.156935,0.012087,4.826102,66.681545,0.008094,true,true
1231,1091,140,0.106272,0.012090,1.786844,24.000658,0.002913,true,true
1229,1169,323,0.115228,0.012050,4.168942,57.892101,0.007027,true,true
1230,744,325,0.082769,0.012073,4.527923,63.482369,0.007706,true,true
1235,527,161,0.056469,0.012197,2.185806,30.409593,0.003691,true,true
1234,680,177,0.072557,0.012192,2.448284,33.928350,0.004119,true,true
1233,1119,226,0.112600,0.012178,3.383837,46.717358,0.005671,true,true
1232,1279,356,0.123368,0.012170,5.143136,71.688571,0.008702,true,true
1239,1191,147,0.161041,0.012249,2.073574,27.313361,0.003316,true,true
1236,948,345,0.094170,0.012214,4.683368,65.539489,0.007956,true,true
1238,659,206,0.069778,0.012191,2.804410,39.053969,0.004741,true,true
1240,623,219,0.145327,0.012177,2.863495,38.818848,0.004712,true,true
1237,933,350,0.091545,0.012135,4.751088,66.544103,0.008078,true,true
1241,656,244,0.068459,0.012057,3.369751,47.146573,0.005723,true,true
1244,1309,188,0.124288,0.012161,2.524395,34.276518,0.004161,true,true
1245,641,151,0.069989,0.012169,1.959184,26.980062,0.003275,true,true
1242,1346,326,0.130554,0.012107,4.437829,61.513263,0.007467,true,true
1243,1340,349,0.127052,0.012095,4.654185,64.653116,0.007848,true,true
1246,660,311,0.074474,0.012027,4.109124,57.619833,0.006994,true,true
1248,1129,172,0.112023,0.012168,2.693879,36.872119,0.004476,true,true
1247,729,276,0.080918,0.012069,4.006794,56.066413,0.006806,true,true
1251,962,197,0.095255,0.012372,3.290370,45.630233,0.005539,true,true
1253,1276,133,0.120641,0.013108,2.397537,32.516911,0.003947,true,true
1252,1116,201,0.112403,0.013284,3.498654,48.359897,0.005870,true,true
1249,1408,323,0.134508,0.012857,5.255834,73.138937,0.008878,true,true
1255,1319,171,0.166729,0.013507,2.970840,40.046199,0.004861,true,true
1254,801,191,0.079645,0.013451,3.405682,47.499962,0.005766,true,true
1250,575,370,0.061588,0.012946,6.156388,87.041367,0.010566,true,true
1256,1216,236,0.114000,0.013602,4.134448,57.417028,0.006970,true,true
1257,803,210,0.085473,0.013738,3.703993,51.676988,0.006273,true,true
1258,1029,227,0.104198,0.013626,3.834075,53.267310,0.006466,true,true
1261,1025,178,0.098015,0.013073,3.065219,42.375390,0.005144,true,true
1263,992,179,0.104590,0.013007,2.839894,39.063551,0.004742,true,true
1260,661,276,0.070187,0.013134,4.431598,62.286397,0.007561,true,true
1259,623,364,0.063283,0.013225,5.677552,80.178775,0.009733,true,true
1264,654,227,0.070772,0.012829,3.326755,46.499517,0.005645,true,true
1262,1509,297,0.144472,0.012777,4.439904,61.344133,0.007446,true,true
1266,1138,206,0.112895,0.012457,2.783762,38.143318,0.004630,true,true
1265,1434,296,0.134648,0.012552,4.061333,56.077976,0.006807,true,true
1267,1258,289,0.122284,0.012251,3.939572,54.515640,0.006618,true,true
1268,857,130,0.089479,0.012049,1.962561,26.749950,0.003247,true,true
1270,1248,196,0.120223,0.012129,2.783386,38.033292,0.004617,true,true
1269,965,351,0.093786,0.012142,4.899513,68.631776,0.008331,true,true
1273,734,217,0.076792,0.012189,2.915916,40.546244,0.004922,true,true
1272,1246,284,0.125548,0.012180,3.849499,53.182672,0.006456,true,true
1271,1191,373,0.116328,0.012153,5.030336,70.178173,0.008519,true,true
1274,679,271,0.071091,0.012126,3.485776,48.765973,0.005920,true,true
1276,668,166,0.068201,0.012023,2.108223,29.134073,0.003537,true,true
1275,798,228,0.087305,0.011996,2.931387,40.617044,0.004930,true,true
1278,947,146,0.100675,0.012042,2.194851,29.907441,0.003630,true,true
1277,575,335,0.062084,0.012007,4.590844,64.676365,0.007851,true,true
1279,1478,204,0.137986,0.012144,2.895266,39.377397,0.004780,true,true
1280,969,276,0.101718,0.012155,4.203525,58.578933,0.007111,true,true
1282,533,250,0.064574,0.012175,3.979175,55.905397,0.006786,true,true
1281,697,331,0.073263,0.012317,5.073550,71.410356,0.008668,true,true
1283,851,199,0.083313,0.012495,3.460132,48.225196,0.005854,true,true
1284,878,202,0.088198,0.012574,3.517606,48.976238,0.005945,true,true
1289,1443,151,0.134373,0.012843,2.353730,31.695200,0.003847,true,true
1290,1175,180,0.210309,0.012794,2.800910,36.997020,0.004491,true,true
1286,1510,246,0.448345,0.012746,4.234566,54.071971,0.006564,true,true
1287,1268,247,0.394245,0.012745,4.192992,54.250857,0.006585,true,true
1285,1502,311,0.146463,0.012702,5.337650,74.136647,0.008999,true,true
1288,935,312,0.357745,0.012701,5.225165,69.512845,0.008438,true,true
1291,1072,262,0.106447,0.012595,4.042782,56.215786,0.006824,true,true
1293,1260,167,0.120086,0.012535,2.799524,38.265728,0.004645,true,true
1296,1499,131,0.143980,0.012582,2.188381,29.196594,0.003544,true,true
1292,868,320,0.092761,0.012575,5.141830,72.107019,0.008753,true,true
1294,1282,242,0.122742,0.012748,4.134315,57.290271,0.006954,true,true
1299,894,208,0.090109,0.013735,3.628994,50.539706,0.006135,true,true
1295,1234,304,0.123542,0.013441,5.256189,73.300626,0.008898,true,true
1301,1188,186,0.111656,0.014432,3.418764,47.229638,0.005733,true,true
1298,669,271,0.066715,0.013956,4.739914,66.739130,0.008101,true,true
1300,754,245,0.072697,0.014141,4.271374,59.962349,0.007279,true,true
1304,600,193,0.127998,0.014507,3.273736,44.925070,0.005453,true,true
1305,841,196,0.089650,0.014178,3.134749,43.487814,0.005279,true,true
1297,796,353,0.078598,0.013613,5.840098,82.281419,0.009988,true,true
1308,1342,137,0.133809,0.013270,2.303459,30.985316,0.003761,true,true
1306,592,203,0.067903,0.013619,3.406332,47.676933,0.005787,true,true
1307,1040,220,0.117794,0.013526,3.569757,49.298339,0.005984,true,true
1303,842,338,0.088465,0.013607,5.457852,76.681564,0.009308,true,true
1302,1492,373,0.140750,0.013493,6.221214,86.836619,0.010541,true,true
1309,1092,171,0.110143,0.012361,2.734303,37.476277,0.004549,true,true
1311,1353,201,0.137137,0.012354,3.070342,41.889840,0.005085,true,true
1312,884,263,0.092170,0.012357,3.791222,52.827079,0.006413,true,true
1315,782,183,0.082378,0.012390,2.547817,35.209549,0.004274,true,true
1310,1477,374,0.142245,0.012367,5.426424,75.464679,0.009161,true,true
1316,1371,204,0.195802,0.012374,2.922910,38.946506,0.004728,true,true
1314,652,245,0.072529,0.012347,3.502614,48.985902,0.005946,true,true
1313,1213,360,0.113986,0.012289,5.006398,69.869759,0.008481,true,true
1319,778,128,0.084846,0.012028,1.612385,21.815167,0.002648,true,true
1318,591,188,0.067538,0.012008,2.575510,35.816973,0.004348,true,true
1317,875,371,0.084624,0.012177,5.255225,73.842656,0.008964,true,true
1324,1489,247,0.142051,0.012303,3.411673,46.694296,0.005668,true,true
1320,1395,343,0.132906,0.012285,5.100442,70.942628,0.008612,true,true
1322,1499,323,0.148047,0.012319,4.683623,64.773696,0.007863,true,true
1321,600,347,0.069819,0.012307,5.035548,70.916826,0.008609,true,true
1323,712,345,0.075123,0.012319,4.921386,69.210681,0.008401,true,true
1327,526,188,0.055617,0.012364,2.673992,37.393671,0.004539,true,true
1325,683,273,0.071654,0.012354,4.012525,56.280561,0.006832,true,true
1326,1348,259,0.128308,0.012339,3.767164,51.967411,0.006308,true,true
1328,1280,233,0.126553,0.012283,3.260393,44.755157,0.005433,true,true
1329,1158,337,0.118729,0.012229,4.932493,68.746572,0.008345,true,true
1331,1031,261,0.107577,0.012228,3.815902,52.959521,0.006429,true,true
1330,828,346,0.079920,0.012240,4.928909,69.249628,0.008406,true,true
1333,1325,232,0.134466,0.012312,3.256329,44.584107,0.005412,true,true
1334,1500,219,0.148179,0.012306,2.969996,40.299073,0.004892,true,true
1332,1379,315,0.132224,0.012260,4.383042,60.706986,0.007369,true,true
1335,1502,257,0.150265,0.012205,3.274621,44.619712,0.005416,true,true
1338,843,179,0.084285,0.012129,2.478837,34.197197,0.004151,true,true
1337,755,245,0.081070,0.012099,3.349103,46.671590,0.005665,true,true
1336,1217,331,0.113583,0.012026,4.470294,62.219275,0.007553,true,true
1339,1332,301,0.126613,0.012131,4.170627,57.753580,0.007011,true,true
1341,522,174,0.057195,0.012147,2.451614,34.195293,0.004151,true,true
1340,618,210,0.063150,0.012149,2.946786,41.181918,0.004999,true,true
1343,1050,241,0.163932,0.012080,3.244635,43.996299,0.005341,true,true
1344,589,324,0.067008,0.012079,4.284507,60.231149,0.007311,true,true
1342,1477,350,0.142148,0.012090,5.029546,69.798155,0.008473,true,true
1345,1332,274,0.123941,0.012193,4.036324,55.873721,0.006782,true,true
1347,1411,133,0.135222,0.012283,2.148124,28.746764,0.003490,true,true
1346,629,217,0.068837,0.012223,3.231450,45.166057,0.005483,true,true
1349,986,214,0.176021,0.012219,2.974480,39.965504,0.004851,true,true
1348,1097,227,0.111447,0.012208,3.159211,43.525873,0.005284,true,true
1351,834,172,0.086023,0.012034,2.143762,29.387083,0.003567,true,true
1350,1248,250,0.128039,0.012098,3.219949,44.156338,0.005360,true,true
1354,652,174,0.074659,0.012098,2.281824,31.521066,0.003826,true,true
1353,1342,230,0.129447,0.012071,3.071180,42.011623,0.005100,true,true
1352,1330,308,0.123666,0.012013,4.113875,56.985174,0.006917,true,true
1355,1224,305,0.124854,0.012006,3.962002,54.799275,0.006652,true,true
1356,1078,243,0.105473,0.011917,3.127053,43.151937,0.005238,true,true
1359,730,165,0.070987,0.012015,2.251946,31.146820,0.003781,true,true
1357,910,360,0.094725,0.011963,4.721664,66.078469,0.008021,true,true
1360,1208,187,0.113123,0.012036,2.569064,35.073914,0.004258,true,true
1358,521,261,0.053696,0.012008,3.576062,50.303796,0.006106,true,true
1361,1039,256,0.108732,0.012016,3.523692,48.769897,0.005920,true,true
1362,1284,375,0.131423,0.012093,5.155007,71.743058,0.008709,true,true
1363,1207,362,0.119313,0.012176,4.970360,69.279019,0.008410,true,true
1366,963,245,0.100088,0.012251,3.448377,47.817753,0.005805,true,true
1365,650,323,0.072592,0.012217,4.456550,62.608399,0.007600,true,true
1364,568,374,0.064164,0.012220,5.394573,76.124904,0.009241,true,true
1370,1212,166,0.120287,0.012313,2.504680,34.052109,0.004134,true,true
1368,531,262,0.064618,0.012313,3.811736,53.513523,0.006496,true,true
1367,1356,308,0.137052,0.012314,4.503402,62.356944,0.007569,true,true
1369,702,332,0.078504,0.012277,4.608019,64.687144,0.007852,true,true
1372,959,265,0.102057,0.012263,3.773344,52.430576,0.006364,true,true
1374,992,251,0.098064,0.012233,3.411268,47.316697,0.005744,true,true
1371,877,371,0.092837,0.012259,5.153053,72.266211,0.008772,true,true
1373,901,383,0.093255,0.012242,5.118066,71.760586,0.008711,true,true
1377,730,189,0.073150,0.012201,2.507581,34.766716,0.004220,true,true
1375,935,245,0.090400,0.012174,3.367885,46.806573,0.005682,true,true
1378,1520,131,0.146292,0.012045,1.878715,24.741171,0.003003,true,true
1376,1023,310,0.107467,0.012135,4.234567,58.940138,0.007155,true,true
1383,774,155,0.079272,0.012254,2.094357,28.777927,0.003493,true,true
1379,598,374,0.060153,0.012085,5.080879,71.702248,0.008704,true,true
1380,1157,380,0.118189,0.012100,5.108896,71.273531,0.008652,true,true
1382,1085,331,0.105779,0.012219,4.479013,62.455242,0.007581,true,true
1381,1074,379,0.112347,0.012204,5.168434,72.207244,0.008765,true,true
1384,1378,372,0.132573,0.012188,4.793539,66.564427,0.008080,true,true
1385,578,305,0.068029,0.012036,3.944351,55.358712,0.006720,true,true
1386,869,362,0.085269,0.012013,4.678631,65.598951,0.007963,true,true
1387,1454,289,0.137260,0.012152,4.311071,59.607238,0.007236,true,true
1388,536,235,0.053475,0.012228,3.535919,49.733655,0.006037,true,true
1390,1043,223,0.108686,0.012310,3.295661,45.513988,0.005525,true,true
1389,718,294,0.072750,0.012295,4.403567,61.849481,0.007508,true,true
1391,997,265,0.094378,0.012378,3.898650,54.329763,0.006595,true,true
1393,1380,235,0.134492,0.012409,3.333244,45.682175,0.005545,true,true
1392,1214,315,0.114256,0.012362,4.717275,65.736867,0.007980,true,true
1394,1274,314,0.123024,0.012356,4.464846,62.006653,0.007527,true,true
1396,780,245,0.082288,0.012282,3.377323,47.057217,0.005712,true,true
1395,1084,358,0.111039,0.012326,5.312353,74.281260,0.009017,true,true
1397,1064,248,0.110958,0.012326,3.781933,52.426117,0.006364,true,true
1398,1292,228,0.131532,0.012345,3.440040,47.249634,0.005736,true,true
1403,846,158,0.089808,0.012410,2.203530,30.186599,0.003664,true,true
1399,818,370,0.078116,0.012313,5.118158,71.978110,0.008737,true,true
1400,873,343,0.091958,0.012354,4.999085,70.079911,0.008507,true,true
1402,609,331,0.071334,0.012374,4.669199,65.663255,0.007971,true,true
1401,1158,377,0.111961,0.012368,5.423090,75.849563,0.009207,true,true
1404,1032,371,0.109318,0.012361,5.106786,71.370097,0.008664,true,true
1405,709,358,0.072718,0.012284,4.813676,67.706809,0.008219,true,true
1406,1044,312,0.101683,0.012263,4.173045,58.144131,0.007058,true,true
1407,1039,304,0.109373,0.012250,3.980895,55.290182,0.006712,true,true
1408,760,307,0.165482,0.012246,3.999886,54.760084,0.006647,true,true
1409,919,217,0.092579,0.012099,2.705889,37.321339,0.004530,true,true
1410,1094,309,0.102609,0.012044,4.261540,59.394735,0.007210,true,true
1411,1510,356,0.150799,0.012134,5.109926,70.822542,0.008597,true,true
1413,808,213,0.085903,0.012326,3.275877,45.556807,0.005530,true,true
1412,1292,274,0.129603,0.012306,4.143085,57.317536,0.006958,true,true
1415,1340,164,0.128039,0.012423,2.493124,33.776365,0.004100,true,true
1416,1215,244,0.172744,0.012375,3.701352,50.392928,0.006117,true,true
1417,1108,264,0.112111,0.012373,3.783727,52.435255,0.006365,true,true
1414,1202,343,0.123320,0.012353,5.107607,71.181849,0.008641,true,true
1418,1321,266,0.134725,0.012302,3.689528,50.767030,0.006163,true,true
1420,888,139,0.089921,0.012197,1.866552,25.372509,0.003080,true,true
1421,992,256,0.096935,0.012189,3.898570,54.292103,0.006590,true,true
1419,1255,358,0.118517,0.012357,5.591507,78.161136,0.009488,true,true
1424,1481,155,0.280073,0.012754,2.738107,35.103801,0.004261,true,true
1425,1325,170,0.257773,0.012731,2.903130,37.779009,0.004586,true,true
1426,830,171,0.245428,0.012729,2.824098,36.826643,0.004470,true,true
1423,722,176,0.079616,0.012716,3.054098,42.479325,0.005157,true,true
1422,675,235,0.066403,0.012580,3.828650,53.729591,0.006522,true,true
1429,780,215,0.078977,0.012530,3.087583,42.966659,0.005216,true,true
1427,1310,286,0.124848,0.012529,4.333862,60.109993,0.007297,true,true
1430,1242,294,0.170591,0.012486,4.373814,60.027279,0.007287,true,true
1428,1093,354,0.110525,0.012493,5.255768,73.480494,0.008920,true,true
1432,788,218,0.081229,0.012477,3.468551,48.375190,0.005872,true,true
1431,1468,267,0.140631,0.012446,4.206549,58.066387,0.007049,true,true
1435,977,173,0.099561,0.012530,2.601159,35.725943,0.004337,true,true
1437,1133,133,0.186639,0.012596,1.901496,24.490295,0.002973,true,true
1434,1146,305,0.108066,0.012448,4.598029,64.122289,0.007784,true,true
1433,1447,350,0.138294,0.012433,5.290172,73.575252,0.008931,true,true
1438,791,304,0.186539,0.012535,4.673455,64.078766,0.007778,true,true
1436,1261,339,0.124485,0.012536,5.327265,74.302202,0.009019,true,true
1439,529,379,0.057586,0.012538,5.533769,78.206747,0.009493,true,true
1441,1393,277,0.264150,0.013501,4.903239,66.251993,0.008042,true,true
1440,1489,281,0.142563,0.013552,4.979179,69.072919,0.008385,true,true
1442,526,319,0.056598,0.014223,5.440469,76.888414,0.009333,true,true
1443,1407,330,0.135978,0.014292,5.568319,77.580617,0.009417,true,true
1444,1310,321,0.130178,0.014344,5.328719,74.241666,0.009012,true,true
1446,1068,273,0.104030,0.014584,4.513845,62.977668,0.007645,true,true
1445,674,344,0.075490,0.014207,5.491684,77.350017,0.009389,true,true
1448,652,221,0.075658,0.015044,3.665526,51.267803,0.006223,true,true
1451,551,205,0.068282,0.014612,3.336610,46.675807,0.005666,true,true
1452,557,223,0.080579,0.014430,3.595102,50.191782,0.006093,true,true
1447,1062,339,0.110623,0.014095,5.783943,81.022097,0.009835,true,true
1449,738,361,0.076284,0.014006,6.027219,84.986792,0.010316,true,true
1454,1409,132,0.131428,0.012585,2.369147,31.957413,0.003879,true,true
1455,820,135,0.087610,0.012594,2.286101,31.397206,0.003811,true,true
1450,1069,379,0.108913,0.013715,6.307639,88.525564,0.010746,true,true
1459,811,156,0.077924,0.012583,2.234407,30.797268,0.003738,true,true
1453,1089,265,0.112014,0.012514,4.219194,58.655661,0.007120,true,true
1460,1315,164,0.123012,0.012521,2.247665,30.342709,0.003683,true,true
1461,883,226,0.091249,0.012330,2.961760,40.994480,0.004976,true,true
1457,1532,318,0.145040,0.012433,4.522649,62.517723,0.007589,true,true
1456,1212,343,0.115406,0.012423,4.941990,68.929648,0.008367,true,true
1458,576,297,0.057629,0.012413,4.111590,57.895624,0.007028,true,true
1462,1024,323,0.098700,0.012093,4.592920,64.183076,0.007791,true,true
1463,761,255,0.076077,0.012116,3.741064,52.340596,0.006354,true,true
1464,1419,254,0.135372,0.012164,3.668727,50.460728,0.006125,true,true
1465,580,229,0.061393,0.012226,3.248182,45.511329,0.005525,true,true
1468,598,190,0.060576,0.012252,2.541585,35.431905,0.004301,true,true
1466,704,234,0.073398,0.012234,3.255354,45.442306,0.005516,true,true
1469,1123,229,0.107252,0.012191,2.946895,40.553661,0.004923,true,true
1470,618,239,0.066469,0.012138,2.955272,41.255719,0.005008,true,true
1467,1151,293,0.109310,0.012152,3.975208,55.209863,0.006702,true,true
1472,854,269,0.092842,0.012133,3.985196,55.587684,0.006748,true,true
1473,1322,252,0.124571,0.012240,3.714598,51.270071,0.006224,true,true
1471,995,350,0.101643,0.012169,5.070528,70.961890,0.008614,true,true
1477,1205,158,0.114028,0.012398,2.232374,30.252632,0.003672,true,true
1476,1021,208,0.100239,0.012363,2.943892,40.610911,0.004930,true,true
1474,598,371,0.175426,0.012250,5.167355,71.290982,0.008654,true,true
1478,827,182,0.141415,0.012357,2.471111,33.270979,0.004039,true,true
1475,829,318,0.090010,0.012280,4.363344,61.028548,0.007408,true,true
1479,988,290,0.122566,0.012163,3.751899,51.831405,0.006292,true,true
1480,1223,352,0.120780,0.011978,4.734345,65.887479,0.007998,true,true
1482,787,256,0.084034,0.012046,3.549404,49.489807,0.006008,true,true
1481,555,321,0.057814,0.012046,4.381342,61.745387,0.007495,true,true
1484,1515,225,0.146371,0.012298,3.413958,46.665233,0.005665,true,true
1483,1505,352,0.143250,0.012296,5.111922,70.958851,0.008614,true,true
1486,1075,210,0.102380,0.012411,3.314877,45.878477,0.005569,true,true
1485,1224,293,0.115347,0.012341,4.438420,61.738890,0.007494,true,true
1489,1288,222,0.124590,0.012412,3.298003,45.320298,0.005501,true,true
1488,1051,315,0.100543,0.012398,4.614581,64.466093,0.007825,true,true
1487,829,358,0.121845,0.012387,5.263873,73.434583,0.008914,true,true
1492,1530,206,0.148508,0.012336,2.920587,39.588752,0.004806,true,true
1490,1257,250,0.120043,0.012330,3.637236,50.229912,0.006097,true,true
1494,738,177,0.080800,0.012200,2.365095,32.622590,0.003960,true,true
1495,648,150,0.068816,0.012145,1.952779,26.905353,0.003266,true,true
1491,641,326,0.070489,0.012247,4.509956,63.401140,0.007696,true,true
1493,1172,337,0.121843,0.012151,4.412435,61.275024,0.007438,true,true
1496,777,219,0.075630,0.011921,2.830539,39.343553,0.004776,true,true
1497,925,182,0.098493,0.011973,2.617037,35.967966,0.004366,true,true
1498,714,144,0.076489,0.012002,2.075498,28.548338,0.003465,true,true
1500,1036,153,0.103277,0.012026,1.994826,27.013688,0.003279,true,true
1501,657,134,0.064574,0.012013,1.662258,22.816925,0.002770,true,true
1499,1307,378,0.124558,0.011961,4.883751,67.967215,0.008250,true,true
1502,939,379,0.088896,0.011911,4.844833,67.920724,0.008245,true,true
1503,675,367,0.073995,0.012033,5.196729,73.159039,0.008881,true,true
1504,636,312,0.071641,0.012162,4.511029,63.400006,0.007696,true,true
1505,1363,316,0.126742,0.012251,4.632248,64.344262,0.007811,true,true
1508,954,177,0.096447,0.012448,2.718849,37.451176,0.004546,true,true
1506,631,264,0.071733,0.012356,4.118891,57.798477,0.007016,true,true
1510,1021,219,0.107456,0.012429,3.271920,45.192502,0.005486,true,true
1511,1362,182,0.134759,0.012437,2.714162,36.837098,0.004472,true,true
1507,656,283,0.073929,0.012395,4.382717,61.534876,0.007470,true,true
1509,985,325,0.100331,0.012373,4.739641,66.255144,0.008043,true,true
1513,1386,181,0.135868,0.012220,2.498631,33.743212,0.004096,true,true
1512,1245,362,0.124772,0.012216,4.934718,68.692042,0.008338,true,true
1514,881,333,0.092265,0.012147,4.312796,60.274457,0.007317,true,true
1515,835,354,0.090867,0.012107,4.598701,64.377500,0.007815,true,true
1516,1157,294,0.114988,0.012044,3.969291,55.044264,0.006682,true,true
1517,1356,348,0.136824,0.012060,4.618343,64.001705,0.007769,true,true
1518,1174,251,0.119623,0.012089,3.328778,45.830742,0.005563,true,true
1519,950,320,0.098195,0.012033,4.217997,58.835924,0.007142,true,true
1520,1032,312,0.106972,0.012041,4.202471,58.488841,0.007100,true,true
1522,582,273,0.194056,0.012100,3.706347,50.159906,0.006089,true,true
1524,966,237,0.164998,0.012118,3.079350,41.620587,0.005052,true,true
1523,788,282,0.079309,0.012100,3.625176,50.639414,0.006147,true,true
1521,1428,331,0.194256,0.012087,4.403923,60.119305,0.007298,true,true
1525,556,269,0.058479,0.012130,3.817367,53.681609,0.006516,true,true
1526,828,176,0.084118,0.012254,2.985025,41.428575,0.005029,true,true
1529,1127,175,0.106013,0.012264,2.657644,36.440476,0.004423,true,true
1527,1240,207,0.167654,0.012273,3.336741,45.258537,0.005494,true,true
1530,957,167,0.100382,0.012310,2.471062,33.856275,0.004110,true,true
1528,1263,255,0.161241,0.012257,3.797823,51.934935,0.006304,true,true
1533,1293,168,0.166551,0.012214,2.318054,30.726146,0.003730,true,true
1531,1500,216,0.147577,0.012228,3.076684,41.831298,0.005078,true,true
1532,707,281,0.077887,0.012119,3.833280,53.631714,0.006510,true,true
1534,1196,306,0.120537,0.012012,3.914166,54.177765,0.006577,true,true
1535,1401,341,0.136310,0.011977,4.470042,61.891107,0.007513,true,true
1536,758,244,0.073467,0.012031,3.399386,47.498279,0.005766,true,true
1538,596,291,0.074503,0.012364,4.390082,61.631859,0.007481,true,true
1540,964,206,0.099184,0.012519,3.226707,44.664935,0.005422,true,true
1537,535,323,0.062727,0.012430,4.927830,69.479757,0.008434,true,true
1539,818,295,0.082926,0.012515,4.575737,64.162958,0.007789,true,true
1543,1319,203,0.132430,0.013306,3.483256,47.853993,0.005809,true,true
1542,696,241,0.078515,0.013176,4.026473,56.381781,0.006844,true,true
1541,1316,356,0.178400,0.012931,5.621758,77.737952,0.009437,true,true
1547,779,197,0.081360,0.013570,3.317904,46.221890,0.005611,true,true
1551,695,185,0.077601,0.014442,3.272954,45.633631,0.005539,true,true
1544,681,371,0.080090,0.013767,6.308962,88.956083,0.010798,true,true
1545,612,332,0.065536,0.014001,5.775462,81.544882,0.009899,true,true
1549,913,254,0.094456,0.014262,4.407087,61.589772,0.007476,true,true
1546,1328,384,0.130898,0.013825,6.378164,89.218763,0.010830,true,true
1548,917,377,0.097932,0.013712,6.044592,84.925741,0.010309,true,true
1556,1414,150,0.132574,0.013134,2.089545,27.947995,0.003393,true,true
1550,1057,348,0.106059,0.013780,5.586204,78.263329,0.009500,true,true
1552,1379,315,0.134732,0.013483,4.871574,67.648016,0.008212,true,true
1553,1168,304,0.121954,0.013477,4.599656,63.947189,0.007762,true,true
1554,561,284,0.062312,0.013287,4.301219,60.536890,0.007349,true,true
1555,1228,354,0.122961,0.012998,5.075484,70.728230,0.008586,true,true
1557,990,230,0.094425,0.012063,2.996683,41.447872,0.005031,true,true
1558,831,171,0.086537,0.012001,2.187287,30.001334,0.003642,true,true
1559,623,252,0.071981,0.011960,3.366678,47.052380,0.005712,true,true
1563,945,232,0.098045,0.012195,3.250667,45.023387,0.005465,true,true
1560,814,275,0.087020,0.012156,3.968185,55.427882,0.006728,true,true
1561,739,284,0.146456,0.012159,4.167277,57.422354,0.006970,true,true
1565,801,137,0.078113,0.012313,2.014008,27.647004,0.003356,true,true
1562,558,297,0.060441,0.012185,4.244435,59.752654,0.007253,true,true
1567,1093,230,0.104873,0.012268,3.166794,43.728056,0.005308,true,true
1566,601,258,0.059898,0.012259,3.565615,50.066009,0.006077,true,true
1568,1067,155,0.105701,0.012199,2.136805,29.006711,0.003521,true,true
1564,1041,375,0.101078,0.012206,5.156236,72.193973,0.008764,true,true
1569,529,162,0.062815,0.012142,2.172104,30.123281,0.003657,true,true
1570,1067,312,0.105823,0.011998,4.012597,55.793621,0.006773,true,true
1571,551,277,0.061942,0.011894,3.465940,48.613351,0.005901,true,true
1572,1303,246,0.124485,0.011886,3.036533,41.587681,0.005048,true,true
1575,1449,139,0.145298,0.012236,2.290189,30.631719,0.003718,true,true
1577,833,137,0.086019,0.012289,2.028003,27.733958,0.003367,true,true
1574,692,223,0.077462,0.012232,3.383443,47.213541,0.005731,true,true
1573,715,289,0.068794,0.012161,4.228547,59.406479,0.007211,true,true
1576,1136,298,0.217855,0.012234,4.370417,59.303788,0.007199,true,true
1578,1232,309,0.125434,0.012250,4.289880,59.473493,0.007219,true,true
1580,638,259,0.066874,0.012229,3.457687,48.425051,0.005878,true,true
1579,995,384,0.100575,0.012231,5.253217,73.586172,0.008933,true,true
1581,572,271,0.068116,0.012201,3.712679,52.048918,0.006318,true,true
1582,1211,329,0.114187,0.012180,4.346449,60.441988,0.007337,true,true
1583,691,323,0.071107,0.012148,4.264377,59.885133,0.007269,true,true
1584,977,341,0.098778,0.012132,4.501418,62.875204,0.007632,true,true
1585,824,346,0.081832,0.012129,4.553045,63.854520,0.007751,true,true
1587,935,198,0.090798,0.012072,2.631958,36.290930,0.004405,true,true
1588,926,198,0.094668,0.012048,2.543342,34.970126,0.004245,true,true
1586,1186,357,0.122191,0.012037,4.658605,64.785660,0.007864,true,true
1589,788,348,0.078997,0.011948,4.225044,59.210743,0.007188,true,true
1592,810,143,0.086043,0.011993,2.015982,27.561942,0.003346,true,true
1590,809,208,0.077181,0.011968,2.931007,40.756210,0.004947,true,true
1591,754,222,0.078493,0.011993,3.033206,42.196994,0.005122,true,true
1594,1072,205,0.104983,0.012127,2.978890,41.042983,0.004982,true,true
1595,730,195,0.076625,0.012373,3.270520,45.612811,0.005537,true,true
1597,984,141,0.104035,0.012519,2.458098,33.618967,0.004081,true,true
1593,1359,338,0.136609,0.012298,5.245527,72.961740,0.008857,true,true
1596,1058,246,0.101749,0.012420,3.838758,53.369149,0.006478,true,true
1598,1488,196,0.139373,0.012522,3.044698,41.491667,0.005037,true,true
1602,1348,135,0.134250,0.012528,1.813018,23.974905,0.002910,true,true
1601,847,226,0.084276,0.012396,3.124805,43.422556,0.005271,true,true
1599,1472,319,0.137316,0.012374,4.744151,65.791364,0.007986,true,true
1600,1305,379,0.126397,0.012351,5.479907,76.454809,0.009281,true,true
1603,1357,241,0.137805,0.012225,3.482838,47.771253,0.005799,true,true
1604,927,232,0.092933,0.012256,3.503354,48.705070,0.005912,true,true
1606,1449,254,0.138942,0.012276,3.558876,48.840931,0.005929,true,true
1608,1319,147,0.128114,0.012300,2.056968,27.546450,0.003344,true,true
1605,1411,378,0.166826,0.012250,5.414629,74.945182,0.009098,true,true
1607,597,322,0.064526,0.012229,4.427225,62.304802,0.007563,true,true
1611,1322,148,0.123549,0.012168,2.095289,28.158914,0.003418,true,true
1609,1436,361,0.138697,0.012223,5.110576,71.004645,0.008619,true,true
1610,598,253,0.064558,0.012185,3.648476,51.182832,0.006213,true,true
1612,612,225,0.061329,0.012201,3.201723,44.848751,0.005444,true,true
1615,1114,155,0.116093,0.012195,2.070824,27.915995,0.003389,true,true
1613,1327,283,0.127585,0.012178,3.845814,53.100962,0.006446,true,true
1614,1097,364,0.114632,0.012124,4.901116,68.356986,0.008298,true,true
1617,1437,174,0.137127,0.012075,2.297316,30.850211,0.003745,true,true
1616,803,365,0.086094,0.012098,5.100114,71.606469,0.008692,true,true
1618,743,220,0.077833,0.012144,3.470020,48.444683,0.005881,true,true
1620,1435,140,0.141348,0.012350,2.502379,33.718469,0.004093,true,true
1622,1175,211,0.119877,0.012449,3.370256,46.419470,0.005635,true,true
1626,1291,150,0.129490,0.012587,2.193894,29.482277,0.003579,true,true
1623,765,174,0.078624,0.012568,2.815563,39.086909,0.004745,true,true
1625,1298,209,0.181438,0.012537,3.158351,42.514045,0.005161,true,true
1619,789,329,0.082644,0.012398,5.175792,72.736509,0.008829,true,true
1621,925,360,0.088841,0.012429,5.560836,78.146920,0.009486,true,true
1627,1198,204,0.122147,0.012461,2.993109,41.000931,0.004977,true,true
1624,1432,313,0.134927,0.012468,4.719056,65.467089,0.007947,true,true
1628,808,219,0.089566,0.012429,3.063304,42.468693,0.005155,true,true
1631,752,195,0.076974,0.012052,2.414965,33.389435,0.004053,true,true
1630,1425,275,0.134567,0.012100,3.521932,48.375798,0.005872,true,true
1629,617,342,0.062373,0.012097,4.636306,65.321476,0.007929,true,true
1636,674,131,0.075497,0.012337,1.915874,26.282892,0.003190,true,true
1638,815,156,0.148988,0.012364,2.122743,28.187698,0.003422,true,true
1632,519,257,0.061138,0.012239,3.826940,53.780353,0.006528,true,true
1637,1081,234,0.113072,0.012350,3.230822,44.525370,0.005405,true,true
1639,587,202,0.062854,0.012347,2.649867,36.945778,0.004485,true,true
1633,1531,383,0.192537,0.012254,5.469768,75.365455,0.009149,true,true
1635,1486,360,0.148392,0.012279,4.963437,68.764858,0.008347,true,true
1634,523,380,0.057414,0.012262,5.249321,74.146927,0.009001,true,true
1640,1123,297,0.110796,0.012072,3.909894,54.255868,0.006586,true,true
1641,612,183,0.068456,0.011951,2.409899,33.438739,0.004059,true,true
1642,877,210,0.093966,0.012010,3.028667,41.911207,0.005088,true,true
1644,1249,146,0.125235,0.012162,2.176320,29.292061,0.003556,true,true
1646,1288,162,0.127697,0.012182,2.350642,31.746433,0.003854,true,true
1643,875,361,0.084838,0.012129,5.115831,71.848865,0.008722,true,true
1645,1124,293,0.149021,0.012182,4.215725,58.077623,0.007050,true,true
1647,644,277,0.064000,0.012177,3.855163,54.142540,0.006572,true,true
1649,1359,235,0.131508,0.012173,3.211087,43.980244,0.005339,true,true
1648,761,268,0.082519,0.012167,3.688327,51.495441,0.006251,true,true
1650,631,183,0.067146,0.012145,2.447376,33.992670,0.004126,true,true
1651,691,375,0.075690,0.012185,5.406155,76.125699,0.009241,true,true
1654,1236,194,0.123056,0.012295,2.942379,40.263463,0.004888,true,true
1653,1160,260,0.113476,0.012252,3.848582,53.341986,0.006475,true,true
1652,1100,346,0.111083,0.012226,4.999305,69.809908,0.008474,true,true
1657,908,128,0.092796,0.012373,1.999867,27.235368,0.003306,true,true
1656,880,247,0.095658,0.012357,3.646612,50.712052,0.006156,true,true
1658,1464,188,0.135987,0.012353,2.735552,37.125033,0.004507,true,true
1655,1528,382,0.148316,0.012317,5.537810,76.968715,0.009343,true,true
1661,946,133,0.095986,0.012239,1.813554,24.529015,0.002978,true,true
1660,1195,307,0.112368,0.012257,4.551255,63.392846,0.007695,true,true
1659,936,340,0.090787,0.012259,5.046339,70.771473,0.008591,true,true
1662,1088,258,0.104783,0.012262,3.752714,52.097012,0.006324,true,true
1664,1175,131,0.121709,0.012366,2.009184,26.955506,0.003272,true,true
1663,1142,281,0.115113,0.012250,4.126868,57.292867,0.006955,true,true
1666,571,217,0.064930,0.012259,3.017168,42.161639,0.005118,true,true
1665,1194,302,0.132540,0.012258,4.308838,59.642746,0.007240,true,true
1668,584,197,0.063063,0.012194,2.819587,39.366614,0.004779,true,true
1667,1204,373,0.121797,0.012225,5.092952,70.994304,0.008618,true,true
1670,1359,156,0.136764,0.012191,2.131710,28.490320,0.003458,true,true
1669,1455,299,0.138046,0.012152,4.234268,58.499162,0.007101,true,true
1672,550,234,0.056499,0.012114,3.261682,45.774024,0.005556,true,true
1671,1125,289,0.105545,0.012127,4.106861,57.143792,0.006937,true,true
1674,817,271,0.143043,0.012165,3.801266,52.243995,0.006342,true,true
1673,1191,309,0.122248,0.012179,4.391361,60.968264,0.007401,true,true
1678,1156,144,0.110905,0.012206,1.922799,25.876104,0.003141,true,true
1675,1206,320,0.118636,0.012195,4.454919,61.927543,0.007517,true,true
1677,751,285,0.083091,0.012181,3.835784,53.593149,0.006506,true,true
1676,851,327,0.085912,0.012165,4.416788,61.850322,0.007508,true,true
1679,689,382,0.073257,0.012118,5.054887,71.143904,0.008636,true,true
1682,870,185,0.087646,0.012116,2.374437,32.658235,0.003964,true,true
1681,1131,238,0.109177,0.012096,3.247695,44.821961,0.005441,true,true
1680,1273,359,0.127509,0.012081,4.830075,67.158525,0.008152,true,true
1683,588,231,0.069102,0.012064,2.975554,41.507777,0.005039,true,true
1684,1420,140,0.137397,0.011957,2.080470,27.749507,0.003368,true,true
1685,1536,206,0.144651,0.012045,2.829744,38.346483,0.004655,true,true
1687,805,178,0.082302,0.012039,2.287992,31.500019,0.003824,true,true
1686,1502,286,0.143793,0.012030,3.723968,51.129375,0.006207,true,true
1688,783,233,0.080617,0.011983,3.184757,44.330995,0.005381,true,true
1690,749,130,0.082137,0.012080,1.865935,25.474871,0.003092,true,true
1691,602,172,0.070237,0.012154,2.617788,36.382210,0.004416,true,true
1692,606,180,0.068546,0.012198,2.662082,37.038930,0.004496,true,true
1693,1151,139,0.119432,0.012239,2.110860,28.440079,0.003452,true,true
1689,1452,326,0.135366,0.012110,4.842881,67.229198,0.008161,true,true
1694,1151,235,0.115448,0.012229,3.343735,46.103970,0.005597,true,true
1698,746,135,0.073479,0.012183,1.706053,23.315197,0.002830,true,true
1695,906,274,0.085956,0.012191,3.695204,51.544577,0.006257,true,true
1697,1070,204,0.107933,0.012130,2.641903,36.188256,0.004393,true,true
1696,1165,353,0.109221,0.012124,4.937018,68.946971,0.008369,true,true
1699,721,233,0.074556,0.012374,3.669208,51.336130,0.006232,true,true
1704,615,182,0.105893,0.012603,2.672345,36.652145,0.004449,true,true
1703,615,194,0.070521,0.012593,2.846100,39.638728,0.004812,true,true
1701,1092,253,0.113979,0.012492,3.774549,52.277520,0.006346,true,true
1700,1164,266,0.114731,0.012479,4.036628,56.009593,0.006799,true,true
1707,917,168,0.096328,0.012629,2.205299,30.118741,0.003656,true,true
1702,1149,301,0.113417,0.012435,4.248967,59.060821,0.007169,true,true
1706,1425,310,0.135469,0.012410,4.556131,63.132570,0.007664,true,true
1705,688,346,0.074094,0.012396,5.068914,71.332277,0.008659,true,true
1709,1471,177,0.202350,0.012251,2.683539,35.434482,0.004301,true,true
1708,1465,195,0.147304,0.012250,3.096034,42.111541,0.005112,true,true
1711,970,201,0.094468,0.012239,2.807142,38.740373,0.004703,true,true
1714,573,161,0.061113,0.012259,2.219142,30.819355,0.003741,true,true
1710,1465,368,0.136272,0.012255,5.260820,73.184952,0.008884,true,true
1712,1040,314,0.102792,0.012264,4.512781,62.980164,0.007645,true,true
1713,1188,294,0.118101,0.012263,4.171543,57.888218,0.007027,true,true
1716,861,272,0.082167,0.012294,3.840537,53.674220,0.006515,true,true
1717,772,180,0.084326,0.012281,2.635523,36.434274,0.004423,true,true
1715,1231,373,0.124387,0.012271,5.197931,72.456549,0.008795,true,true
1718,731,294,0.076746,0.012215,3.938362,55.148709,0.006694,true,true
1721,1011,209,0.095482,0.012179,2.628772,36.178547,0.004392,true,true
1719,657,282,0.065615,0.012171,3.704593,51.969143,0.006308,true,true
1720,1332,339,0.129259,0.012136,4.889796,67.986416,0.008253,true,true
1722,1298,161,0.127647,0.012243,2.785957,37.963982,0.004608,true,true
1728,1343,163,0.136547,0.012723,2.455387,33.115928,0.004020,true,true
1724,1212,248,0.120398,0.012606,3.948856,54.675155,0.006637,true,true
1727,1423,218,0.132637,0.012675,3.343535,45.855639,0.005566,true,true
1731,796,128,0.087907,0.012791,1.790206,24.310968,0.002951,true,true
1726,1460,294,0.146553,0.012595,4.659818,64.455060,0.007824,true,true
1723,1394,350,0.137062,0.012519,5.642196,78.620202,0.009544,true,true
1730,637,174,0.065029,0.012693,2.645208,36.848181,0.004473,true,true
1725,671,377,0.075690,0.012529,5.850972,82.478252,0.010012,true,true
1729,1288,295,0.120035,0.012555,4.363702,60.604868,0.007357,true,true
1734,1160,281,0.115647,0.012313,3.907743,54.155867,0.006574,true,true
1736,1217,173,0.124392,0.012341,2.433519,32.977209,0.004003,true,true
1732,817,359,0.086145,0.012337,5.139351,72.166097,0.008760,true,true
1733,1310,356,0.126225,0.012297,5.006497,69.696385,0.008460,true,true
1737,1339,193,0.133038,0.012292,2.555080,34.589782,0.004199,true,true
1735,1135,350,0.107819,0.012249,4.682687,65.334844,0.007931,true,true
1739,620,128,0.061545,0.011876,1.686028,23.199648,0.002816,true,true
1738,639,317,0.073085,0.011927,4.018462,56.344918,0.006840,true,true
1740,1247,184,0.123438,0.011900,2.480180,33.657218,0.004086,true,true
1741,575,248,0.067682,0.012026,3.459974,48.446166,0.005881,true,true
1742,1319,290,0.123347,0.012097,4.162121,57.678751,0.007002,true,true
1744,944,216,0.090022,0.012201,3.041875,42.156157,0.005117,true,true
1743,1343,323,0.128677,0.012204,4.615776,64.081379,0.007779,true,true
1747,769,196,0.077316,0.012271,2.663314,36.931291,0.004483,true,true
1748,544,201,0.121153,0.012268,2.714357,37.034193,0.004496,true,true
1745,897,324,0.086049,0.012233,4.420441,61.900526,0.007514,true,true
1746,1249,341,0.118753,0.012161,4.722359,65.745261,0.007981,true,true
1749,1508,351,0.141752,0.012107,4.581136,63.399957,0.007696,true,true
1750,790,171,0.077239,0.012032,2.377668,32.852991,0.003988,true,true
1751,1363,361,0.129124,0.012122,4.987475,69.383318,0.008422,true,true
1752,1383,220,0.134752,0.012186,3.169393,43.338470,0.005261,true,true
1754,974,223,0.095775,0.012223,3.072797,42.515594,0.005161,true,true
1757,1263,145,0.128160,0.012153,1.878168,24.992307,0.003034,true,true
1753,1380,358,0.130636,0.012177,4.833251,67.159212,0.008152,true,true
1755,527,383,0.052341,0.012122,4.894511,69.152243,0.008394,true,true
1756,996,384,0.100021,0.012116,5.368940,75.246749,0.009134,true,true
1759,1498,168,0.187778,0.012268,2.583274,34.210676,0.004153,true,true
1763,1215,133,0.117762,0.013168,2.509694,34.159782,0.004147,true,true
1761,693,253,0.072768,0.012984,4.380089,61.513933,0.007467,true,true
1758,1501,316,0.149223,0.013115,5.623053,78.173125,0.009489,true,true
1762,671,287,0.070325,0.013555,4.917586,69.224951,0.008403,true,true
1760,1084,366,0.161795,0.013274,6.109066,84.934462,0.010310,true,true
1768,1109,141,0.108293,0.014681,2.432684,33.195213,0.004030,true,true
1767,1481,214,0.191445,0.014042,3.608696,48.802616,0.005924,true,true
1769,680,192,0.079247,0.013966,3.003410,41.760705,0.005069,true,true
1766,1134,261,0.107107,0.013749,4.323548,60.216040,0.007310,true,true
1764,1472,297,0.146323,0.013579,5.018059,69.574476,0.008446,true,true
1765,1115,276,0.116367,0.013670,4.623555,64.368288,0.007814,true,true
1770,1081,257,0.104143,0.013141,3.784331,52.557686,0.006380,true,true
1771,1087,268,0.103449,0.013082,3.810505,52.941386,0.006426,true,true
1772,541,185,0.060699,0.012227,2.565168,35.766937,0.004342,true,true
1774,871,261,0.082863,0.012041,3.364061,46.859611,0.005688,true,true
1773,821,356,0.090214,0.012043,4.598695,64.386749,0.007816,true,true
1776,579,303,0.063819,0.011978,3.758434,52.763722,0.006405,true,true
1775,995,376,0.101383,0.011963,4.721533,65.981518,0.008009,true,true
1777,809,206,0.081367,0.011976,3.102622,43.147301,0.005238,true,true
1780,1218,155,0.117671,0.012259,2.416126,32.824807,0.003985,true,true
1779,1413,213,0.141130,0.012332,3.542512,48.575994,0.005897,true,true
1781,749,154,0.073534,0.012426,2.576194,35.741114,0.004339,true,true
1785,1402,134,0.136705,0.012536,1.994815,26.536130,0.003221,true,true
1778,1357,324,0.129285,0.012370,5.100953,71.001625,0.008619,true,true
1783,990,322,0.096112,0.012411,4.522899,63.220058,0.007674,true,true
1787,596,177,0.064231,0.012366,2.355924,32.728241,0.003973,true,true
1782,1328,371,0.129822,0.012393,5.366505,74.786376,0.009078,true,true
1786,1431,323,0.135534,0.012366,4.459985,61.758566,0.007497,true,true
1784,1310,370,0.124013,0.012357,5.289079,73.763595,0.008954,true,true
1790,713,258,0.077928,0.012194,3.633001,50.770886,0.006163,true,true
1788,1236,349,0.126880,0.012210,4.966150,69.110828,0.008389,true,true
1789,1070,299,0.101009,0.012210,4.229491,58.959887,0.007157,true,true
1792,1007,227,0.101680,0.012274,3.194676,44.171858,0.005362,true,true
1794,529,162,0.058182,0.012268,2.380806,33.169979,0.004026,true,true
1795,712,181,0.116708,0.012271,2.604443,35.527962,0.004313,true,true
1791,1313,364,0.128686,0.012234,5.147696,71.677742,0.008701,true,true
1793,880,288,0.087375,0.012242,4.000534,55.884804,0.006784,true,true
1798,700,157,0.140877,0.012097,2.027972,26.950078,0.003271,true,true
1796,1231,240,0.126448,0.012144,3.193066,43.795141,0.005316,true,true
1797,1027,226,0.102222,0.012028,2.966369,40.903601,0.004965,true,true
1799,956,190,0.102006,0.011859,2.415905,33.045375,0.004011,true,true
1800,757,172,0.072829,0.011853,2.174031,30.007800,0.003643,true,true
1802,890,184,0.092342,0.011947,2.439967,33.527018,0.004070,true,true
1801,778,320,0.082393,0.011923,4.131750,57.829878,0.007020,true,true
1803,1030,278,0.099244,0.011976,3.582357,49.743214,0.006038,true,true
1804,667,360,0.070164,0.012004,4.775283,67.194973,0.008157,true,true
1806,1174,259,0.111940,0.012124,3.486213,48.188829,0.005850,true,true
1807,663,269,0.064772,0.012124,3.496316,49.006739,0.005949,true,true
1805,1078,346,0.109685,0.012092,4.637546,64.663514,0.007849,true,true
1809,635,260,0.071245,0.012088,3.441533,48.131937,0.005843,true,true
1808,1295,326,0.127596,0.012098,4.573402,63.491674,0.007707,true,true
1810,1054,219,0.102592,0.012152,3.174972,43.877427,0.005326,true,true
1811,1519,230,0.143261,0.012222,3.532512,48.402741,0.005876,true,true
1813,1395,239,0.140747,0.012285,3.492996,47.874314,0.005811,true,true
1815,723,145,0.075433,0.012365,2.244135,30.971772,0.003760,true,true
1818,513,147,0.061444,0.012324,2.082246,28.859578,0.003503,true,true
1817,1531,204,0.234685,0.012348,3.013457,39.684331,0.004817,true,true
1812,877,379,0.094718,0.012287,5.658876,79.463139,0.009646,true,true
1814,729,354,0.075204,0.012309,5.342482,75.223324,0.009131,true,true
1820,1313,129,0.131045,0.012353,2.170964,29.132602,0.003536,true,true
1819,1057,205,0.101447,0.012338,3.199242,44.240384,0.005370,true,true
1816,1025,356,0.108786,0.012343,5.363118,75.038435,0.009109,true,true
1823,1499,190,0.199973,0.012339,2.839384,37.694083,0.004576,true,true
1822,655,243,0.063929,0.012332,3.607179,50.602037,0.006143,true,true
1825,1332,156,0.134401,0.012312,2.222706,29.823598,0.003620,true,true
1824,1247,298,0.126689,0.012285,4.240670,58.752789,0.007132,true,true
1821,1516,372,0.145788,0.012298,5.492072,76.351615,0.009268,true,true
1827,1208,169,0.122551,0.012205,2.334447,31.588639,0.003835,true,true
1826,697,315,0.068664,0.012165,4.267971,59.971353,0.007280,true,true
1828,1105,231,0.113105,0.012045,3.379454,46.647547,0.005662,true,true
1829,592,324,0.058207,0.012103,4.606539,64.955861,0.007885,true,true
1833,907,140,0.141111,0.012279,2.048973,27.246652,0.003307,true,true
1830,1124,327,0.106574,0.012180,4.804932,67.098418,0.008145,true,true
1832,1408,225,0.180786,0.012325,3.422229,46.291857,0.005619,true,true
1836,1432,136,0.136668,0.012398,2.064069,27.525697,0.003341,true,true
1831,1247,377,0.124061,0.012359,5.744862,80.272059,0.009744,true,true
1839,1450,204,0.138834,0.012920,3.202369,43.751113,0.005311,true,true
1837,626,300,0.166121,0.012750,4.612014,63.492909,0.007707,true,true
1834,1000,378,0.103997,0.012670,5.814670,81.555557,0.009900,true,true
1840,989,164,0.096189,0.013062,2.572779,35.368797,0.004293,true,true
1835,1142,383,0.108717,0.012668,5.775156,80.923840,0.009823,true,true
1843,779,135,0.086633,0.013096,1.969694,26.892459,0.003264,true,true
1842,1477,151,0.143527,0.013015,2.298470,30.775284,0.003736,true,true
1838,599,335,0.060057,0.012644,5.079824,71.688552,0.008702,true,true
1844,614,285,0.067086,0.012545,3.980074,55.882372,0.006783,true,true
1841,801,378,0.141256,0.012525,5.484547,76.308868,0.009263,true,true
1847,963,160,0.102227,0.012111,2.156314,29.334920,0.003561,true,true
1846,642,182,0.064013,0.012098,2.473067,34.404299,0.004176,true,true
1845,711,361,0.074374,0.012088,4.907516,69.023303,0.008379,true,true
1848,1384,300,0.140208,0.012113,4.358175,60.237831,0.007312,true,true
1851,948,151,0.091492,0.013147,2.868301,39.656314,0.004814,true,true
1850,793,292,0.095450,0.012827,4.722301,66.077228,0.008021,true,true
1849,1335,294,0.126996,0.012828,4.855691,67.531677,0.008198,true,true
1852,1199,160,0.121816,0.013594,3.213627,44.154920,0.005360,true,true
1857,1509,169,0.327603,0.013901,3.085751,39.389795,0.004781,true,true
1858,879,173,0.322303,0.013881,3.132631,40.134991,0.004872,true,true
1854,1269,212,0.130017,0.013612,3.820384,52.703054,0.006398,true,true
1855,595,196,0.066313,0.013713,3.500604,49.045958,0.005954,true,true
1856,1282,208,0.122641,0.013643,3.729480,51.510175,0.006253,true,true
1862,869,147,0.092551,0.012827,2.374605,32.590590,0.003956,true,true
1853,801,340,0.091083,0.013192,5.908938,83.086232,0.010086,true,true
1860,1486,192,0.148203,0.012868,3.197990,43.554771,0.005287,true,true
1863,1535,173,0.150215,0.012455,2.559845,34.412522,0.004177,true,true
1859,1093,341,0.107306,0.012883,5.217132,72.974689,0.008858,true,true
1861,1066,358,0.108093,0.012568,5.177602,72.398921,0.008788,true,true
1865,994,226,0.094046,0.012297,3.179545,44.064792,0.005349,true,true
1864,1128,306,0.115397,0.012289,4.275836,59.416277,0.007212,true,true
1866,707,313,0.070620,0.012255,4.340781,60.983235,0.007403,true,true
1869,742,204,0.124728,0.012325,3.153046,43.248174,0.005250,true,true
1871,600,155,0.069298,0.012490,2.386906,33.098337,0.004018,true,true
1868,938,269,0.098925,0.012389,4.080460,56.861303,0.006902,true,true
1867,961,365,0.091884,0.012333,5.331116,74.822775,0.009083,true,true
1872,1095,235,0.113195,0.012545,3.560643,49.233866,0.005976,true,true
1874,619,218,0.141220,0.012575,3.209917,43.824839,0.005320,true,true
1870,1483,382,0.148095,0.012564,6.074224,84.632523,0.010273,true,true
1876,657,248,0.070131,0.012656,3.882739,54.448803,0.006609,true,true
1873,1196,360,0.117891,0.012678,5.535821,77.374813,0.009392,true,true
1878,1179,245,0.116342,0.012688,3.678406,50.870725,0.006175,true,true
1875,571,376,0.066316,0.012671,5.568115,78.572566,0.009538,true,true
1881,963,165,0.093353,0.012755,2.324287,31.860522,0.003868,true,true
1882,1504,155,0.145474,0.012618,2.165777,28.852457,0.003502,true,true
1880,1356,230,0.155819,0.012635,3.356474,45.709357,0.005549,true,true
1877,1179,342,0.116473,0.012562,5.053526,70.507283,0.008559,true,true
1879,1179,244,0.115833,0.012601,3.611026,49.915715,0.006059,true,true
1883,808,238,0.088754,0.011922,3.123562,43.340851,0.005261,true,true
1884,1443,219,0.138809,0.012050,3.341943,45.744761,0.005553,true,true
1887,772,144,0.085690,0.012192,2.139757,29.334653,0.003561,true,true
1886,1246,266,0.127838,0.012210,3.827249,52.832211,0.006413,true,true
1885,791,362,0.080259,0.012150,5.046406,70.922778,0.008609,true,true
1890,1215,240,0.117012,0.012243,3.355008,46.242628,0.005613,true,true
1888,634,271,0.072849,0.012248,3.940954,55.241379,0.006706,true,true
1889,1465,362,0.147160,0.012298,5.406053,75.103571,0.009117,true,true
1891,833,215,0.085586,0.012342,3.353354,46.667819,0.005665,true,true
1892,982,172,0.093958,0.012382,2.745265,37.863981,0.004596,true,true
1893,1513,238,0.146196,0.012373,3.609255,49.456803,0.006004,true,true
1896,1401,241,0.156679,0.012375,3.263351,44.367160,0.005386,true,true
1895,1388,254,0.263979,0.012363,3.658472,48.477608,0.005885,true,true
1897,817,130,0.083287,0.012263,1.723894,23.429918,0.002844,true,true
1894,1459,270,0.147338,0.012341,3.862451,53.056458,0.006440,true,true
1898,602,148,0.061368,0.012089,1.838483,25.379415,0.003081,true,true
1900,1493,178,0.139923,0.012004,2.412181,32.450677,0.003939,true,true
1901,1004,170,0.101322,0.012015,2.184776,29.754316,0.003612,true,true
1899,580,345,0.056749,0.011921,4.518293,63.716428,0.007734,true,true
1902,537,336,0.060344,0.011955,4.313790,60.744525,0.007374,true,true
1904,697,136,0.078232,0.011984,1.857452,25.409493,0.003084,true,true
1905,1136,210,0.116262,0.012067,2.938452,40.304409,0.004893,true,true
1903,783,311,0.077451,0.012054,4.499271,63.149110,0.007666,true,true
1909,514,164,0.050934,0.012236,2.322201,32.436527,0.003937,true,true
1910,1193,144,0.122182,0.012256,2.040156,27.391062,0.003325,true,true
1906,561,360,0.060039,0.012177,5.014244,70.752241,0.008589,true,true
1907,795,335,0.084012,0.012200,4.665434,65.428436,0.007942,true,true
1911,1064,234,0.099959,0.012217,3.072687,42.454272,0.005153,true,true
1908,1270,365,0.128119,0.012188,4.952817,68.902717,0.008364,true,true
1912,677,299,0.073678,0.012041,4.026317,56.448627,0.006852,true,true
1913,624,314,0.064605,0.012030,4.271807,60.084111,0.007294,true,true
1916,649,232,0.064164,0.012362,3.635734,51.006489,0.006192,true,true
1917,1197,250,0.112096,0.012432,3.811669,52.834526,0.006414,true,true
1914,739,324,0.081301,0.012352,4.907787,68.928266,0.008367,true,true
1918,1491,235,0.147662,0.012502,3.539071,48.433562,0.005879,true,true
1915,595,315,0.058208,0.012388,4.726781,66.673064,0.008093,true,true
1919,973,292,0.098987,0.012499,4.277099,59.668660,0.007243,true,true
1921,641,318,0.070668,0.012484,4.407359,61.933372,0.007518,true,true
1920,1059,344,0.105776,0.012472,4.824949,67.395695,0.008181,true,true
1922,1507,384,0.143309,0.012447,5.367917,74.613925,0.009057,true,true
1925,646,224,0.072944,0.012328,3.039619,42.367824,0.005143,true,true
1923,763,368,0.075751,0.012372,5.000475,70.331225,0.008537,true,true
1924,1110,359,0.105469,0.012266,4.776866,66.713382,0.008098,true,true
1926,1449,172,0.140537,0.012173,2.305486,30.918172,0.003753,true,true
1927,878,275,0.154274,0.012070,3.759916,51.493077,0.006251,true,true
1928,669,183,0.066641,0.012073,2.691735,37.489621,0.004551,true,true
1930,930,139,0.088214,0.012132,2.031026,27.745789,0.003368,true,true
1929,741,203,0.082641,0.012083,2.880012,39.949945,0.004849,true,true
1932,1421,138,0.143351,0.012138,1.868426,24.636225,0.002991,true,true
1933,640,139,0.063790,0.012113,1.828512,25.202432,0.003059,true,true
1931,782,370,0.078128,0.012173,5.481156,77.161986,0.009367,true,true
1939,1102,152,0.104373,0.012478,2.091228,28.374766,0.003444,true,true
1934,987,299,0.104766,0.012307,4.396429,61.290316,0.007440,true,true
1935,1214,295,0.120496,0.012348,4.261641,59.140732,0.007179,true,true
1938,1044,244,0.110204,0.012416,3.413205,47.170984,0.005726,true,true
1937,782,284,0.083669,0.012391,4.129210,57.775396,0.007013,true,true
1936,1423,362,0.141265,0.012347,5.212123,72.418192,0.008791,true,true
1940,1094,361,0.110409,0.012318,4.779646,66.682533,0.008095,true,true
1943,751,149,0.082841,0.012158,1.882274,25.698148,0.003119,true,true
1942,871,206,0.084156,0.012092,2.635040,36.429824,0.004422,true,true
1941,841,274,0.083766,0.012029,3.522376,49.107646,0.005961,true,true
1945,889,233,0.095113,0.011902,2.913348,40.247921,0.004886,true,true
1944,771,353,0.073790,0.011890,4.478129,62.899462,0.007635,true,true
1946,583,290,0.067936,0.011902,3.585360,50.233205,0.006098,true,true
1948,844,282,0.082611,0.011947,3.572082,49.834010,0.006049,true,true
1947,814,318,0.081613,0.011942,4.079842,57.099708,0.006931,true,true
1949,563,335,0.065512,0.011933,4.128467,58.024079,0.007043,true,true
1951,831,130,0.083111,0.011866,1.613831,21.860602,0.002654,true,true
1950,809,362,0.080840,0.011893,4.453481,62.446768,0.007580,true,true
1953,1105,203,0.104683,0.012029,3.077374,42.453745,0.005153,true,true
1952,1190,279,0.111174,0.012049,4.107057,57.066197,0.006927,true,true
1955,1492,148,0.143868,0.012351,2.319005,31.063670,0.003771,true,true
1958,1180,156,0.112503,0.012339,2.344800,31.879988,0.003870,true,true
1954,1417,301,0.135596,0.012274,4.548983,63.028677,0.007651,true,true
1956,751,285,0.090774,0.012318,4.110201,57.402446,0.006968,true,true
1959,911,241,0.086396,0.012285,3.268199,45.440126,0.005516,true,true
1961,1424,172,0.216206,0.012235,2.308342,29.878323,0.003627,true,true
1957,963,356,0.160795,0.012268,4.946082,68.339884,0.008296,true,true
1960,1081,228,0.103154,0.012141,2.991104,41.243548,0.005007,true,true
1962,1319,227,0.122684,0.012046,3.194455,43.868722,0.005325,true,true
1963,626,312,0.070903,0.012119,4.326895,60.780882,0.007378,true,true
1965,536,273,0.056230,0.012161,3.669345,51.599799,0.006264,true,true
1964,1387,317,0.133801,0.012151,4.331621,59.950115,0.007277,true,true
1966,1142,356,0.112209,0.012149,4.726923,65.903891,0.008000,true,true
1967,691,238,0.067519,0.012137,3.179105,44.437336,0.005394,true,true
1969,1103,211,0.108237,0.012863,3.669973,50.866040,0.006175,true,true
1968,1421,340,0.135780,0.012661,5.391933,75.064437,0.009112,true,true
1973,1281,173,0.297669,0.013448,3.030653,39.030420,0.004738,true,true
1971,688,201,0.075123,0.013343,3.702356,51.801414,0.006288,true,true
1975,1458,198,0.267055,0.013420,3.519184,46.444459,0.005638,true,true
1976,1293,276,0.202220,0.013635,4.739710,64.801038,0.007866,true,true
1972,1484,299,0.139819,0.013796,5.509209,76.681601,0.009308,true,true
1977,598,282,0.070639,0.013937,4.716375,66.346914,0.008054,true,true
1970,1380,340,0.134038,0.013757,6.259770,87.483109,0.010619,true,true
1974,1071,340,0.292169,0.013771,6.003759,81.568640,0.009902,true,true
1981,1479,191,0.145050,0.013846,3.075640,41.852487,0.005080,true,true
1980,517,206,0.165322,0.013786,3.428350,46.600110,0.005657,true,true
1983,1013,142,0.101418,0.013987,2.174914,29.612119,0.003595,true,true
1979,1461,242,0.136894,0.013550,3.890352,53.604064,0.006507,true,true
1978,1134,380,0.116403,0.013104,5.706171,79.828880,0.009690,true,true
1982,1101,341,0.113202,0.012876,4.750390,66.224836,0.008039,true,true
1984,1079,380,0.112510,0.012738,5.002942,69.841478,0.008478,true,true
1987,1486,189,0.147781,0.012627,3.077236,41.836282,0.005078,true,true
1985,648,313,0.072787,0.012374,4.756786,66.893360,0.008120,true,true
1986,1405,260,0.132604,0.012474,4.056573,56.039186,0.006803,true,true
1989,631,202,0.062783,0.012680,3.051817,42.687145,0.005182,true,true
1992,1241,152,0.117204,0.012824,2.202478,29.780320,0.003615,true,true
1988,547,260,0.064972,0.012569,3.903200,54.814689,0.006654,true,true
1993,669,227,0.070869,0.012590,3.081594,42.996907,0.005219,true,true
1990,789,310,0.084391,0.012496,4.391884,61.516385,0.007467,true,true
1994,887,176,0.091069,0.012255,2.316895,31.787578,0.003859,true,true
1991,1070,312,0.109613,0.012487,4.338769,60.397622,0.007332,true,true
1995,854,293,0.086092,0.012063,4.048079,56.582135,0.006868,true,true
1997,1254,177,0.120723,0.012137,2.473790,33.604728,0.004079,true,true
1996,1128,266,0.111358,0.012065,3.642545,50.429765,0.006122,true,true
1998,1232,201,0.115288,0.012106,2.638513,36.034803,0.004374,true,true
1999,1088,318,0.206562,0.012000,4.010643,54.327028,0.006595,true,true
