id,input_len,output_len,ttft_sec,tpot_sec,e2e_sec,energy_j,carbon_g,ttft_ok,tpot_ok
1,1821,360,0.171489,0.012058,4.742098,65.274018,0.007924,true,true
0,1587,537,0.146596,0.012045,7.011654,98.041613,0.011901,true,true
2,2652,345,0.252695,0.012170,4.771707,64.537134,0.007834,true,true
3,1601,286,0.152734,0.012203,4.337590,59.764979,0.007255,true,true
4,2012,283,0.190744,0.012218,4.158593,56.665852,0.006879,true,true
6,2742,540,0.257403,0.012275,7.016707,96.531306,0.011718,true,true
5,3002,685,0.283236,0.012262,9.063471,125.392726,0.015221,true,true
7,1549,419,0.148975,0.012186,5.810245,80.850014,0.009814,true,true
9,2225,360,0.214119,0.012296,4.788135,65.322662,0.007929,true,true
8,2232,540,0.211915,0.012235,7.421921,102.967905,0.012499,true,true
10,1734,623,0.159837,0.012225,8.015993,112.195719,0.013619,true,true
11,2772,526,0.253232,0.012054,6.856703,94.305823,0.011448,true,true
13,2311,336,0.218935,0.012304,4.597662,62.533685,0.007591,true,true
12,3030,726,0.280457,0.012322,10.136441,140.755772,0.017086,true,true
15,2978,327,0.278391,0.012549,4.553097,61.048150,0.007411,true,true
14,2823,626,0.261690,0.012451,8.497907,117.623476,0.014278,true,true
16,2002,552,0.305614,0.012338,7.103734,97.085655,0.011785,true,true
17,2012,359,0.184515,0.012153,4.967171,68.302311,0.008291,true,true
19,2263,470,0.207862,0.012336,6.263574,86.483132,0.010498,true,true
18,2464,629,0.229326,0.012345,8.843767,123.024985,0.014934,true,true
20,2973,329,0.278477,0.012431,4.740392,63.721725,0.007735,true,true
21,1886,506,0.183701,0.012170,6.541138,90.792139,0.011021,true,true
22,2313,532,0.222555,0.012130,6.663518,91.984995,0.011166,true,true
23,2846,480,0.258926,0.012019,6.168478,84.395783,0.010245,true,true
24,1650,490,0.163284,0.011972,6.217230,86.457918,0.010495,true,true
26,1968,578,0.180705,0.012290,7.505045,104.600741,0.012697,true,true
25,2182,666,0.201779,0.012253,8.763777,122.276034,0.014843,true,true
27,2558,661,0.245156,0.012303,8.792258,122.063305,0.014817,true,true
29,1821,508,0.173359,0.012251,6.625029,92.137905,0.011185,true,true
28,2852,725,0.262933,0.012249,9.539484,132.480751,0.016082,true,true
30,2639,525,0.245561,0.012312,7.406371,102.265315,0.012414,true,true
33,1632,368,0.158850,0.012516,5.135779,71.076761,0.008628,true,true
31,2413,664,0.229359,0.012496,9.443228,131.585573,0.015973,true,true
34,1863,688,0.177385,0.012566,9.250325,129.572925,0.015729,true,true
32,1819,761,0.177637,0.012555,10.480894,147.143383,0.017862,true,true
35,2324,646,0.213437,0.012514,8.512541,118.521587,0.014387,true,true
36,2494,513,0.235202,0.012371,6.568968,90.454094,0.010980,true,true
37,1559,373,0.144097,0.011886,4.805766,66.574455,0.008081,true,true
38,2635,529,0.251609,0.012073,7.270020,100.231683,0.012167,true,true
39,2232,370,0.208738,0.012357,5.208129,71.397555,0.008667,true,true
41,3014,525,0.440697,0.012309,6.890377,92.109490,0.011181,true,true
40,1859,720,0.451497,0.012202,9.224599,125.290858,0.015209,true,true
42,1901,364,0.174611,0.011873,4.484525,61.550956,0.007472,true,true
44,1866,256,0.172114,0.012081,3.692353,50.273419,0.006103,true,true
43,2147,459,0.196560,0.012272,6.845122,94.949780,0.011526,true,true
45,2536,275,0.240588,0.012593,4.316182,58.204570,0.007065,true,true
48,2531,326,0.236731,0.012555,4.317173,58.273815,0.007074,true,true
47,2029,336,0.191585,0.012553,4.627820,63.354983,0.007691,true,true
46,2279,570,0.213767,0.012343,7.653626,106.250489,0.012898,true,true
49,2626,384,0.239298,0.012346,5.449524,74.408544,0.009032,true,true
50,2509,425,0.236867,0.012348,5.725113,78.379015,0.009514,true,true
51,2778,689,0.253524,0.012191,8.640722,119.779666,0.014540,true,true
52,2640,461,0.240547,0.012006,5.978110,81.939571,0.009947,true,true
55,1996,321,0.187897,0.012521,4.587358,62.829800,0.007627,true,true
53,2353,638,0.223064,0.012454,8.968617,124.897434,0.015161,true,true
56,2740,491,0.258023,0.012562,6.556627,89.951942,0.010919,true,true
57,1550,328,0.150102,0.012479,4.531342,62.569582,0.007595,true,true
54,2595,718,0.240264,0.012484,10.253190,142.997097,0.017358,true,true
58,1656,490,0.158663,0.012315,6.694855,93.345002,0.011331,true,true
60,2023,541,0.186858,0.012312,7.016720,97.538970,0.011840,true,true
59,1600,594,0.159916,0.012296,7.817913,109.365772,0.013276,true,true
61,1974,391,0.184468,0.012278,5.219130,71.901270,0.008728,true,true
63,2504,672,0.236243,0.012515,9.437250,131.401877,0.015951,true,true
62,2705,740,0.255486,0.012493,10.519706,146.585885,0.017794,true,true
64,1734,697,0.166413,0.012546,9.542109,133.896650,0.016254,true,true
65,2377,734,0.219801,0.012546,9.843238,137.434719,0.016683,true,true
66,1646,356,0.157439,0.012375,4.825582,66.666914,0.008093,true,true
67,3027,603,0.275659,0.012357,8.292129,114.485212,0.013897,true,true
68,1759,510,0.172626,0.012446,7.078963,98.631134,0.011973,true,true
70,1911,541,0.183467,0.012456,7.065307,98.281270,0.011930,true,true
69,2634,715,0.250954,0.012466,9.966448,138.749392,0.016843,true,true
73,2643,271,0.315286,0.012492,3.688167,48.168954,0.005847,true,true
71,1690,709,0.159605,0.012436,9.447682,132.645351,0.016102,true,true
72,2663,356,0.247472,0.012370,4.879568,66.152122,0.008030,true,true
74,2020,426,0.185229,0.012045,5.534198,76.389966,0.009273,true,true
75,2521,474,0.233503,0.012054,5.935237,81.427894,0.009884,true,true
76,1656,424,0.152752,0.012005,5.444330,75.570347,0.009173,true,true
77,2335,527,0.224050,0.012012,6.542234,90.231579,0.010953,true,true
78,2467,548,0.225111,0.012269,7.407848,102.578456,0.012452,true,true
80,2143,478,0.205612,0.012363,6.102703,84.217833,0.010223,true,true
79,3032,754,0.277199,0.012241,9.691246,134.444349,0.016320,true,true
81,2722,318,0.247863,0.011946,4.034663,54.080241,0.006565,true,true
82,1653,307,0.152484,0.011963,4.281852,58.972533,0.007159,true,true
84,2576,338,0.274380,0.012202,4.386553,58.726980,0.007129,true,true
83,2565,417,0.234743,0.012156,5.526682,75.575499,0.009174,true,true
85,1676,325,0.154536,0.011866,4.184133,57.547674,0.006986,true,true
87,2702,508,0.255911,0.012309,6.894504,94.807405,0.011509,true,true
88,1617,339,0.152574,0.012435,4.604261,63.575657,0.007717,true,true
86,2017,669,0.194378,0.012288,9.046900,126.425069,0.015347,true,true
89,2731,579,0.250780,0.012201,7.302990,100.714372,0.012226,true,true
91,2346,390,0.221135,0.012157,5.302322,72.565702,0.008809,true,true
90,1954,577,0.179340,0.012150,7.744386,108.038305,0.013115,true,true
93,1684,265,0.160330,0.012423,4.071630,55.858255,0.006781,true,true
96,2250,326,0.209610,0.012594,4.302753,58.455191,0.007096,true,true
94,2689,358,0.250597,0.012583,5.129288,69.673805,0.008458,true,true
92,2150,724,0.199250,0.012410,9.958396,139.372801,0.016918,true,true
95,1972,527,0.190257,0.012424,6.931085,96.267450,0.011686,true,true
99,2875,264,0.270454,0.012436,3.541247,46.711014,0.005670,true,true
97,2292,547,0.209497,0.012273,7.656853,106.357554,0.012911,true,true
98,2648,565,0.247708,0.012289,7.683354,106.190309,0.012890,true,true
100,2671,562,0.245088,0.011970,6.960528,95.904881,0.011642,true,true
101,1748,393,0.160960,0.012150,5.337979,73.934302,0.008975,true,true
102,1755,415,0.164464,0.012209,5.650547,78.348119,0.009511,true,true
103,2774,471,0.258769,0.012223,6.182663,84.600606,0.010270,true,true
105,2050,308,0.189390,0.012505,4.640582,63.568590,0.007717,true,true
104,1952,526,0.190768,0.012379,7.489830,104.239733,0.012654,true,true
107,2219,389,0.283567,0.012504,5.325088,71.999217,0.008740,true,true
106,2403,539,0.230883,0.012404,7.297239,100.916387,0.012250,true,true
108,2072,421,0.202098,0.012246,5.587997,76.917371,0.009337,true,true
110,1765,333,0.173391,0.012114,4.195078,57.434713,0.006972,true,true
109,2665,693,0.243464,0.012056,8.748718,121.465665,0.014745,true,true
111,2951,408,0.268295,0.012107,5.555074,75.501819,0.009165,true,true
112,2292,407,0.217741,0.012272,5.931100,81.593904,0.009905,true,true
115,2047,361,0.199000,0.012446,4.923726,67.474995,0.008191,true,true
113,1621,571,0.151839,0.012379,7.788916,109.067006,0.013240,true,true
114,1617,622,0.149580,0.012341,8.245294,115.616928,0.014035,true,true
116,2682,672,0.255053,0.012229,8.460723,117.187230,0.014225,true,true
117,3070,414,0.278912,0.011975,5.224629,70.631023,0.008574,true,true
118,2020,422,0.185229,0.011884,5.188488,71.452792,0.008674,true,true
120,3044,596,0.367236,0.012312,8.329180,113.706510,0.013803,true,true
119,1898,678,0.174344,0.012364,9.683753,135.806256,0.016485,true,true
122,2972,366,0.278763,0.012831,5.852813,79.604393,0.009663,true,true
121,2379,510,0.223553,0.012797,8.133136,112.958728,0.013712,true,true
125,2002,484,0.195199,0.012955,7.259511,100.887210,0.012247,true,true
124,2478,614,0.230395,0.012937,9.151751,127.408116,0.015466,true,true
123,1615,737,0.153536,0.012912,10.873936,153.100705,0.018585,true,true
127,1678,541,0.156774,0.012936,7.617584,106.549684,0.012934,true,true
126,1931,664,0.292587,0.012905,9.478673,131.188786,0.015925,true,true
128,2579,665,0.236879,0.012702,8.910886,123.875666,0.015037,true,true
129,2634,595,0.247406,0.012351,7.583793,104.772774,0.012718,true,true
131,2079,295,0.196097,0.012251,4.019373,54.601166,0.006628,true,true
130,1772,523,0.163102,0.012225,7.155871,99.865480,0.012123,true,true
132,2425,609,0.227828,0.012254,8.112961,112.609549,0.013670,true,true
134,2583,374,0.238119,0.012681,5.877166,80.532634,0.009776,true,true
133,2178,702,0.205233,0.012564,10.157270,142.127531,0.017253,true,true
135,2716,450,0.257904,0.012884,6.967521,95.821728,0.011632,true,true
137,2638,457,0.510866,0.012920,6.820253,90.105931,0.010938,true,true
138,1679,594,0.163019,0.012768,8.194427,114.698539,0.013923,true,true
139,2894,383,0.274006,0.012619,5.291527,71.656469,0.008698,true,true
136,2987,702,0.516566,0.012772,10.084375,136.640266,0.016587,true,true
140,2151,572,0.206235,0.012091,7.311997,101.479164,0.012318,true,true
141,2204,668,0.207459,0.012267,9.069952,126.567483,0.015364,true,true
142,2671,386,0.254431,0.012418,5.472649,74.522690,0.009046,true,true
143,2897,644,0.270034,0.012427,9.020106,124.961962,0.015169,true,true
144,1892,564,0.176759,0.012476,8.062464,112.617734,0.013671,true,true
145,1536,567,0.151878,0.012536,7.967143,111.611756,0.013548,true,true
146,2416,585,0.229998,0.012559,8.063538,111.872745,0.013580,true,true
147,2441,474,0.224264,0.012564,6.822257,94.227592,0.011438,true,true
148,3043,429,0.279035,0.012611,6.420641,87.709799,0.010647,true,true
151,1943,406,0.189022,0.012650,5.911213,81.720048,0.009920,true,true
150,2017,573,0.196856,0.012660,8.216121,114.525121,0.013902,true,true
149,2117,599,0.201922,0.012655,8.731942,121.819359,0.014788,true,true
152,2037,742,0.293368,0.012613,10.264243,142.396560,0.017285,true,true
154,2825,455,0.260205,0.012592,6.358220,87.087279,0.010571,true,true
153,1685,722,0.167131,0.012544,9.849707,138.279295,0.016786,true,true
156,1838,261,0.169982,0.012239,3.352239,45.446611,0.005517,true,true
155,2322,762,0.224256,0.012144,9.796096,136.697839,0.016594,true,true
159,2046,380,0.295803,0.012463,5.246323,70.699620,0.008582,true,true
157,1754,691,0.170996,0.012418,9.423271,132.134056,0.016040,true,true
160,2487,580,0.237851,0.012460,7.452382,103.032524,0.012507,true,true
158,2961,731,0.280054,0.012425,9.764649,135.451870,0.016442,true,true
161,2442,692,0.222881,0.012006,8.760859,121.933005,0.014801,true,true
162,2658,712,0.245411,0.012073,9.107013,126.554756,0.015362,true,true
164,2042,539,0.196847,0.012252,7.025613,97.523319,0.011838,true,true
163,3059,742,0.285080,0.012241,9.779906,135.597992,0.016460,true,true
168,2190,338,0.206490,0.012742,5.172321,70.918280,0.008609,true,true
167,2121,496,0.200056,0.012749,7.382933,102.580451,0.012452,true,true
165,2603,752,0.243015,0.012615,10.975514,153.273499,0.018606,true,true
166,2098,706,0.201767,0.012783,10.716741,150.166973,0.018229,true,true
169,2009,648,0.195106,0.012855,9.436251,131.975102,0.016020,true,true
170,2982,475,0.272903,0.012892,7.036821,96.597205,0.011726,true,true
172,2387,319,0.220634,0.012828,4.518783,61.382945,0.007451,true,true
171,2370,594,0.268160,0.012761,8.272213,114.307892,0.013876,true,true
173,2396,654,0.220432,0.012366,8.544249,118.874507,0.014430,true,true
174,2732,276,0.251880,0.011985,3.547734,47.068918,0.005714,true,true
175,2715,645,0.247238,0.012153,8.498624,117.840103,0.014304,true,true
176,2256,561,0.216077,0.012225,7.472541,103.631383,0.012580,true,true
177,2394,481,0.228704,0.012286,6.530839,90.002368,0.010925,true,true
178,2094,702,0.201196,0.012271,9.231864,128.969234,0.015655,true,true
179,2332,600,0.217131,0.012292,7.795772,108.232458,0.013138,true,true
180,2364,425,0.227555,0.012230,5.413200,74.057495,0.008990,true,true
181,1797,283,0.165332,0.011865,3.511164,47.782662,0.005800,true,true
182,2748,283,0.250183,0.012157,3.898648,52.104639,0.006325,true,true
183,2413,394,0.226064,0.012096,4.979886,67.890519,0.008241,true,true
184,1908,307,0.175236,0.012099,4.502243,61.795063,0.007501,true,true
185,2206,472,0.203877,0.012250,6.396430,88.437403,0.010735,true,true
187,2399,514,0.226742,0.012271,6.749789,93.157266,0.011308,true,true
186,2227,644,0.209221,0.012265,8.542840,119.014506,0.014447,true,true
188,2499,275,0.236224,0.012058,3.540188,47.184739,0.005728,true,true
190,1676,297,0.158935,0.012003,3.711842,50.739953,0.006159,true,true
189,1642,614,0.151503,0.011991,7.843476,109.850988,0.013335,true,true
191,2042,460,0.195417,0.011965,5.687260,78.430370,0.009521,true,true
192,2808,412,0.255536,0.012222,5.689159,77.598932,0.009420,true,true
193,2505,373,0.232942,0.012259,4.974968,67.722051,0.008221,true,true
194,1982,732,0.192891,0.012197,9.596791,134.299456,0.016302,true,true
195,2291,427,0.218391,0.012241,5.711773,78.452364,0.009523,true,true
196,3067,373,0.287505,0.012202,4.826570,64.823534,0.007869,true,true
197,1871,574,0.171935,0.012147,7.489602,104.505435,0.012686,true,true
198,1588,575,0.150887,0.012155,7.338571,102.649118,0.012460,true,true
199,2304,662,0.217898,0.012101,8.216900,114.235750,0.013867,true,true
200,1942,333,0.178270,0.012003,4.616968,63.390162,0.007695,true,true
202,2153,379,0.208908,0.012198,4.819878,65.850410,0.007994,true,true
201,2820,504,0.260702,0.012185,6.832142,93.848374,0.011392,true,true
203,2695,298,0.254330,0.012606,4.905947,66.430912,0.008064,true,true
205,2862,605,0.267564,0.012831,8.666039,119.940728,0.014559,true,true
204,2413,635,0.220985,0.012827,9.523181,132.846983,0.016126,true,true
207,2277,726,0.280199,0.012815,10.053768,139.578774,0.016943,true,true
208,2427,436,0.222922,0.012844,6.070787,83.514820,0.010138,true,true
206,2396,757,0.443840,0.012795,10.807314,148.003356,0.017966,true,true
209,2868,532,0.272779,0.012369,7.543769,103.838823,0.012605,true,true
212,2038,344,0.198340,0.012648,4.760838,65.158175,0.007909,true,true
211,3033,530,0.283205,0.012615,7.613969,104.692472,0.012709,true,true
210,2638,751,0.247960,0.012524,10.806326,150.786669,0.018304,true,true
213,2459,505,0.231735,0.012602,7.242583,100.123679,0.012154,true,true
214,2703,644,0.254447,0.012459,8.882986,123.226321,0.014958,true,true
215,2548,588,0.239219,0.012438,7.925336,109.767355,0.013325,true,true
216,1970,619,0.188435,0.012402,8.057304,112.377291,0.013641,true,true
217,2233,542,0.214332,0.012117,6.769479,93.615702,0.011364,true,true
218,2972,538,0.270168,0.012350,7.598203,104.653495,0.012704,true,true
219,2594,451,0.242939,0.012565,6.588346,90.620346,0.011000,true,true
220,3010,672,0.279261,0.012524,9.100689,125.981017,0.015293,true,true
221,2028,743,0.188937,0.012453,10.087827,141.368524,0.017161,true,true
222,2541,714,0.238782,0.012448,10.029058,139.817373,0.016972,true,true
223,1726,557,0.165207,0.012716,8.494069,118.946559,0.014439,true,true
224,2952,505,0.277997,0.012757,7.698194,105.969690,0.012864,true,true
225,2727,633,0.254244,0.012843,9.297223,129.145045,0.015677,true,true
226,2623,608,0.240599,0.012864,8.736526,121.332460,0.014728,true,true
229,2008,379,0.191916,0.012807,5.232664,71.988180,0.008739,true,true
227,3063,594,0.285597,0.012842,8.509770,117.451462,0.014257,true,true
228,2465,533,0.231336,0.012786,7.417443,102.626588,0.012458,true,true
230,2182,378,0.201723,0.012140,5.046782,69.193493,0.008399,true,true
231,2949,445,0.275629,0.012417,6.315555,86.257694,0.010471,true,true
233,2743,545,0.257467,0.012410,7.008493,96.413083,0.011703,true,true
232,3048,751,0.279000,0.012323,9.771049,135.558332,0.016455,true,true
236,2629,385,0.372726,0.012429,5.606710,74.747833,0.009074,true,true
234,1933,559,0.177467,0.012404,7.974432,111.350412,0.013517,true,true
235,1903,565,0.180661,0.012470,8.137227,113.629713,0.013793,true,true
237,1647,555,0.155863,0.012497,7.762586,108.633524,0.013187,true,true
239,1561,547,0.153963,0.012473,7.338177,102.599553,0.012454,true,true
241,1641,514,0.159550,0.012399,6.520107,90.836700,0.011027,true,true
238,1794,758,0.167202,0.012436,10.099322,141.843098,0.017218,true,true
240,2438,604,0.234262,0.012384,7.853469,108.811801,0.013209,true,true
242,2514,372,0.229305,0.011928,4.654432,63.196348,0.007671,true,true
244,2825,310,0.263315,0.012618,4.812614,64.969678,0.007887,true,true
246,2044,377,0.191695,0.012650,5.166311,71.043732,0.008624,true,true
245,2688,567,0.251513,0.012580,7.777336,107.478151,0.013047,true,true
247,2388,487,0.229366,0.012529,6.530008,89.981048,0.010923,true,true
243,2356,759,0.215208,0.012511,10.817091,151.408142,0.018379,true,true
248,2315,717,0.219498,0.012032,9.031051,125.839991,0.015276,true,true
250,2807,317,0.266913,0.012226,4.407497,59.132713,0.007178,true,true
251,3051,357,0.287859,0.012261,4.652613,62.334151,0.007567,true,true
249,2144,695,0.196514,0.012197,9.194079,128.496488,0.015598,true,true
254,2666,332,0.254385,0.012493,5.028667,68.182718,0.008277,true,true
252,1961,472,0.179965,0.012340,7.031194,97.844120,0.011877,true,true
253,1702,416,0.167390,0.012428,6.207044,86.253810,0.010470,true,true
255,2372,717,0.222802,0.012476,9.802895,136.815693,0.016608,true,true
257,2126,545,0.323340,0.012451,7.321858,99.947586,0.012133,true,true
256,2498,554,0.239253,0.012448,7.542360,104.297495,0.012661,true,true
258,2465,328,0.231623,0.012402,4.477441,60.635590,0.007360,true,true
259,2077,458,0.201241,0.012121,6.344948,87.739803,0.010651,true,true
260,2651,486,0.246157,0.012239,6.545104,89.956837,0.010920,true,true
261,2080,401,0.199421,0.012361,5.789537,79.833853,0.009691,true,true
262,1875,570,0.174168,0.012366,7.683889,107.248210,0.013019,true,true
263,2701,551,0.247454,0.012352,7.460298,103.008425,0.012504,true,true
264,2495,567,0.236641,0.012330,7.629167,105.574511,0.012816,true,true
266,2432,338,0.225559,0.012257,4.577203,62.146919,0.007544,true,true
265,2093,768,0.194288,0.012277,10.465161,146.680909,0.017805,true,true
269,2916,277,0.269938,0.012398,3.691851,48.869195,0.005932,true,true
268,1588,349,0.156767,0.012375,4.728373,65.288249,0.007925,true,true
267,2420,586,0.227606,0.012325,7.849681,108.852769,0.013214,true,true
270,2912,531,0.264815,0.012172,7.361753,101.353137,0.012303,true,true
272,2441,540,0.227428,0.012602,7.878414,109.265646,0.013264,true,true
271,1894,737,0.184649,0.012490,10.459014,146.730763,0.017811,true,true
274,2543,349,0.234360,0.012746,5.316555,72.580097,0.008810,true,true
273,2734,702,0.254973,0.012652,10.217970,142.284049,0.017272,true,true
276,1750,420,0.171366,0.012770,6.421330,89.257304,0.010835,true,true
278,2356,293,0.226681,0.012799,4.379390,59.305875,0.007199,true,true
275,2372,597,0.217473,0.012784,8.897404,123.960266,0.015047,true,true
280,2363,257,0.225470,0.012622,3.456581,46.144304,0.005601,true,true
279,2180,514,0.208960,0.012614,7.313144,101.456625,0.012316,true,true
277,2956,763,0.279034,0.012634,10.954048,152.452548,0.018506,true,true
281,2647,729,0.246905,0.012356,9.651701,134.312252,0.016304,true,true
282,1920,626,0.179685,0.012331,8.298879,115.952239,0.014075,true,true
283,2556,708,0.241901,0.012307,9.316651,129.598762,0.015732,true,true
284,1952,529,0.182268,0.012187,6.811464,94.673202,0.011492,true,true
285,2125,704,0.198707,0.012148,9.226486,128.927961,0.015650,true,true
286,2528,380,0.239766,0.012317,5.363877,73.178698,0.008883,true,true
287,2826,501,0.399208,0.012285,6.740539,90.562134,0.010993,true,true
288,2172,270,0.210999,0.012215,3.655747,49.195312,0.005972,true,true
289,1726,486,0.168927,0.011892,5.936772,82.372039,0.009999,true,true
290,1768,728,0.162745,0.011862,8.786314,123.155348,0.014950,true,true
291,2862,413,0.260354,0.012156,5.733534,78.163853,0.009488,true,true
292,3003,554,0.278238,0.012232,7.234188,99.339665,0.012059,true,true
293,2095,681,0.192300,0.012182,9.124280,127.559840,0.015484,true,true
294,2503,505,0.236564,0.012297,6.854262,94.509003,0.011472,true,true
296,2763,395,0.258763,0.012320,5.112941,69.323729,0.008415,true,true
295,1832,648,0.169232,0.012212,8.514068,119.174684,0.014466,true,true
298,2575,529,0.246481,0.012163,6.862295,94.482098,0.011469,true,true
297,2101,680,0.202084,0.012146,8.877834,123.900551,0.015040,true,true
299,2115,561,0.194429,0.012026,7.176816,99.717208,0.012105,true,true
300,2723,757,0.256088,0.012087,9.860162,137.158176,0.016649,true,true
303,2195,449,0.211275,0.012382,5.758388,79.219714,0.009616,true,true
302,2666,642,0.247953,0.012381,8.384886,116.205573,0.014106,true,true
301,2450,751,0.231973,0.012352,9.939721,138.638786,0.016829,true,true
305,2377,300,0.217231,0.012357,4.403566,59.786091,0.007257,true,true
304,2025,648,0.185675,0.012420,9.328621,130.572694,0.015850,true,true
307,2895,411,0.264353,0.012603,5.830269,79.488233,0.009649,true,true
306,2504,646,0.233695,0.012514,8.967337,124.727333,0.015141,true,true
308,1611,385,0.152095,0.012545,5.219322,72.366339,0.008784,true,true
309,2744,595,0.251394,0.012186,7.712568,106.554888,0.012935,true,true
310,2437,358,0.223679,0.012078,4.761001,64.798625,0.007866,true,true
311,2471,271,0.230919,0.012072,3.490411,46.549620,0.005651,true,true
312,2375,414,0.216903,0.012190,5.656289,77.681241,0.009430,true,true
314,2350,338,0.216858,0.012238,4.341103,58.899372,0.007150,true,true
313,2078,602,0.195666,0.012173,7.726444,107.548922,0.013055,true,true
315,2917,645,0.265261,0.011963,7.969124,110.020784,0.013355,true,true
316,2819,755,0.256517,0.012054,9.761113,135.737510,0.016477,true,true
317,1609,326,0.153358,0.012256,4.403563,60.698242,0.007368,true,true
318,2937,550,0.269130,0.012129,6.928053,95.097747,0.011544,true,true
319,3065,348,0.278466,0.012127,4.915364,66.220693,0.008038,true,true
320,1737,358,0.170072,0.012191,4.791019,65.992908,0.008011,true,true
321,2957,562,0.280958,0.012074,7.054508,96.734754,0.011743,true,true
322,1630,588,0.150432,0.011920,7.511507,105.125346,0.012761,true,true
324,1834,506,0.178774,0.012354,7.005390,97.492614,0.011835,true,true
323,2136,623,0.199384,0.012304,8.608990,120.099688,0.014579,true,true
325,2695,440,0.248369,0.012456,6.058843,82.980834,0.010073,true,true
326,1697,647,0.166154,0.012325,8.313872,116.359590,0.014125,true,true
327,2029,765,0.190108,0.012104,9.605540,134.464144,0.016322,true,true
328,1829,493,0.177691,0.012133,6.479262,89.994312,0.010924,true,true
329,2056,726,0.193847,0.012150,9.617247,134.577929,0.016336,true,true
330,1555,732,0.150977,0.012179,9.524437,133.864726,0.016250,true,true
331,2923,417,0.272913,0.012340,6.028147,82.191925,0.009977,true,true
332,2243,562,0.222239,0.012344,7.563878,104.847779,0.012727,true,true
333,2404,512,0.227683,0.012294,6.706915,92.531526,0.011232,true,true
334,2154,459,0.203069,0.012180,5.781679,79.669514,0.009671,true,true
335,2525,365,0.230286,0.012305,5.733257,78.589296,0.009540,true,true
339,2695,306,0.252656,0.012776,4.149185,55.647299,0.006755,true,true
336,2707,623,0.254188,0.012545,8.834719,122.540713,0.014875,true,true
337,2968,558,0.277794,0.012621,7.815289,107.644841,0.013067,true,true
338,2884,661,0.466211,0.012525,8.978280,121.562986,0.014756,true,true
340,3062,764,0.278198,0.012077,9.893404,137.317149,0.016669,true,true
341,2122,491,0.198143,0.012193,6.379146,88.272437,0.010715,true,true
342,2257,480,0.207374,0.012174,6.294007,86.924735,0.010552,true,true
343,2807,512,0.265755,0.012175,6.760869,92.758342,0.011260,true,true
344,3012,396,0.280456,0.012263,5.603627,76.021534,0.009228,true,true
345,2821,296,0.268009,0.012265,4.108787,54.851106,0.006658,true,true
346,2438,290,0.225755,0.012300,4.252303,57.504133,0.006980,true,true
347,3035,390,0.276515,0.012228,5.643829,76.651944,0.009305,true,true
348,2140,590,0.206370,0.012271,8.040732,111.884479,0.013582,true,true
349,1895,461,0.178256,0.012437,6.561736,91.164074,0.011066,true,true
351,2094,424,0.194182,0.012485,5.909157,81.616992,0.009907,true,true
350,2640,630,0.243675,0.012439,8.693241,120.670354,0.014648,true,true
352,2522,558,0.240268,0.012405,7.509777,103.817682,0.012602,true,true
353,2229,373,0.204426,0.012178,4.890425,66.921918,0.008124,true,true
354,1690,400,0.162745,0.012028,5.145268,71.156653,0.008638,true,true
355,1998,662,0.191015,0.011890,8.050604,112.244757,0.013625,true,true
357,2344,270,0.226076,0.012376,3.998574,53.875994,0.006540,true,true
356,2677,630,0.243848,0.012645,9.542965,132.803020,0.016121,true,true
359,3069,524,0.281812,0.012831,7.680369,105.660649,0.012826,true,true
358,1789,721,0.168612,0.012731,10.301744,144.713790,0.017567,true,true
362,2685,591,0.352343,0.012803,7.906044,107.876287,0.013095,true,true
360,2843,636,0.262793,0.012772,8.984922,124.562896,0.015121,true,true
361,2014,738,0.192281,0.012673,9.959279,139.484930,0.016932,true,true
363,1989,320,0.191798,0.012021,4.253307,58.003427,0.007041,true,true
364,2486,565,0.235524,0.012110,7.377952,102.002805,0.012382,true,true
365,1774,399,0.173650,0.012194,5.175615,71.434319,0.008671,true,true
366,1612,567,0.167776,0.012102,7.017230,97.818768,0.011874,true,true
367,1773,355,0.163191,0.012167,4.920386,67.938690,0.008247,true,true
368,2636,394,0.246821,0.012256,5.548166,75.709825,0.009190,true,true
370,3024,414,0.284990,0.012234,5.337838,72.160987,0.008760,true,true
369,2295,685,0.219690,0.012234,8.862506,123.430225,0.014983,true,true
371,2877,357,0.261692,0.011958,4.518856,60.797619,0.007380,true,true
372,2796,673,0.254465,0.011951,8.285762,114.696956,0.013923,true,true
373,2108,289,0.193080,0.011891,3.617751,48.908572,0.005937,true,true
374,1980,710,0.181660,0.012473,9.929434,139.210397,0.016899,true,true
375,2019,627,0.188018,0.012643,8.821830,123.301625,0.014967,true,true
376,2940,632,0.275535,0.012652,8.711023,120.469316,0.014624,true,true
378,2101,450,0.254096,0.012779,5.991889,81.942848,0.009947,true,true
377,2856,623,0.269840,0.012561,8.275409,114.329533,0.013878,true,true
379,2467,349,0.225111,0.012008,4.866331,66.282420,0.008046,true,true
380,2850,277,0.259379,0.012215,3.833732,51.046228,0.006196,true,true
381,2219,505,0.289264,0.012084,6.379480,86.975904,0.010558,true,true
382,2692,466,0.245186,0.012289,6.387501,87.719938,0.010648,true,true
383,2671,468,0.251599,0.012289,6.174963,84.593040,0.010269,true,true
384,2013,592,0.196709,0.012231,7.844427,109.218960,0.013258,true,true
385,2756,258,0.258430,0.012243,3.573352,47.341219,0.005747,true,true
386,1832,389,0.171353,0.012155,5.061421,69.836287,0.008477,true,true
387,1893,368,0.181807,0.012130,5.370133,74.095781,0.008994,true,true
390,2079,309,0.421227,0.012486,4.485818,58.047439,0.007046,true,true
391,2398,372,0.225575,0.012470,5.080860,69.339543,0.008417,true,true
388,1588,390,0.153137,0.012463,5.820220,80.933027,0.009824,true,true
389,2023,587,0.474227,0.012355,8.162191,109.793737,0.013328,true,true
392,2511,715,0.241159,0.012182,9.357696,130.195552,0.015804,true,true
393,2587,367,0.247759,0.012277,4.923757,66.779090,0.008106,true,true
394,1989,300,0.192451,0.012223,3.847035,52.192022,0.006336,true,true
396,1599,318,0.150184,0.012112,3.989725,54.833442,0.006656,true,true
395,2885,564,0.262406,0.012053,7.195651,99.015397,0.012019,true,true
397,2358,692,0.215386,0.012205,9.448771,131.864279,0.016007,true,true
399,1701,585,0.168900,0.012575,8.698624,121.815121,0.014787,true,true
400,1670,385,0.165966,0.012806,6.115331,84.964356,0.010314,true,true
398,2540,710,0.242208,0.012663,10.562675,147.389167,0.017891,true,true
401,2832,588,0.265757,0.012866,8.592288,118.913259,0.014435,true,true
404,2973,373,0.272920,0.012895,5.069726,68.504384,0.008316,true,true
402,2759,557,0.253449,0.012834,7.911860,109.371670,0.013277,true,true
403,2775,696,0.259030,0.012598,9.729627,135.251965,0.016418,true,true
405,2869,476,0.261984,0.012388,6.714260,92.146572,0.011186,true,true
406,2003,679,0.187667,0.012649,10.017158,140.377428,0.017040,true,true
407,2464,664,0.233656,0.012741,9.709627,135.328714,0.016427,true,true
408,1730,576,0.160016,0.012827,8.404820,117.746113,0.014293,true,true
411,1710,351,0.164841,0.013008,4.995757,68.991523,0.008375,true,true
409,2898,517,0.273323,0.012859,7.514187,103.408583,0.012553,true,true
410,1848,741,0.175124,0.012672,10.231380,143.615910,0.017433,true,true
412,3060,637,0.289542,0.012597,8.789816,121.394535,0.014736,true,true
413,2675,317,0.255810,0.012359,4.405828,59.267446,0.007194,true,true
414,2686,593,0.254480,0.012109,7.640083,105.475641,0.012804,true,true
415,2377,618,0.218824,0.012087,7.955726,110.492639,0.013413,true,true
416,3072,689,0.290400,0.012070,8.868461,122.505435,0.014871,true,true
417,3012,308,0.285616,0.012131,4.009753,53.185324,0.006456,true,true
419,2719,473,0.249758,0.012409,6.336775,86.930211,0.010552,true,true
418,2765,575,0.251699,0.012328,7.805693,107.880471,0.013095,true,true
420,2523,485,0.236666,0.012387,6.231795,85.617929,0.010393,true,true
422,2106,487,0.194486,0.012121,6.329684,87.618303,0.010636,true,true
421,2253,632,0.206018,0.012129,8.296499,115.542182,0.014026,true,true
423,2684,282,0.247044,0.012207,4.131469,55.474446,0.006734,true,true
424,2883,529,0.263904,0.012171,6.881904,94.513300,0.011473,true,true
425,2095,572,0.357825,0.012153,7.297150,99.102230,0.012030,true,true
426,2254,262,0.206107,0.012617,4.607678,62.859931,0.007630,true,true
428,3053,287,0.280755,0.012782,4.599208,61.672910,0.007486,true,true
429,2622,476,0.248240,0.012705,6.706980,92.238884,0.011197,true,true
427,1829,666,0.171347,0.012662,9.777390,137.186306,0.016653,true,true
430,2465,605,0.232160,0.012668,8.328173,115.621189,0.014035,true,true
431,2174,588,0.206407,0.012653,7.879289,109.578342,0.013302,true,true
432,2698,342,0.254860,0.012328,4.458657,60.035474,0.007288,true,true
433,1854,417,0.170418,0.011884,5.265163,72.759327,0.008832,true,true
434,1637,339,0.162939,0.012170,4.997745,69.047074,0.008382,true,true
437,2585,372,0.243535,0.012577,5.071863,68.954549,0.008370,true,true
435,2891,690,0.262946,0.012456,9.716039,135.001988,0.016388,true,true
436,2441,680,0.231502,0.012543,10.043374,140.125807,0.017010,true,true
438,1763,546,0.168899,0.012588,7.926778,110.792215,0.013449,true,true
440,2167,302,0.201264,0.012626,4.450221,60.680418,0.007366,true,true
441,2763,312,0.253313,0.012596,4.367687,58.758405,0.007133,true,true
442,2153,472,0.424709,0.012520,6.653872,88.960234,0.010799,true,true
439,2750,754,0.255874,0.012515,10.659018,148.569903,0.018035,true,true
443,2059,552,0.194992,0.012192,7.230446,100.475070,0.012197,true,true
445,1895,388,0.183107,0.012446,5.812010,80.387782,0.009758,true,true
444,1551,765,0.153484,0.012295,10.533503,148.239641,0.017995,true,true
448,3055,299,0.302664,0.012793,4.341014,57.672684,0.007001,true,true
446,2977,491,0.276889,0.012620,7.228179,99.273114,0.012051,true,true
449,2477,335,0.237052,0.012520,4.418738,59.719705,0.007249,true,true
447,2904,618,0.274390,0.012455,8.462600,116.937877,0.014195,true,true
452,2365,277,0.227834,0.012445,3.662616,49.052988,0.005954,true,true
450,2715,695,0.247238,0.012236,9.226624,128.236849,0.015567,true,true
451,2989,683,0.283110,0.012261,8.860995,122.502920,0.014870,true,true
453,1887,727,0.173362,0.011976,9.237399,129.445773,0.015713,true,true
454,2277,346,0.216555,0.012197,4.800976,65.471263,0.007947,true,true
456,2356,336,0.217762,0.012346,4.725102,64.370440,0.007814,true,true
455,1752,505,0.172900,0.012315,7.128970,99.341371,0.012059,true,true
458,1880,334,0.178287,0.012370,4.460295,61.152427,0.007423,true,true
457,2171,603,0.201372,0.012266,7.920793,110.242989,0.013382,true,true
459,1769,454,0.164714,0.012123,5.656314,78.426924,0.009520,true,true
460,2251,615,0.205839,0.012155,8.349984,116.308567,0.014119,true,true
461,2857,407,0.264096,0.012460,5.743828,78.257416,0.009500,true,true
463,2769,412,0.255721,0.012477,5.902237,80.639304,0.009789,true,true
462,1835,518,0.180223,0.012459,7.391912,102.991939,0.012502,true,true
464,2878,333,0.271793,0.012417,4.896165,66.041815,0.008017,true,true
465,2822,761,0.263901,0.012414,10.188997,141.742781,0.017206,true,true
466,2690,715,0.247165,0.012404,9.348889,129.983987,0.015779,true,true
467,2692,586,0.253965,0.012350,7.890022,109.052428,0.013238,true,true
468,2820,579,0.265258,0.012437,8.430712,116.612894,0.014156,true,true
470,2156,537,0.199216,0.012590,7.572699,105.302548,0.012783,true,true
471,2256,331,0.217749,0.012777,4.853289,66.201300,0.008036,true,true
469,1675,736,0.155618,0.012506,10.328669,145.283896,0.017636,true,true
472,2461,294,0.234810,0.012782,4.332738,58.523534,0.007104,true,true
473,2123,334,0.233929,0.012697,4.620413,62.644473,0.007604,true,true
475,2671,298,0.245746,0.012296,4.372914,58.941123,0.007155,true,true
474,1720,649,0.165734,0.012264,8.831711,123.760989,0.015023,true,true
476,2706,448,0.256249,0.012373,6.015943,82.255619,0.009985,true,true
477,2510,410,0.231245,0.012327,5.273026,72.002930,0.008740,true,true
478,2458,361,0.224308,0.011922,4.516219,61.293850,0.007440,true,true
479,2239,342,0.204769,0.012053,4.710366,64.345563,0.007811,true,true
480,1889,296,0.179858,0.012211,4.257421,58.232697,0.007069,true,true
482,2784,418,0.264595,0.012459,5.857653,79.875866,0.009696,true,true
481,2432,705,0.226333,0.012386,9.597081,133.825987,0.016245,true,true
484,2228,309,0.214065,0.012516,4.068928,55.052269,0.006683,true,true
483,2115,652,0.201742,0.012394,9.167561,128.043089,0.015543,true,true
487,3018,409,0.278317,0.012623,5.676883,77.098272,0.009359,true,true
488,2729,400,0.252209,0.012613,5.284730,71.870679,0.008724,true,true
485,2861,598,0.260756,0.012541,8.429695,116.662671,0.014162,true,true
486,1729,651,0.192721,0.012490,8.833667,123.403516,0.014980,true,true
490,2987,342,0.271741,0.012327,4.686069,63.042118,0.007653,true,true
489,2171,657,0.198701,0.012286,9.004982,125.764687,0.015266,true,true
491,2307,592,0.220674,0.012313,7.762216,107.702647,0.013074,true,true
492,2908,351,0.274826,0.012260,4.983539,67.246306,0.008163,true,true
494,2168,440,0.358072,0.012177,5.703594,76.340738,0.009267,true,true
493,2403,626,0.221038,0.012111,7.988723,110.932240,0.013466,true,true
497,1743,294,0.161979,0.012231,4.000559,54.819717,0.006655,true,true
496,1817,414,0.172636,0.012264,5.653159,78.268714,0.009501,true,true
498,2801,390,0.260160,0.012416,5.528867,75.243727,0.009134,true,true
495,2235,753,0.204412,0.012309,10.482195,146.779596,0.017817,true,true
499,1851,422,0.177902,0.012364,5.801797,80.316246,0.009749,true,true
500,2954,425,0.276742,0.012341,5.659221,76.868526,0.009331,true,true
502,3009,499,0.283768,0.012123,6.321172,86.221673,0.010466,true,true
501,1625,676,0.152014,0.012118,8.604928,120.718185,0.014654,true,true
503,2786,547,0.253573,0.012032,7.046876,97.016850,0.011777,true,true
504,2455,495,0.234688,0.012149,6.434769,88.544905,0.010748,true,true
505,2169,736,0.202286,0.012036,9.226189,128.872616,0.015644,true,true
506,1933,632,0.179254,0.012120,8.485554,118.624346,0.014400,true,true
507,2704,707,0.246701,0.012327,9.361719,130.173843,0.015802,true,true
509,2393,421,0.222515,0.012371,5.418205,74.200954,0.009007,true,true
508,2113,647,0.196965,0.012343,8.641589,120.599786,0.014639,true,true
510,2774,397,0.262640,0.011972,5.003483,67.705164,0.008219,true,true
511,1642,748,0.151503,0.011918,9.297268,130.612964,0.015855,true,true
512,2671,361,0.253599,0.012068,4.834313,65.418322,0.007941,true,true
513,2592,383,0.240609,0.012202,5.308879,72.381232,0.008786,true,true
514,1864,535,0.174471,0.012193,6.921268,96.352693,0.011696,true,true
515,2587,406,0.237173,0.012214,5.183869,70.644998,0.008576,true,true
516,1723,483,0.158730,0.011867,6.084281,84.624273,0.010272,true,true
517,2251,283,0.211065,0.012111,4.198069,56.939409,0.006912,true,true
520,2188,357,0.205557,0.012301,4.584854,62.541824,0.007592,true,true
518,2347,638,0.225693,0.012260,8.653069,120.353464,0.014610,true,true
519,1703,639,0.165175,0.012263,8.449949,118.316930,0.014362,true,true
521,2867,599,0.271510,0.012118,7.913355,109.135099,0.013248,true,true
522,1817,295,0.175440,0.012223,3.997263,54.580415,0.006625,true,true
523,2503,398,0.236837,0.012124,5.277684,71.989585,0.008739,true,true
525,1698,275,0.168350,0.012425,4.087493,55.970262,0.006794,true,true
524,2496,715,0.232238,0.012396,10.243115,142.967843,0.017355,true,true
530,2559,272,0.273079,0.012946,4.028562,53.632988,0.006510,true,true
527,2126,499,0.197539,0.012775,7.446423,103.523126,0.012567,true,true
528,1633,500,0.163146,0.012799,7.285801,101.720405,0.012348,true,true
526,1842,689,0.174886,0.012699,9.993390,140.220505,0.017021,true,true
529,2811,724,0.256059,0.012682,10.302128,143.470417,0.017416,true,true
531,2713,503,0.252721,0.012556,6.952430,95.680221,0.011615,true,true
533,2258,502,0.397194,0.012475,7.031301,94.743349,0.011501,true,true
534,1919,343,0.188260,0.012387,4.632557,63.470109,0.007705,true,true
532,2132,695,0.402394,0.012395,9.388430,128.331826,0.015578,true,true
535,2274,325,0.211959,0.012313,4.201328,56.973183,0.006916,true,true
536,2650,276,0.241439,0.012070,3.788700,50.659326,0.006149,true,true
537,2498,300,0.227998,0.012087,4.052357,54.616624,0.006630,true,true
538,2300,515,0.212913,0.012021,6.875176,95.145452,0.011550,true,true
539,2267,325,0.215850,0.012207,4.446984,60.425885,0.007335,true,true
540,3037,362,0.284164,0.012145,4.668479,62.613510,0.007601,true,true
541,3041,596,0.276325,0.012223,7.929328,109.294457,0.013267,true,true
542,2257,602,0.208954,0.012227,7.731089,107.425500,0.013040,true,true
543,1894,731,0.178035,0.011993,8.932566,125.025639,0.015177,true,true
544,2516,442,0.229483,0.011928,5.489540,75.120188,0.009119,true,true
546,1948,300,0.206760,0.012024,3.801947,51.343760,0.006233,true,true
545,1665,724,0.153555,0.012003,9.160480,128.630146,0.015614,true,true
547,1621,579,0.157223,0.011958,7.069059,98.709662,0.011982,true,true
548,2591,663,0.236175,0.011933,8.135926,112.818323,0.013695,true,true
550,2860,451,0.267944,0.012475,6.241771,85.313714,0.010356,true,true
551,1633,595,0.161074,0.012477,7.781693,108.831965,0.013211,true,true
549,2648,740,0.241260,0.012401,10.025765,139.734960,0.016962,true,true
552,2289,703,0.220510,0.012410,9.210172,128.383617,0.015584,true,true
553,3058,706,0.278775,0.012067,8.998538,124.529113,0.015116,true,true
554,2327,603,0.213188,0.011975,7.421964,102.950341,0.012497,true,true
556,2599,529,0.243903,0.012284,7.256724,100.151843,0.012157,true,true
555,2552,765,0.232695,0.012296,10.854430,151.691646,0.018414,true,true
558,2769,440,0.259910,0.012885,7.129996,98.113409,0.011910,true,true
559,2193,361,0.209503,0.013120,5.945660,81.919492,0.009944,true,true
557,3025,690,0.281954,0.012998,10.924407,151.987532,0.018450,true,true
560,2889,558,0.270424,0.013124,8.552055,118.272049,0.014357,true,true
562,2445,615,0.231854,0.013076,8.909119,123.922196,0.015043,true,true
561,2770,692,0.253316,0.013044,10.138781,141.176787,0.017137,true,true
563,3024,617,0.285140,0.012928,8.622933,119.074108,0.014454,true,true
564,2426,537,0.226777,0.012611,7.354906,101.798596,0.012357,true,true
565,1653,332,0.158250,0.012312,4.449814,61.288896,0.007440,true,true
567,3071,419,0.290917,0.012199,5.390015,72.821489,0.008840,true,true
566,2367,628,0.222118,0.012120,8.100049,112.506709,0.013657,true,true
569,1673,497,0.204267,0.012066,6.397731,88.450404,0.010737,true,true
568,1828,704,0.168098,0.012145,9.315089,130.630469,0.015857,true,true
571,2697,289,0.252248,0.012351,4.075430,54.599820,0.006628,true,true
570,2286,626,0.218427,0.012281,8.405909,116.927482,0.014194,true,true
572,2926,716,0.268754,0.012092,8.914652,123.474233,0.014988,true,true
573,2297,710,0.209943,0.012078,9.234782,128.885973,0.015645,true,true
574,2711,396,0.253244,0.012264,5.312391,72.250950,0.008770,true,true
575,2351,577,0.220375,0.012369,8.396477,116.764961,0.014174,true,true
576,2047,372,0.195807,0.012526,5.707059,78.707568,0.009554,true,true
578,2686,376,0.247613,0.012677,5.445070,74.226180,0.009010,true,true
577,1917,767,0.284346,0.012650,11.322018,157.631755,0.019135,true,true
580,2789,548,0.266307,0.012797,7.925576,109.383938,0.013278,true,true
579,2069,712,0.191922,0.012768,10.183541,142.692813,0.017321,true,true
581,2541,460,0.235357,0.012772,6.525482,89.830843,0.010904,true,true
582,1687,718,0.156729,0.012553,9.429837,132.431578,0.016076,true,true
583,2996,711,0.283064,0.012518,9.171013,126.931010,0.015408,true,true
584,2932,583,0.266600,0.012149,7.804185,107.646135,0.013067,true,true
585,2989,322,0.274326,0.012317,4.423054,59.249021,0.007192,true,true
586,2130,563,0.196556,0.012047,7.238916,100.573697,0.012209,true,true
587,2993,434,0.274636,0.012011,5.888891,80.178580,0.009733,true,true
590,2547,282,0.242252,0.012540,4.255295,57.311268,0.006957,true,true
589,1947,398,0.183885,0.012491,5.864452,81.125586,0.009848,true,true
588,2577,485,0.240749,0.012479,7.180925,99.114387,0.012031,true,true
592,2665,388,0.250577,0.012497,5.517841,75.223117,0.009131,true,true
591,2708,633,0.255131,0.012510,8.835246,122.534769,0.014874,true,true
593,1712,323,0.163346,0.012467,4.867447,67.180447,0.008155,true,true
595,2374,331,0.222743,0.012670,5.112840,69.836702,0.008477,true,true
596,2185,331,0.211363,0.012692,4.908837,67.085803,0.008143,true,true
594,3004,746,0.280342,0.012599,10.758237,149.637442,0.018164,true,true
598,2665,442,0.252167,0.012678,6.008798,82.211884,0.009980,true,true
597,2928,608,0.276928,0.012566,8.464712,116.931787,0.014194,true,true
600,1649,383,0.156810,0.012345,5.578584,77.429709,0.009399,true,true
599,1800,699,0.176755,0.012399,9.689031,135.847197,0.016490,true,true
601,2158,424,0.199043,0.012565,6.022310,83.163527,0.010095,true,true
602,2988,486,0.273530,0.012526,6.585516,90.143055,0.010942,true,true
603,2598,546,0.246249,0.012394,7.188785,99.148092,0.012035,true,true
604,2049,457,0.188403,0.012107,6.321923,87.594333,0.010633,true,true
606,2156,351,0.209185,0.012433,4.989787,68.272976,0.008288,true,true
605,2664,537,0.251090,0.012417,7.532999,103.994753,0.012624,true,true
607,1881,413,0.175878,0.012425,5.551067,76.764419,0.009318,true,true
608,2814,601,0.262240,0.012316,7.896602,109.028238,0.013235,true,true
609,2690,298,0.254957,0.012066,3.838583,51.178665,0.006213,true,true
610,1594,339,0.147220,0.012153,4.760731,65.886704,0.007998,true,true
611,2849,527,0.263161,0.012186,7.067331,97.172050,0.011796,true,true
612,2707,682,0.253554,0.012173,8.690889,120.495701,0.014627,true,true
613,1598,765,0.150051,0.012074,9.616191,135.188313,0.016410,true,true
614,2653,552,0.250767,0.012317,7.875058,108.884407,0.013217,true,true
617,1685,317,0.155895,0.012807,4.898444,67.729527,0.008222,true,true
619,2232,403,0.214933,0.012926,5.889768,81.043731,0.009838,true,true
616,2938,671,0.270600,0.012821,9.916860,137.760657,0.016723,true,true
615,2154,750,0.198527,0.012768,11.294439,158.463505,0.019236,true,true
618,2387,751,0.228254,0.012885,11.393466,159.453185,0.019356,true,true
620,3007,582,0.274512,0.012944,8.819175,122.028457,0.014813,true,true
622,2294,364,0.212374,0.012866,5.492267,75.403475,0.009153,true,true
623,2491,381,0.238384,0.012826,5.494561,75.064776,0.009112,true,true
624,2043,400,0.188293,0.012720,5.458753,75.268758,0.009137,true,true
621,2243,664,0.210519,0.012663,9.425496,131.601385,0.015975,true,true
625,2130,649,0.201286,0.012477,8.504591,118.581577,0.014394,true,true
626,2392,510,0.222297,0.011986,6.323029,87.126079,0.010576,true,true
627,1863,591,0.171221,0.011870,7.174665,100.017938,0.012141,true,true
628,3012,576,0.273737,0.012127,7.417820,102.026424,0.012385,true,true
629,1862,766,0.174125,0.012072,9.409538,131.893245,0.016010,true,true
630,2492,766,0.227342,0.012044,9.887960,137.965704,0.016748,true,true
631,2554,279,0.239334,0.012328,3.880343,51.998160,0.006312,true,true
632,2341,724,0.223997,0.012084,8.960795,124.772405,0.015146,true,true
633,1976,617,0.181303,0.012390,8.602398,120.263759,0.014599,true,true
636,1552,366,0.146304,0.012634,4.948056,68.575021,0.008324,true,true
634,2112,762,0.208440,0.012410,10.247998,143.377427,0.017404,true,true
635,2875,737,0.271800,0.012525,10.278690,142.910896,0.017348,true,true
637,2077,630,0.197118,0.012536,8.732277,121.892742,0.014796,true,true
638,2285,302,0.209774,0.012468,4.403582,59.892829,0.007270,true,true
640,2127,331,0.198119,0.012377,4.506834,61.533848,0.007470,true,true
639,2703,455,0.253097,0.012398,6.300808,86.368881,0.010484,true,true
641,2458,542,0.230893,0.012184,7.238096,100.071620,0.012148,true,true
642,2812,377,0.263655,0.012297,5.250904,71.224159,0.008646,true,true
643,1734,659,0.171815,0.012266,8.775623,122.873131,0.014915,true,true
644,2230,630,0.215956,0.012290,8.477708,117.988147,0.014322,true,true
646,1628,295,0.157282,0.012361,4.163604,57.215293,0.006945,true,true
645,1943,667,0.190175,0.012462,9.520713,133.251750,0.016175,true,true
648,1841,399,0.172709,0.012695,5.968498,82.771111,0.010047,true,true
647,2218,741,0.213759,0.012611,10.458815,146.312209,0.017761,true,true
649,2791,582,0.258065,0.012722,8.335847,115.360818,0.014004,true,true
650,2798,562,0.260399,0.012727,7.831780,108.128791,0.013126,true,true
651,2574,757,0.237886,0.012407,10.023298,139.747911,0.016964,true,true
652,2149,742,0.197624,0.012180,9.650147,134.993837,0.016387,true,true
653,2290,595,0.211165,0.012144,7.642666,106.131132,0.012883,true,true
654,2389,571,0.228163,0.012123,7.412613,102.602926,0.012455,true,true
655,3021,283,0.281184,0.012144,3.896383,51.629558,0.006267,true,true
656,2079,489,0.198133,0.012199,7.416064,103.081083,0.012513,true,true
660,2970,368,0.438400,0.013237,5.990104,79.285269,0.009624,true,true
659,2930,504,0.275310,0.013248,7.903020,108.933232,0.013223,true,true
661,2439,577,0.227040,0.013227,8.317243,115.538213,0.014025,true,true
662,2381,464,0.218707,0.013258,6.611066,91.290885,0.011082,true,true
658,2824,645,0.268936,0.013168,9.979311,138.676289,0.016834,true,true
657,2731,747,0.258161,0.013041,11.474283,160.180239,0.019444,true,true
663,2788,738,0.256002,0.012719,9.906378,137.819430,0.016730,true,true
664,3042,319,0.285641,0.012188,4.398162,58.731934,0.007129,true,true
665,2598,468,0.246793,0.012124,6.370884,87.459668,0.010617,true,true
667,2178,433,0.210572,0.012446,6.091994,83.994049,0.010196,true,true
666,2892,745,0.274561,0.012402,10.206076,141.834461,0.017217,true,true
668,2627,606,0.243726,0.012526,8.461334,117.357711,0.014246,true,true
669,2920,526,0.272917,0.012533,7.226452,99.305180,0.012055,true,true
670,1929,508,0.183117,0.012329,6.630303,92.073876,0.011177,true,true
671,2147,486,0.208252,0.012273,6.160427,85.004500,0.010319,true,true
672,2145,551,0.196382,0.012098,7.571087,105.320013,0.012785,true,true
674,2250,536,0.207919,0.012458,7.119972,98.712744,0.011983,true,true
673,2949,756,0.274330,0.012403,10.304904,143.249138,0.017389,true,true
675,2710,644,0.252918,0.012418,8.451639,117.087982,0.014213,true,true
676,2344,609,0.215309,0.011951,7.481435,103.769363,0.012596,true,true
678,2998,336,0.298011,0.012297,4.640293,62.013215,0.007528,true,true
677,1835,553,0.168723,0.012268,7.617279,106.374700,0.012913,true,true
679,2441,518,0.231536,0.012279,6.760966,93.248420,0.011319,true,true
680,1974,462,0.189218,0.012022,5.731576,79.151795,0.009608,true,true
682,2796,501,0.262967,0.012512,7.375165,101.571080,0.012330,true,true
681,2091,534,0.191564,0.012486,7.957131,110.902015,0.013462,true,true
683,2907,487,0.269296,0.012565,6.967638,95.660695,0.011612,true,true
684,1643,358,0.159638,0.012593,5.095520,70.490561,0.008557,true,true
686,1817,261,0.173586,0.012514,3.427258,46.466507,0.005641,true,true
685,3005,739,0.282145,0.012184,9.441285,130.803969,0.015878,true,true
687,1859,672,0.170864,0.012062,8.840881,123.818683,0.015030,true,true
690,1657,347,0.163620,0.012383,4.632399,63.819750,0.007747,true,true
688,2510,744,0.232115,0.012282,9.889220,137.915531,0.016741,true,true
689,2124,584,0.204833,0.012329,7.730151,107.470952,0.013046,true,true
691,2011,294,0.195379,0.012231,3.779071,51.179603,0.006213,true,true
692,1894,683,0.173987,0.011904,8.466554,118.428228,0.014376,true,true
693,1896,293,0.175304,0.011950,3.664814,49.834565,0.006049,true,true
695,3069,552,0.282598,0.012185,7.140413,97.938179,0.011889,true,true
694,2349,763,0.214583,0.012152,9.896973,138.276626,0.016785,true,true
696,1554,561,0.149795,0.012152,7.375460,103.191532,0.012526,true,true
697,1755,599,0.164730,0.012194,7.715872,107.839751,0.013091,true,true
698,2849,761,0.268989,0.012235,10.122790,140.724596,0.017082,true,true
701,2475,519,0.230106,0.012386,6.790589,93.691907,0.011373,true,true
700,1766,594,0.163715,0.012376,7.872773,110.094979,0.013364,true,true
699,1810,735,0.174973,0.012328,9.756305,136.833404,0.016610,true,true
702,1564,601,0.156834,0.012256,8.015093,112.225765,0.013623,true,true
703,2698,453,0.249374,0.012265,6.051896,82.867259,0.010059,true,true
704,2844,671,0.264766,0.012400,9.613581,133.512766,0.016207,true,true
706,2906,353,0.275691,0.012743,5.301447,71.774079,0.008713,true,true
708,2044,262,0.196499,0.012786,3.718659,50.300852,0.006106,true,true
705,2591,591,0.240474,0.012611,8.687777,120.638037,0.014644,true,true
707,1823,744,0.174139,0.012551,10.321180,144.912430,0.017591,true,true
709,2018,713,0.197233,0.012522,9.933393,139.044538,0.016878,true,true
711,2709,267,0.251462,0.012677,4.211075,56.548227,0.006864,true,true
710,2211,565,0.206333,0.012542,8.113914,112.930137,0.013708,true,true
712,2272,497,0.219708,0.012614,7.297316,101.077096,0.012270,true,true
714,2366,574,0.221283,0.012589,7.875788,109.315890,0.013270,true,true
713,1778,732,0.169545,0.012585,10.026144,140.764553,0.017087,true,true
715,2844,558,0.267953,0.012425,7.370778,101.437213,0.012313,true,true
716,1988,480,0.184245,0.012363,6.105931,84.569076,0.010266,true,true
717,2515,412,0.229394,0.012173,5.727477,78.519494,0.009531,true,true
718,2776,638,0.260050,0.012326,8.617174,119.350182,0.014488,true,true
719,2660,738,0.245514,0.012330,9.862533,137.343049,0.016672,true,true
720,2896,479,0.265209,0.012336,6.428338,88.017197,0.010684,true,true
721,2929,339,0.271314,0.012392,5.185436,70.179805,0.008519,true,true
723,2691,370,0.247486,0.012734,6.009458,82.288163,0.009989,true,true
724,2657,463,0.277049,0.012798,7.010890,96.167668,0.011674,true,true
722,2617,626,0.248972,0.012804,9.559689,132.968687,0.016141,true,true
725,1842,424,0.174139,0.012893,6.279731,87.195485,0.010585,true,true
726,2601,708,0.246744,0.012808,10.167094,141.674996,0.017198,true,true
728,2581,712,0.242822,0.012798,9.792640,136.383340,0.016555,true,true
727,1956,756,0.181804,0.012785,10.520113,147.643976,0.017922,true,true
729,2464,391,0.227758,0.012656,5.654120,77.495227,0.009407,true,true
730,2471,315,0.230834,0.012515,4.425338,59.902762,0.007272,true,true
731,2913,571,0.265277,0.012121,7.388643,101.730558,0.012349,true,true
732,2346,516,0.215690,0.012090,6.720210,92.892671,0.011276,true,true
733,3063,479,0.287244,0.012154,6.400516,87.305154,0.010598,true,true
735,1666,317,0.158157,0.012169,4.003526,54.916678,0.006666,true,true
734,1628,689,0.150361,0.012054,8.597248,120.632100,0.014643,true,true
737,2373,440,0.263850,0.012102,5.835690,79.572838,0.009659,true,true
736,1677,739,0.154626,0.012191,9.839434,138.311172,0.016789,true,true
738,2849,686,0.270736,0.012304,9.384768,130.159758,0.015800,true,true
739,2319,715,0.219205,0.012332,9.498382,132.518243,0.016086,true,true
741,2891,392,0.267850,0.012450,5.581410,75.884277,0.009212,true,true
740,2309,640,0.221379,0.012497,9.190402,128.088853,0.015549,true,true
742,2248,377,0.210452,0.012573,5.453147,74.872238,0.009089,true,true
743,2636,658,0.242006,0.012429,8.829068,122.633974,0.014886,true,true
744,3026,484,0.286968,0.012391,6.417789,87.555792,0.010628,true,true
745,1582,561,0.156457,0.012181,8.142621,114.052406,0.013845,true,true
746,3008,690,0.274883,0.012585,10.142430,140.920898,0.017106,true,true
747,2006,509,0.195452,0.012759,7.689887,107.029897,0.012992,true,true
749,3020,371,0.274701,0.012963,5.638833,76.606510,0.009299,true,true
748,1853,538,0.182428,0.012882,8.357338,116.747931,0.014172,true,true
752,1742,290,0.160710,0.012853,4.290143,58.973473,0.007159,true,true
750,2888,685,0.428175,0.012868,10.191023,139.425672,0.016925,true,true
753,2912,305,0.272974,0.012770,4.545916,61.022960,0.007408,true,true
751,1568,502,0.153308,0.012830,7.397161,103.451277,0.012558,true,true
755,2641,478,0.251449,0.012321,6.281039,86.110084,0.010453,true,true
754,1626,667,0.151542,0.012393,8.798530,123.489789,0.014990,true,true
756,1651,399,0.161939,0.012121,5.181155,71.680676,0.008701,true,true
757,2128,495,0.204555,0.011999,6.407592,88.587123,0.010753,true,true
758,3034,582,0.280740,0.012322,8.065268,111.172790,0.013495,true,true
761,2099,318,0.201262,0.012618,4.451186,60.694224,0.007368,true,true
760,1829,482,0.173654,0.012552,6.653639,92.542289,0.011234,true,true
759,2913,584,0.269776,0.012500,8.167994,112.796435,0.013692,true,true
762,2747,435,0.262135,0.012397,6.067397,82.906401,0.010064,true,true
764,2241,646,0.265213,0.012386,9.074849,125.812613,0.015272,true,true
763,2410,763,0.220366,0.012450,10.733037,150.134090,0.018225,true,true
765,2188,682,0.207883,0.012622,9.423863,131.615718,0.015977,true,true
766,2150,641,0.202614,0.012659,8.896430,124.158556,0.015071,true,true
768,1997,563,0.189051,0.012640,7.461059,103.853357,0.012607,true,true
767,2637,740,0.244301,0.012574,9.887682,137.719532,0.016718,true,true
769,1831,730,0.174078,0.012012,9.175347,128.549380,0.015604,true,true
770,2687,678,0.250945,0.011966,8.351780,115.690043,0.014043,true,true
771,2677,393,0.243848,0.012151,5.352227,72.954038,0.008856,true,true
772,2058,464,0.190638,0.012174,5.983471,82.728892,0.010042,true,true
773,1697,716,0.163375,0.012148,9.218986,129.325442,0.015699,true,true
775,2308,296,0.220942,0.012208,3.822326,51.432271,0.006243,true,true
774,1725,451,0.162315,0.012097,5.817012,80.756141,0.009803,true,true
776,1921,478,0.176396,0.012010,6.108151,84.712884,0.010283,true,true
777,2217,566,0.210332,0.012013,6.997636,96.931186,0.011766,true,true
778,1567,472,0.144811,0.011844,5.723185,79.666147,0.009671,true,true
779,3054,376,0.277485,0.011984,5.000935,67.456772,0.008189,true,true
780,2516,504,0.237833,0.012076,6.768339,93.263783,0.011321,true,true
781,2977,465,0.281706,0.012220,6.137382,83.626372,0.010151,true,true
782,2026,585,0.188281,0.012165,7.504271,104.481487,0.012683,true,true
783,2315,733,0.221210,0.012413,10.025043,140.010987,0.016996,true,true
784,2271,571,0.213147,0.012517,7.857744,109.174392,0.013253,true,true
785,2586,765,0.238419,0.012579,10.541196,147.136544,0.017861,true,true
786,3015,736,0.275829,0.012646,10.592448,147.334210,0.017885,true,true
788,2383,302,0.221079,0.012714,4.651505,63.272018,0.007681,true,true
787,2191,464,0.201075,0.012655,7.127435,98.917067,0.012007,true,true
789,1989,405,0.188616,0.012786,6.514233,90.337724,0.010966,true,true
792,2702,507,0.250438,0.013036,8.130039,112.530552,0.013660,true,true
791,1937,593,0.187800,0.013036,9.434472,132.054036,0.016030,true,true
790,2669,683,0.377250,0.013034,10.973886,151.333213,0.018370,true,true
797,2646,316,0.253055,0.013400,4.629770,62.504970,0.007587,true,true
793,2876,601,0.274181,0.013236,9.393562,130.236170,0.015809,true,true
798,1688,305,0.161117,0.013002,4.113847,56.449933,0.006852,true,true
795,3036,616,0.285432,0.013144,9.256430,128.117065,0.015552,true,true
794,2536,758,0.233804,0.013118,11.328052,158.439730,0.019233,true,true
796,3011,756,0.284816,0.012941,10.669552,148.307008,0.018003,true,true
799,2380,396,0.219303,0.012140,5.014684,68.484037,0.008313,true,true
800,2009,325,0.184247,0.011883,4.034284,54.983328,0.006674,true,true
801,1554,479,0.143651,0.012003,6.354962,88.705284,0.010768,true,true
802,2300,317,0.219746,0.012112,4.310857,58.426184,0.007092,true,true
804,1568,262,0.149452,0.012248,3.837234,52.666133,0.006393,true,true
805,2378,268,0.222447,0.012603,4.055954,54.747281,0.006646,true,true
803,2901,750,0.268200,0.012271,10.290024,143.124175,0.017374,true,true
807,2123,273,0.196836,0.012488,3.862991,52.357282,0.006356,true,true
806,3015,537,0.440252,0.012468,7.587148,102.066613,0.012390,true,true
808,2965,696,0.279066,0.012166,8.908928,123.245221,0.014961,true,true
809,1903,365,0.177944,0.012099,4.581822,62.892879,0.007634,true,true
810,2609,408,0.237781,0.012151,5.438328,74.270314,0.009016,true,true
811,2805,514,0.266339,0.012174,6.918500,95.001179,0.011532,true,true
815,1701,288,0.163229,0.012825,4.207412,57.755989,0.007011,true,true
812,2083,662,0.196149,0.012574,9.513281,133.060282,0.016152,true,true
814,2963,487,0.278049,0.012752,6.995967,95.940268,0.011646,true,true
813,2367,726,0.223155,0.012575,10.129540,141.475564,0.017174,true,true
817,1650,265,0.158419,0.012735,3.520404,48.013343,0.005828,true,true
816,2312,642,0.223089,0.012554,8.579354,119.337912,0.014486,true,true
818,1705,767,0.158328,0.012019,9.783901,137.465215,0.016687,true,true
820,1731,299,0.164101,0.012478,4.306509,59.158773,0.007181,true,true
819,2856,595,0.270509,0.012359,8.195302,113.175949,0.013738,true,true
822,1688,543,0.158929,0.012341,6.847795,95.525376,0.011596,true,true
821,2953,742,0.276463,0.012318,10.004516,138.928759,0.016864,true,true
823,2690,289,0.245644,0.012195,3.957305,53.007157,0.006434,true,true
824,2180,272,0.203105,0.012170,3.501055,47.098847,0.005717,true,true
825,2738,403,0.249290,0.011971,5.334028,72.616415,0.008815,true,true
826,2995,663,0.278838,0.011986,8.213409,113.315592,0.013755,true,true
827,2148,422,0.196649,0.012019,5.502087,75.768283,0.009197,true,true
828,2696,654,0.256815,0.012262,8.782097,121.751690,0.014779,true,true
830,3050,399,0.278795,0.012402,5.214843,70.492936,0.008557,true,true
829,2643,595,0.249426,0.012341,8.125321,112.477625,0.013654,true,true
831,2947,336,0.272681,0.012269,5.026766,67.894270,0.008242,true,true
832,2244,310,0.208089,0.012400,4.478186,60.982325,0.007403,true,true
833,2011,333,0.196033,0.012384,4.561614,62.345953,0.007568,true,true
834,2793,662,0.260628,0.012123,8.273716,114.436913,0.013891,true,true
835,2204,286,0.201646,0.011916,3.822147,51.705277,0.006276,true,true
837,2668,640,0.243966,0.012665,9.300354,129.336549,0.015700,true,true
839,2802,558,0.260913,0.012823,7.845932,108.323550,0.013149,true,true
836,2458,758,0.227773,0.012645,11.006954,153.940175,0.018687,true,true
838,2928,645,0.267186,0.012779,9.194296,127.490288,0.015476,true,true
840,2996,331,0.276016,0.012742,4.908862,66.162834,0.008031,true,true
841,1851,645,0.173957,0.012451,8.450329,118.196938,0.014348,true,true
842,2834,413,0.266566,0.012175,5.625480,76.531995,0.009290,true,true
845,2088,360,0.198754,0.012637,5.313294,73.042018,0.008866,true,true
844,1546,571,0.148338,0.012535,8.313621,116.610439,0.014155,true,true
843,2184,625,0.210528,0.012546,9.202283,128.413495,0.015588,true,true
846,1919,697,0.182811,0.012671,9.654934,135.273766,0.016421,true,true
848,1719,618,0.162869,0.012704,8.252607,115.531570,0.014024,true,true
847,2672,673,0.253537,0.012675,9.180624,127.489957,0.015476,true,true
849,2758,588,0.252091,0.012493,7.729956,106.793264,0.012964,true,true
850,1561,554,0.152424,0.012183,7.772102,108.818527,0.013209,true,true
851,1709,504,0.162832,0.012326,7.243878,101.126180,0.012276,true,true
854,1834,320,0.178927,0.012762,4.785605,65.789131,0.007986,true,true
853,2086,564,0.196268,0.012761,8.460062,118.017308,0.014326,true,true
852,1883,645,0.184682,0.012741,9.660320,135.323948,0.016427,true,true
859,2159,262,0.200288,0.012867,3.558702,47.962352,0.005822,true,true
855,2101,687,0.202058,0.012792,9.696026,135.585725,0.016459,true,true
856,1693,625,0.163972,0.012787,8.705654,121.985889,0.014808,true,true
857,2041,763,0.190108,0.012615,10.178185,142.642226,0.017315,true,true
858,1936,724,0.186284,0.012395,9.345139,130.799904,0.015878,true,true
860,2216,645,0.202716,0.012034,8.668102,120.896291,0.014675,true,true
862,2869,395,0.263147,0.012524,5.624301,76.563982,0.009294,true,true
863,2771,461,0.254514,0.012505,6.181127,84.639444,0.010274,true,true
861,2210,706,0.207977,0.012406,9.641862,134.727675,0.016354,true,true
864,1899,663,0.177201,0.012217,8.264615,115.498385,0.014020,true,true
865,2132,758,0.195222,0.011894,9.198989,128.585051,0.015609,true,true
866,2032,589,0.186300,0.012358,8.153557,113.782399,0.013812,true,true
868,2690,460,0.254033,0.012489,6.228182,85.318320,0.010357,true,true
867,2340,629,0.218407,0.012451,8.766582,122.078623,0.014819,true,true
869,2653,440,0.245078,0.012493,5.971945,81.786824,0.009928,true,true
870,2662,283,0.250378,0.012183,3.686074,49.066037,0.005956,true,true
872,2132,326,0.203335,0.012125,4.143863,56.275654,0.006831,true,true
871,2481,470,0.226360,0.012063,6.079328,83.587694,0.010147,true,true
874,2156,503,0.200448,0.012271,6.686404,92.627551,0.011244,true,true
873,2373,767,0.216724,0.012273,10.141230,141.734348,0.017205,true,true
875,1851,689,0.174538,0.012299,8.791839,123.065836,0.014939,true,true
876,1687,715,0.164467,0.012055,8.771445,122.918397,0.014921,true,true
877,2517,666,0.229572,0.012399,9.652214,134.567099,0.016335,true,true
879,2272,343,0.211770,0.012881,5.318187,72.926021,0.008852,true,true
881,2790,301,0.263533,0.012929,4.402176,59.105007,0.007175,true,true
878,2952,684,0.276049,0.012605,9.794490,135.935242,0.016501,true,true
880,2044,619,0.199590,0.012641,8.525818,118.908946,0.014434,true,true
882,2857,665,0.260267,0.012307,8.432101,116.704001,0.014167,true,true
884,1737,520,0.167823,0.012455,7.123952,99.342226,0.012059,true,true
885,3065,482,0.284667,0.012503,6.512065,88.935029,0.010796,true,true
883,2215,696,0.202627,0.012488,10.423453,145.966168,0.017719,true,true
886,2337,730,0.220539,0.012738,10.600939,148.245092,0.017995,true,true
889,2387,343,0.227571,0.013003,5.154626,70.364495,0.008541,true,true
890,3031,401,0.283585,0.012948,5.667620,76.890757,0.009334,true,true
887,2741,768,0.251098,0.012806,11.314628,158.001039,0.019180,true,true
888,1586,750,0.151319,0.012816,10.845478,152.725948,0.018539,true,true
891,2238,722,0.215618,0.012745,9.801792,136.902553,0.016618,true,true
892,2603,750,0.244600,0.012633,10.618154,148.147331,0.017983,true,true
896,2238,367,0.286479,0.012750,5.125046,69.100779,0.008388,true,true
895,1627,373,0.157900,0.012746,5.276226,73.096095,0.008873,true,true
893,1735,704,0.164793,0.012637,9.799811,137.600111,0.016703,true,true
894,2462,582,0.227167,0.012594,8.533922,118.630841,0.014400,true,true
897,1872,505,0.184844,0.012616,7.760813,108.194310,0.013134,true,true
898,2666,419,0.250703,0.012731,6.547134,89.920905,0.010915,true,true
900,2365,444,0.220987,0.013038,7.208137,99.785232,0.012113,true,true
902,3046,458,0.283481,0.013239,7.246041,99.434057,0.012070,true,true
905,2977,320,0.275401,0.013382,5.226933,70.714060,0.008584,true,true
899,2409,729,0.232258,0.013110,11.886195,166.432785,0.020203,true,true
901,2882,698,0.273120,0.013185,11.095051,154.550703,0.018761,true,true
904,1975,466,0.396914,0.013312,7.540280,102.016185,0.012384,true,true
903,2415,654,0.230600,0.013173,10.225999,142.746787,0.017328,true,true
906,2635,447,0.243407,0.013071,6.774287,93.269125,0.011322,true,true
907,1939,724,0.181403,0.012857,10.459607,146.785595,0.017818,true,true
909,2844,576,0.267107,0.012790,8.080448,111.584286,0.013545,true,true
908,2909,757,0.270813,0.012837,10.693656,148.851234,0.018069,true,true
910,2787,657,0.261971,0.012531,8.688097,120.335615,0.014607,true,true
911,2248,616,0.215431,0.012357,8.069818,112.170462,0.013616,true,true
912,2800,432,0.259283,0.012033,5.445357,74.063621,0.008991,true,true
913,2981,560,0.270971,0.011968,6.961146,95.544053,0.011598,true,true
914,2744,342,0.249826,0.011979,4.533898,61.181903,0.007427,true,true
915,2177,376,0.208705,0.012201,5.282388,72.458527,0.008796,true,true
916,1775,443,0.166986,0.012250,6.147647,85.411316,0.010368,true,true
917,1825,653,0.175818,0.012431,9.109862,127.589308,0.015488,true,true
919,2532,433,0.240017,0.012542,6.088981,83.530522,0.010140,true,true
918,1818,648,0.177531,0.012493,9.130278,127.856415,0.015520,true,true
922,2271,265,0.208283,0.012494,3.684361,49.642732,0.006026,true,true
920,2538,551,0.242854,0.012573,7.742862,107.109486,0.013002,true,true
921,2180,717,0.202186,0.012457,9.506542,132.877837,0.016130,true,true
923,1935,649,0.179747,0.012095,8.017200,111.928617,0.013587,true,true
924,2571,762,0.234390,0.012328,10.316101,143.979426,0.017478,true,true
927,2693,287,0.248513,0.012677,3.874148,51.778605,0.006285,true,true
925,2543,681,0.239659,0.012397,9.137899,127.077984,0.015426,true,true
926,2445,756,0.227841,0.012537,10.933415,152.888981,0.018559,true,true
929,1996,551,0.266085,0.012694,8.026849,110.833410,0.013454,true,true
928,1987,555,0.193798,0.012695,8.188760,114.178050,0.013860,true,true
931,1767,372,0.169131,0.012794,5.306684,73.370688,0.008906,true,true
930,2472,763,0.234717,0.012658,10.652979,148.785816,0.018061,true,true
932,2648,631,0.251227,0.012626,8.574816,118.871251,0.014430,true,true
934,2406,360,0.227258,0.012390,4.936585,67.255073,0.008164,true,true
933,1621,707,0.151246,0.012436,9.717795,136.622285,0.016584,true,true
935,2874,509,0.261922,0.012278,6.804782,93.440218,0.011343,true,true
936,1602,716,0.159851,0.012254,9.519624,133.669253,0.016226,true,true
937,1714,705,0.162553,0.012257,9.231944,129.522243,0.015723,true,true
938,1776,498,0.167359,0.012234,6.524221,90.783944,0.011020,true,true
939,3046,615,0.283863,0.012230,8.213960,113.251695,0.013747,true,true
941,1821,467,0.172718,0.012180,6.001320,83.239721,0.010104,true,true
940,2785,694,0.254610,0.012181,9.267435,128.714398,0.015624,true,true
942,1657,615,0.156304,0.012481,8.811376,123.605249,0.015004,true,true
943,2758,428,0.258124,0.012634,6.393399,87.619394,0.010636,true,true
945,2083,353,0.193211,0.012759,4.963510,68.125836,0.008270,true,true
944,2977,555,0.273715,0.012603,7.725908,106.426635,0.012919,true,true
946,3072,677,0.288741,0.012446,8.895175,122.910628,0.014920,true,true
947,2103,385,0.197116,0.011963,5.157943,70.846812,0.008600,true,true
948,1807,511,0.172858,0.012142,6.831904,95.099501,0.011544,true,true
949,2195,509,0.208921,0.012150,6.646566,91.937615,0.011160,true,true
950,2920,658,0.276727,0.012401,9.234104,127.922546,0.015528,true,true
951,2718,531,0.258733,0.012452,7.420651,102.281131,0.012416,true,true
953,1726,668,0.163320,0.012640,9.293864,130.395574,0.015829,true,true
952,2304,718,0.216176,0.012644,10.140826,141.736402,0.017205,true,true
954,2105,633,0.197558,0.012628,8.685300,121.215563,0.014714,true,true
956,3036,351,0.287847,0.012625,4.932415,66.330238,0.008052,true,true
955,2535,591,0.236148,0.012575,8.156747,113.116063,0.013731,true,true
957,2474,622,0.231722,0.012034,8.164663,113.292315,0.013752,true,true
959,2415,472,0.224891,0.012456,6.770697,93.482284,0.011348,true,true
958,2630,663,0.250068,0.012486,9.415580,130.894973,0.015889,true,true
961,2719,389,0.259783,0.012641,5.395295,73.341518,0.008903,true,true
960,2197,546,0.210342,0.012542,7.524207,104.451129,0.012679,true,true
962,2529,607,0.234657,0.012192,7.774015,107.671464,0.013070,true,true
964,2477,272,0.235524,0.012318,3.964641,53.256452,0.006465,true,true
963,1635,303,0.154744,0.012300,4.486299,61.860021,0.007509,true,true
966,2412,463,0.228915,0.012200,5.865288,80.494456,0.009771,true,true
965,1859,707,0.181429,0.012172,8.994738,125.865074,0.015279,true,true
968,2097,351,0.196401,0.012100,4.619273,63.164131,0.007667,true,true
967,1806,565,0.166135,0.012206,7.946859,111.118455,0.013489,true,true
969,2048,340,0.191620,0.012424,4.920153,67.529366,0.008197,true,true
970,2864,425,0.269878,0.012444,5.987414,81.653559,0.009912,true,true
971,2817,568,0.348917,0.012377,7.551343,102.859649,0.012486,true,true
974,2512,335,0.496627,0.012825,5.232680,67.636748,0.008210,true,true
973,2977,353,0.500227,0.012820,5.465220,70.906298,0.008607,true,true
972,2015,695,0.188984,0.012560,10.071768,141.138509,0.017133,true,true
976,2960,607,0.443380,0.012682,8.692046,117.801260,0.014300,true,true
975,1999,711,0.205383,0.012668,10.229319,143.154342,0.017377,true,true
977,2400,391,0.220966,0.012548,6.067028,83.489062,0.010135,true,true
979,1745,361,0.168231,0.012640,5.326387,73.664914,0.008942,true,true
982,2689,264,0.247356,0.012665,3.750272,50.026017,0.006073,true,true
980,2148,396,0.208022,0.012635,5.782021,79.603665,0.009663,true,true
981,1808,402,0.175279,0.012575,5.815919,80.555384,0.009779,true,true
978,2004,648,0.193131,0.012565,9.443992,132.113867,0.016037,true,true
984,1972,411,0.185940,0.012153,5.168705,71.160124,0.008638,true,true
983,1872,706,0.175764,0.012133,8.910667,124.745333,0.015143,true,true
985,2797,709,0.254555,0.012053,9.330680,129.618419,0.015734,true,true
986,1713,358,0.157892,0.012304,4.935349,68.228071,0.008282,true,true
987,1788,649,0.171931,0.012266,8.528030,119.335549,0.014486,true,true
988,2415,578,0.228794,0.012252,7.485407,103.633505,0.012580,true,true
989,2043,539,0.187450,0.012120,6.895351,95.797213,0.011629,true,true
990,2044,547,0.195085,0.012068,7.052555,97.933244,0.011888,true,true
991,2950,283,0.279326,0.012080,3.685883,48.649893,0.005906,true,true
993,2778,449,0.262947,0.012258,5.950502,81.225399,0.009860,true,true
992,2884,564,0.262317,0.012227,7.595215,104.722954,0.012712,true,true
994,2141,311,0.199690,0.012140,3.963177,53.747300,0.006524,true,true
997,1681,268,0.163048,0.012267,3.438419,46.776385,0.005678,true,true
995,2026,762,0.185764,0.012124,9.753250,136.635650,0.016586,true,true
996,2029,767,0.196483,0.012132,9.644449,134.928761,0.016379,true,true
998,2184,391,0.199861,0.012185,5.464882,75.191081,0.009127,true,true
1000,2934,432,0.269101,0.012335,5.740878,78.143812,0.009486,true,true
999,2700,686,0.255056,0.012265,9.078419,126.008660,0.015296,true,true
1001,1685,273,0.163061,0.012172,3.618325,49.345490,0.005990,true,true
1002,1564,524,0.151233,0.012216,7.165383,100.170832,0.012160,true,true
1005,2359,340,0.224294,0.012518,4.906848,66.872728,0.008118,true,true
1003,1659,663,0.164669,0.012328,9.236956,129.563605,0.015728,true,true
1004,2823,681,0.261801,0.012464,9.570516,132.940090,0.016137,true,true
1007,2170,336,0.207331,0.012463,4.561744,62.186458,0.007549,true,true
1006,2637,412,0.244889,0.012486,5.754468,78.683677,0.009551,true,true
1008,1952,415,0.183812,0.012468,6.741293,93.649024,0.011368,true,true
1009,2336,323,0.220917,0.012731,5.502757,75.431286,0.009157,true,true
1012,2789,312,0.260217,0.012976,4.844660,65.471587,0.007948,true,true
1010,2431,500,0.233709,0.012901,7.803879,108.111490,0.013124,true,true
1014,2985,396,0.275104,0.012949,5.562027,75.503874,0.009165,true,true
1013,3054,435,0.284450,0.012914,6.332604,86.375213,0.010485,true,true
1011,1712,700,0.192657,0.012680,10.030598,140.498083,0.017055,true,true
1015,1871,764,0.179885,0.012090,9.404830,131.743744,0.015992,true,true
1016,2607,521,0.237602,0.012162,7.111082,98.161884,0.011916,true,true
1017,1795,531,0.175765,0.012186,7.018349,97.720649,0.011862,true,true
1018,1777,286,0.171843,0.012268,4.078611,55.793526,0.006773,true,true
1020,2074,334,0.196024,0.012396,4.993302,68.511133,0.008316,true,true
1019,2415,534,0.226744,0.012350,7.668952,106.284037,0.012902,true,true
1022,2696,426,0.298813,0.012512,5.805050,78.635950,0.009546,true,true
1023,2058,361,0.195330,0.012455,4.679064,64.033332,0.007773,true,true
1021,2582,624,0.243370,0.012352,8.372725,116.097364,0.014093,true,true
1025,2578,258,0.245880,0.012530,3.818919,51.027476,0.006194,true,true
1024,2916,374,0.265172,0.012425,5.487419,74.580218,0.009053,true,true
1026,1561,506,0.240055,0.012354,6.687134,92.072337,0.011177,true,true
1027,2281,648,0.291671,0.012265,8.227323,113.331029,0.013757,true,true
1028,1902,292,0.174701,0.011970,4.117948,56.314499,0.006836,true,true
1029,2998,685,0.281293,0.012167,8.790691,121.524842,0.014752,true,true
1030,2044,682,0.192378,0.012158,8.672506,121.106826,0.014701,true,true
1031,2191,533,0.203360,0.011967,7.317705,101.601742,0.012333,true,true
1033,2914,309,0.265921,0.012445,4.335331,58.116253,0.007055,true,true
1034,2592,303,0.241359,0.012427,3.994354,53.597449,0.006506,true,true
1032,2706,637,0.254337,0.012217,8.525481,118.122272,0.014339,true,true
1035,1677,732,0.154626,0.011981,9.532356,133.925708,0.016257,true,true
1037,2471,264,0.228943,0.012372,3.678016,49.257085,0.005979,true,true
1036,2172,591,0.207933,0.012285,8.295213,115.496475,0.014020,true,true
1038,2133,567,0.207121,0.012293,7.583444,105.343124,0.012787,true,true
1040,2546,456,0.242436,0.012324,6.513821,89.563213,0.010872,true,true
1039,2032,731,0.196799,0.012387,10.135501,141.937098,0.017230,true,true
1042,2375,280,0.225488,0.012617,3.951029,53.205380,0.006459,true,true
1043,2245,265,0.215673,0.012553,3.529746,47.329106,0.005745,true,true
1041,2655,507,0.242232,0.012364,6.920846,95.378948,0.011578,true,true
1044,1538,641,0.142224,0.011940,8.297851,116.472556,0.014138,true,true
1046,2621,499,0.243316,0.012391,6.725745,92.577179,0.011238,true,true
1047,1658,401,0.164023,0.012396,5.281497,73.083915,0.008872,true,true
1045,3025,570,0.285295,0.012373,7.876095,108.406115,0.013159,true,true
1048,1726,300,0.160741,0.012069,3.769408,51.536278,0.006256,true,true
1049,2600,678,0.236978,0.012056,8.609048,119.563631,0.014514,true,true
1050,2298,725,0.219628,0.012051,8.944603,124.603553,0.015125,true,true
1051,1709,353,0.157481,0.012113,5.091193,70.459574,0.008553,true,true
1053,2698,319,0.249008,0.012457,4.575721,61.790867,0.007501,true,true
1054,1803,498,0.167906,0.012514,7.234325,100.917305,0.012250,true,true
1052,2841,659,0.262587,0.012497,9.744263,135.410196,0.016437,true,true
1055,2181,658,0.201830,0.012558,9.099525,127.070206,0.015425,true,true
1058,1951,395,0.189092,0.012580,5.394369,74.337857,0.009024,true,true
1057,2092,495,0.204269,0.012589,7.023174,97.382486,0.011821,true,true
1056,3042,590,0.287099,0.012597,8.498347,117.266889,0.014235,true,true
1059,2733,367,0.259430,0.012390,5.182648,70.309703,0.008535,true,true
1061,2368,379,0.218998,0.012441,5.559432,76.268070,0.009258,true,true
1060,1872,716,0.181733,0.012468,9.950089,139.504339,0.016934,true,true
1063,2078,378,0.192329,0.012572,5.199201,71.504381,0.008680,true,true
1064,2941,567,0.268844,0.012553,8.032446,110.873944,0.013459,true,true
1062,1961,718,0.185487,0.012526,10.434389,146.367140,0.017767,true,true
1065,2963,297,0.280758,0.012656,4.740866,63.695908,0.007732,true,true
1066,2207,407,0.212435,0.012596,5.838572,80.348259,0.009753,true,true
1069,1892,287,0.178746,0.012457,3.741566,50.881524,0.006176,true,true
1067,2044,620,0.195189,0.012438,8.219111,114.591634,0.013910,true,true
1068,1636,562,0.156322,0.012315,7.238957,101.148887,0.012278,true,true
1071,1744,399,0.160768,0.012455,5.746273,79.767994,0.009683,true,true
1070,2462,511,0.224665,0.012481,7.379047,102.173509,0.012403,true,true
1072,1662,483,0.160233,0.012510,6.665264,92.899975,0.011277,true,true
1074,2856,342,0.267144,0.012567,4.895652,66.100881,0.008024,true,true
1073,2356,637,0.226408,0.012508,8.784590,122.221533,0.014836,true,true
1075,2066,332,0.199720,0.012254,4.409650,60.123066,0.007298,true,true
1076,1668,458,0.280043,0.012151,5.833210,79.306176,0.009627,true,true
1079,2480,307,0.292144,0.012558,4.381624,58.402887,0.007089,true,true
1077,2444,387,0.223059,0.012519,5.731317,78.664805,0.009549,true,true
1078,2215,381,0.211273,0.012531,5.446226,74.761671,0.009075,true,true
1080,2711,699,0.259060,0.012612,10.202976,142.011546,0.017239,true,true
1083,1975,447,0.185266,0.013012,6.700248,93.042091,0.011294,true,true
1084,2449,408,0.233187,0.013079,6.044748,82.996347,0.010075,true,true
1085,2804,507,0.370766,0.013020,7.191993,97.415641,0.011825,true,true
1082,2935,692,0.387422,0.012895,10.190707,140.003159,0.016995,true,true
1081,2344,764,0.220355,0.012832,11.170934,156.387960,0.018984,true,true
1086,2557,677,0.235191,0.012561,9.167870,127.569825,0.015486,true,true
1087,2517,318,0.236051,0.012394,4.636441,62.843069,0.007628,true,true
1088,2320,396,0.215248,0.012368,5.601232,76.918588,0.009337,true,true
1089,2852,511,0.261455,0.012288,6.769750,92.946593,0.011283,true,true
1090,2649,275,0.244899,0.012217,3.592383,47.806261,0.005803,true,true
1091,2996,623,0.272310,0.012145,8.057074,111.176157,0.013496,true,true
1092,2528,608,0.240199,0.012149,7.614650,105.316373,0.012784,true,true
1094,1904,282,0.177802,0.012237,3.798490,51.707950,0.006277,true,true
1095,1984,286,0.193792,0.012251,3.685449,49.865217,0.006053,true,true
1093,2564,585,0.233766,0.012122,7.670133,106.200614,0.012892,true,true
1096,2111,315,0.193348,0.011891,3.927190,53.323929,0.006473,true,true
1097,2502,622,0.228234,0.012167,8.506917,118.229944,0.014352,true,true
1100,3045,313,0.278675,0.012566,4.199205,55.990063,0.006797,true,true
1098,2012,419,0.186636,0.012500,5.950195,82.310819,0.009992,true,true
1099,2881,502,0.266890,0.012439,6.957474,95.549893,0.011599,true,true
1102,1891,436,0.180206,0.012230,5.700286,78.833639,0.009570,true,true
1101,1985,653,0.185490,0.012194,8.509832,118.882000,0.014431,true,true
1103,2187,623,0.204017,0.012170,7.773582,108.102855,0.013122,true,true
1104,1593,616,0.147131,0.011846,7.432714,104.047236,0.012630,true,true
1105,2690,401,0.245008,0.012032,5.234008,71.249166,0.008649,true,true
1108,1651,494,0.198095,0.012436,6.723995,93.197999,0.011313,true,true
1106,1921,760,0.181183,0.012364,10.286745,144.320049,0.017519,true,true
1110,2793,462,0.402805,0.012579,6.405866,85.731220,0.010407,true,true
1107,1895,758,0.174789,0.012441,10.344157,145.231277,0.017629,true,true
1109,1576,745,0.405005,0.012413,9.844529,134.808204,0.016364,true,true
1111,2233,437,0.214938,0.012153,5.513778,75.674056,0.009186,true,true
1112,2198,316,0.201110,0.012140,4.274436,58.172184,0.007061,true,true
1113,2737,401,0.376412,0.012117,5.461377,72.619659,0.008815,true,true
1114,2613,629,0.242197,0.011946,7.744550,107.142990,0.013006,true,true
1115,2301,661,0.210300,0.012141,8.597459,119.779105,0.014540,true,true
1116,2225,565,0.212979,0.012272,7.780694,108.076430,0.013119,true,true
1117,1858,703,0.176691,0.012476,10.211751,143.313196,0.017397,true,true
1122,3028,257,0.286838,0.013080,3.635271,47.819804,0.005805,true,true
1120,2742,435,0.255497,0.012926,6.416632,87.988717,0.010681,true,true
1118,2533,580,0.232353,0.012818,8.699735,120.924808,0.014679,true,true
1119,2686,621,0.247109,0.012779,8.971275,124.591994,0.015124,true,true
1121,3039,557,0.284808,0.012708,7.625757,104.837932,0.012726,true,true
1123,2709,656,0.246703,0.012039,8.578300,118.985624,0.014444,true,true
1124,2698,289,0.255529,0.012266,3.988387,53.309885,0.006471,true,true
1125,2187,482,0.201326,0.012345,6.778853,93.935307,0.011403,true,true
1127,3062,335,0.283627,0.012459,4.803627,64.551240,0.007836,true,true
1128,2190,427,0.207805,0.012419,5.846888,80.533160,0.009776,true,true
1126,1749,764,0.172503,0.012470,11.052540,155.380519,0.018861,true,true
1132,1757,257,0.172037,0.012747,3.657225,49.772847,0.006042,true,true
1129,1717,599,0.163285,0.012538,8.389776,117.484577,0.014261,true,true
1130,2079,470,0.192232,0.012600,6.639697,92.077856,0.011177,true,true
1131,1674,614,0.154981,0.012469,8.182213,114.638917,0.013916,true,true
1133,2433,685,0.229614,0.012373,8.692581,120.861737,0.014671,true,true
1134,2383,760,0.217617,0.012068,10.168385,142.109409,0.017251,true,true
1137,1686,290,0.159430,0.012571,3.992604,54.742513,0.006645,true,true
1136,2517,486,0.236495,0.012498,6.653724,91.646051,0.011125,true,true
1135,2255,640,0.217455,0.012420,8.738880,121.696596,0.014773,true,true
1138,2188,523,0.210938,0.012404,6.685701,92.467721,0.011225,true,true
1140,2304,420,0.218783,0.012112,5.535552,75.930109,0.009217,true,true
1139,1687,606,0.155518,0.012152,8.214226,115.088432,0.013970,true,true
1141,2656,351,0.244611,0.012300,4.803684,65.109253,0.007904,true,true
1143,2419,424,0.232696,0.012389,5.896987,80.893152,0.009820,true,true
1142,2792,750,0.256419,0.012328,10.135072,141.079514,0.017125,true,true
1144,2425,416,0.227758,0.012379,5.567492,76.258080,0.009257,true,true
1145,2214,466,0.246796,0.012331,5.980860,81.889601,0.009940,true,true
1146,2374,527,0.216814,0.012222,7.606385,105.532318,0.012810,true,true
1149,2274,259,0.215651,0.012691,4.027762,54.441724,0.006609,true,true
1147,2145,499,0.207091,0.012696,7.652251,106.326199,0.012907,true,true
1152,2133,339,0.195455,0.012777,4.677345,64.006991,0.007770,true,true
1151,1588,467,0.148127,0.012737,6.441988,89.884202,0.010911,true,true
1148,2340,758,0.218189,0.012649,10.702206,149.724879,0.018175,true,true
1150,2139,747,0.207382,0.012613,10.349548,144.842807,0.017582,true,true
1153,1772,571,0.170353,0.012500,7.523458,105.011531,0.012747,true,true
1154,2500,756,0.239066,0.012066,9.539399,132.820371,0.016123,true,true
1155,2078,349,0.194280,0.012064,4.605293,62.994773,0.007647,true,true
1156,2329,445,0.213188,0.012281,6.217975,85.755862,0.010410,true,true
1158,1627,525,0.152755,0.012349,6.813916,95.129702,0.011548,true,true
1157,2317,634,0.218175,0.012316,8.354568,116.197865,0.014105,true,true
1159,2075,487,0.191299,0.012320,6.423778,89.007596,0.010805,true,true
1160,2691,319,0.253812,0.012371,4.662010,62.954578,0.007642,true,true
1161,2962,355,0.277800,0.012368,4.860975,65.453462,0.007945,true,true
1162,2240,679,0.208367,0.012160,8.452940,117.742818,0.014293,true,true
1163,2743,488,0.249737,0.012076,6.343409,87.025265,0.010564,true,true
1164,2328,684,0.223128,0.012032,8.441227,117.364736,0.014247,true,true
1167,2344,291,0.218450,0.012572,4.324760,58.643237,0.007119,true,true
1165,2943,742,0.267581,0.012374,10.296317,143.222890,0.017386,true,true
1168,2594,406,0.247512,0.012647,5.593417,76.346217,0.009268,true,true
1169,2455,433,0.234156,0.012602,5.678215,77.747970,0.009438,true,true
1166,2018,743,0.190593,0.012466,10.115077,141.734035,0.017205,true,true
1170,1878,472,0.172559,0.011881,5.933347,82.271243,0.009987,true,true
1171,1794,299,0.171102,0.012123,4.307151,59.067941,0.007170,true,true
1173,2820,407,0.258321,0.012279,5.243774,71.198499,0.008643,true,true
1172,2935,701,0.268284,0.012222,9.269395,128.547125,0.015604,true,true
1174,2064,583,0.201127,0.011998,7.183881,99.722451,0.012105,true,true
1175,1673,345,0.154269,0.011991,4.493698,61.972467,0.007523,true,true
1176,2349,589,0.225100,0.012012,7.524947,104.250949,0.012655,true,true
1177,2600,725,0.246357,0.011982,9.235236,128.372431,0.015583,true,true
1179,1842,407,0.177874,0.012159,5.362802,74.047260,0.008989,true,true
1180,2729,358,0.254211,0.012215,4.614965,62.277032,0.007560,true,true
1178,1561,685,0.151687,0.012118,8.858457,124.343553,0.015094,true,true
1181,2688,359,0.244829,0.011943,4.520404,61.060550,0.007412,true,true
1182,2632,608,0.239833,0.011952,7.685132,106.328177,0.012907,true,true
1183,2076,648,0.201024,0.012517,9.422875,131.699567,0.015987,true,true
1187,2214,499,0.335824,0.012981,7.029121,95.588649,0.011603,true,true
1188,2509,531,0.396183,0.012968,7.269236,98.155798,0.011915,true,true
1185,2100,668,0.319957,0.012891,9.748497,134.651334,0.016345,true,true
1186,2782,667,0.265186,0.012894,9.429982,130.884736,0.015888,true,true
1184,2707,740,0.254890,0.012825,10.755452,149.961153,0.018204,true,true
1189,1577,601,0.150113,0.012107,7.843695,109.873969,0.013337,true,true
1191,2542,356,0.242066,0.012170,4.562495,61.701124,0.007490,true,true
1190,2156,574,0.201273,0.012099,7.365537,102.314639,0.012420,true,true
1192,2002,393,0.183623,0.012099,5.204185,71.699900,0.008704,true,true
1193,3059,709,0.280401,0.012161,9.090701,125.822099,0.015273,true,true
1194,2193,531,0.203888,0.012233,7.120456,98.777247,0.011990,true,true
1195,2774,347,0.262229,0.012243,4.678724,63.073075,0.007656,true,true
1196,1968,672,0.187124,0.012175,8.593033,120.046891,0.014572,true,true
1197,2593,638,0.242672,0.012320,9.240192,128.495831,0.015598,true,true
1200,2609,285,0.239312,0.012920,4.312828,58.174905,0.007062,true,true
1201,1947,315,0.188183,0.012895,4.462526,61.042961,0.007410,true,true
1202,2470,307,0.229501,0.012831,4.155721,56.071336,0.006806,true,true
1198,2591,418,0.242655,0.012809,6.497523,89.327330,0.010843,true,true
1199,2989,669,0.288041,0.012507,9.284343,128.478446,0.015596,true,true
1203,2979,459,0.270793,0.012275,6.744381,92.450936,0.011223,true,true
1205,1789,287,0.166926,0.012674,4.653726,64.077105,0.007778,true,true
1204,2486,662,0.232269,0.012559,9.806653,136.734174,0.016598,true,true
1208,2065,348,0.200889,0.012933,5.147708,70.646750,0.008576,true,true
1209,2327,306,0.215228,0.012947,4.410691,59.916447,0.007273,true,true
1207,2507,614,0.237229,0.012785,8.722804,121.184620,0.014710,true,true
1210,2707,475,0.258741,0.012727,6.291403,86.153962,0.010458,true,true
1206,2537,712,0.243374,0.012726,10.168917,141.749162,0.017207,true,true
1211,2861,486,0.260265,0.012045,6.559975,89.967734,0.010921,true,true
1213,2933,265,0.273483,0.012250,3.673663,48.558816,0.005895,true,true
1212,2087,675,0.192635,0.012210,9.196255,128.582957,0.015609,true,true
1214,1806,433,0.173393,0.012243,5.803928,80.411076,0.009761,true,true
1215,1553,485,0.147533,0.012354,6.954719,97.215129,0.011801,true,true
1216,2161,537,0.209175,0.012417,7.494441,104.042707,0.012630,true,true
1217,2307,613,0.215934,0.012475,8.413003,117.064394,0.014210,true,true
1218,1982,733,0.189787,0.012620,10.413353,146.005299,0.017723,true,true
1219,2602,662,0.238410,0.012641,9.342082,130.011828,0.015782,true,true
1220,1551,639,0.145835,0.012623,8.804102,123.650878,0.015010,true,true
1221,2752,545,0.259541,0.012623,7.480909,103.130163,0.012519,true,true
1223,2102,588,0.194806,0.012565,7.996490,111.417803,0.013525,true,true
1222,1757,749,0.171099,0.012517,10.152454,142.546224,0.017304,true,true
1225,2595,502,0.246995,0.012239,6.378850,87.570555,0.010630,true,true
1224,2070,561,0.201088,0.012235,7.289298,101.228492,0.012288,true,true
1226,2764,669,0.251610,0.012140,8.889575,123.360937,0.014975,true,true
1227,2930,399,0.274296,0.012279,5.423077,73.531034,0.008926,true,true
1228,2878,765,0.264924,0.012015,9.444575,131.096890,0.015914,true,true
1230,3044,292,0.283121,0.012236,4.090452,54.373457,0.006600,true,true
1229,2067,684,0.189422,0.012239,9.344081,130.739976,0.015870,true,true
1231,2707,450,0.254143,0.012418,6.360727,87.209653,0.010586,true,true
1232,2996,483,0.277158,0.012382,6.503722,88.923119,0.010794,true,true
1233,2843,743,0.269052,0.012112,9.520951,132.128686,0.016039,true,true
1235,1884,441,0.176348,0.012343,6.109735,84.736185,0.010286,true,true
1234,2911,623,0.271401,0.012295,8.594650,118.866399,0.014429,true,true
1236,2500,387,0.228477,0.012385,5.283482,72.191786,0.008763,true,true
1237,3021,443,0.282744,0.012020,5.595373,75.870978,0.009210,true,true
1238,2223,347,0.203341,0.012206,5.007729,68.612664,0.008329,true,true
1239,1993,570,0.190921,0.012286,7.579878,105.523546,0.012809,true,true
1240,2214,636,0.206064,0.012315,8.449965,117.733202,0.014292,true,true
1241,2138,730,0.207403,0.012285,9.390875,131.151461,0.015920,true,true
1242,2499,310,0.237356,0.012163,3.995734,53.674337,0.006515,true,true
1243,2731,328,0.248666,0.012160,4.668826,63.125418,0.007663,true,true
1246,2382,311,0.228635,0.012375,4.064872,54.786264,0.006650,true,true
1245,2930,646,0.267066,0.012331,8.437877,116.689400,0.014165,true,true
1244,1934,768,0.183463,0.012278,10.254533,143.827476,0.017459,true,true
1247,1844,396,0.176237,0.011886,4.871054,67.047857,0.008139,true,true
1248,2237,675,0.204590,0.011902,8.226808,114.567303,0.013907,true,true
1249,2473,402,0.225647,0.012135,5.364579,73.390374,0.008909,true,true
1250,3001,440,0.279868,0.012163,5.850561,79.556460,0.009657,true,true
1251,2534,596,0.232576,0.012084,7.739798,107.212512,0.013014,true,true
1252,1898,576,0.176286,0.012202,7.666396,106.968133,0.012985,true,true
1254,1881,418,0.180970,0.012245,5.702899,78.860048,0.009573,true,true
1255,1716,388,0.160907,0.012309,5.651219,78.408513,0.009518,true,true
1253,1545,718,0.151138,0.012321,10.042806,141.265380,0.017148,true,true
1258,2629,460,0.455465,0.012553,6.362010,84.352845,0.010239,true,true
1256,2833,695,0.258983,0.012489,9.539409,132.536074,0.016088,true,true
1257,2513,648,0.231500,0.012483,8.691794,120.823568,0.014667,true,true
1259,1564,585,0.144699,0.012487,8.386270,117.699936,0.014287,true,true
1260,2623,451,0.244583,0.012667,6.655039,91.549327,0.011113,true,true
1261,1544,510,0.327042,0.012651,7.333688,100.063661,0.012147,true,true
1262,2241,575,0.215594,0.012628,7.826492,108.693129,0.013194,true,true
1263,2321,569,0.216494,0.012622,7.536351,104.536707,0.012690,true,true
1264,1629,561,0.162876,0.012589,7.212774,100.681354,0.012222,true,true
1266,2942,393,0.278790,0.012375,5.361380,72.585745,0.008811,true,true
1265,2469,601,0.225290,0.012258,8.434527,117.238165,0.014231,true,true
1267,2539,623,0.233215,0.012553,9.073103,126.244650,0.015325,true,true
1271,2992,294,0.273358,0.012843,4.295506,57.441308,0.006973,true,true
1269,1995,390,0.302712,0.012747,5.938224,80.482156,0.009770,true,true
1270,1580,429,0.153169,0.012706,6.122505,85.249579,0.010348,true,true
1268,1873,669,0.184113,0.012584,9.705791,135.981457,0.016507,true,true
1272,2847,517,0.262186,0.012570,7.004157,96.283770,0.011688,true,true
1273,2812,305,0.259892,0.012230,4.128487,55.248376,0.006707,true,true
1274,1634,366,0.155182,0.011949,4.662122,64.364733,0.007813,true,true
1275,1576,305,0.155481,0.011895,3.771533,51.641748,0.006269,true,true
1277,2656,514,0.247636,0.012323,6.996497,96.382166,0.011700,true,true
1276,2389,710,0.218152,0.012287,9.861866,137.724299,0.016718,true,true
1278,1849,466,0.170440,0.012431,6.470835,89.977519,0.010922,true,true
1279,2826,265,0.258419,0.012445,3.806820,50.675601,0.006151,true,true
1280,2891,359,0.271334,0.012238,4.843924,65.302293,0.007927,true,true
1281,2088,396,0.201426,0.012199,5.521290,75.974306,0.009222,true,true
1282,1750,376,0.170407,0.012258,5.107256,70.504372,0.008558,true,true
1284,1945,525,0.179312,0.012219,6.761202,93.997616,0.011410,true,true
1283,1753,765,0.164502,0.012186,9.832183,138.066580,0.016760,true,true
1285,1949,622,0.186139,0.012196,8.418458,117.567812,0.014271,true,true
1286,2140,420,0.206595,0.012371,5.997031,82.694673,0.010038,true,true
1287,2552,468,0.305290,0.012368,6.455486,87.832487,0.010662,true,true
1289,1562,347,0.147031,0.012224,4.376411,60.400830,0.007332,true,true
1288,2520,594,0.234532,0.012157,7.587840,105.014424,0.012748,true,true
1291,1720,332,0.165554,0.012098,4.170036,57.189019,0.006942,true,true
1290,2711,761,0.246881,0.012163,10.186153,141.945226,0.017231,true,true
1292,1743,518,0.164403,0.012244,6.871248,95.782124,0.011627,true,true
1294,1638,358,0.152972,0.012236,4.521200,62.383753,0.007573,true,true
1293,2471,559,0.230949,0.012199,7.338270,101.501435,0.012321,true,true
1295,1616,553,0.154767,0.012183,7.308708,102.167229,0.012402,true,true
1297,1773,353,0.171135,0.012279,4.493455,61.728143,0.007493,true,true
1296,2922,576,0.271268,0.012198,7.448266,102.496504,0.012442,true,true
1298,1629,265,0.150343,0.011849,3.278551,44.674722,0.005423,true,true
1299,2894,430,0.263209,0.012135,5.691286,77.519726,0.009410,true,true
1300,2432,530,0.233381,0.012099,6.633574,91.402757,0.011095,true,true
1301,1726,637,0.158998,0.011933,8.149258,114.110903,0.013852,true,true
1302,1910,372,0.176835,0.012121,4.898958,67.437831,0.008186,true,true
1303,2470,534,0.227515,0.012065,6.926362,95.667909,0.011613,true,true
1304,2948,745,0.270316,0.012217,9.889678,137.376510,0.016676,true,true
1306,2961,316,0.272129,0.012509,4.212578,56.274543,0.006831,true,true
1305,2864,426,0.268054,0.012381,5.799121,78.990548,0.009589,true,true
1307,1862,362,0.171132,0.012026,4.762588,65.571730,0.007960,true,true
1308,2745,750,0.254281,0.012233,10.161197,141.483144,0.017174,true,true
1310,2313,623,0.222711,0.012586,8.549573,118.917994,0.014435,true,true
1311,2937,389,0.277498,0.012669,5.424381,73.503925,0.008923,true,true
1309,2925,704,0.273990,0.012549,9.805384,136.120216,0.016523,true,true
1312,2535,371,0.233565,0.012484,4.852802,65.968471,0.008008,true,true
1313,2438,303,0.222524,0.012428,4.503384,61.136037,0.007421,true,true
1315,2924,485,0.490602,0.012368,6.476534,85.486589,0.010377,true,true
1314,2877,577,0.266116,0.012309,7.622087,105.052459,0.012752,true,true
1317,2945,353,0.268769,0.012523,5.629560,76.558796,0.009293,true,true
1316,2907,602,0.264369,0.012401,8.938044,123.870921,0.015037,true,true
1320,2679,311,0.244812,0.012819,4.389334,59.188945,0.007185,true,true
1318,3024,510,0.280660,0.012714,7.430104,102.102988,0.012394,true,true
1319,2895,650,0.268054,0.012564,9.008944,124.830841,0.015153,true,true
1321,1857,736,0.376398,0.012490,9.728393,133.558182,0.016212,true,true
1322,1874,332,0.174903,0.012182,4.207268,57.587213,0.006990,true,true
1324,2105,307,0.196357,0.012207,4.359313,59.452221,0.007217,true,true
1323,2192,502,0.200575,0.012178,6.922035,95.990848,0.011652,true,true
1326,2017,336,0.193358,0.012600,5.344475,73.564389,0.008930,true,true
1329,2554,274,0.238479,0.013018,4.151730,55.886109,0.006784,true,true
1325,2663,643,0.246552,0.012668,9.636329,134.097760,0.016278,true,true
1330,2380,292,0.223506,0.012994,4.146849,56.030241,0.006801,true,true
1331,1536,349,0.145490,0.012554,4.514358,62.392891,0.007574,true,true
1327,2709,714,0.249601,0.012660,10.356454,144.338481,0.017521,true,true
1328,2556,713,0.237412,0.012659,10.098217,140.824613,0.017095,true,true
1332,2803,567,0.263370,0.011974,7.040418,96.784716,0.011749,true,true
1333,2687,467,0.244740,0.012069,6.246091,85.706786,0.010404,true,true
1335,1647,484,0.160578,0.012136,6.022415,83.714365,0.010162,true,true
1334,2470,605,0.234453,0.012141,7.921941,109.786940,0.013327,true,true
1336,2215,740,0.204870,0.012590,11.698860,164.148535,0.019926,true,true
1338,2885,483,0.475667,0.013443,8.472460,114.204197,0.013863,true,true
1340,2301,364,0.211277,0.013904,6.565286,90.743191,0.011015,true,true
1339,2263,554,0.468367,0.013482,9.441105,128.141916,0.015555,true,true
1343,2787,456,0.264758,0.013822,7.162304,98.505574,0.011957,true,true
1346,2384,303,0.230873,0.013791,4.395882,59.481539,0.007220,true,true
1337,2280,719,0.208733,0.013408,11.817097,165.781951,0.020124,true,true
1344,2340,476,0.219436,0.013751,7.145527,98.913229,0.012007,true,true
1342,3004,675,0.281909,0.013422,10.190326,141.504570,0.017177,true,true
1341,1872,760,0.227101,0.013304,11.459915,160.418620,0.019473,true,true
1345,1926,602,0.177517,0.013119,8.279507,115.706538,0.014045,true,true
1347,2912,382,0.264815,0.011963,4.822535,65.089936,0.007901,true,true
1349,2568,393,0.239453,0.012172,5.010969,68.143211,0.008272,true,true
1348,2458,724,0.224308,0.012062,9.179023,127.884516,0.015524,true,true
1350,1544,305,0.142759,0.011910,3.984459,54.864269,0.006660,true,true
1351,2422,750,0.224264,0.011958,9.354810,130.395612,0.015829,true,true
1352,1898,433,0.177498,0.011941,5.501358,76.031372,0.009229,true,true
1353,1798,362,0.165815,0.012119,5.004659,69.104742,0.008389,true,true
1354,2765,585,0.259442,0.012181,7.585171,104.620566,0.012700,true,true
1355,2323,684,0.217981,0.012103,8.484467,118.055761,0.014331,true,true
1356,2954,510,0.268562,0.012343,7.191881,98.873646,0.012002,true,true
1358,1809,397,0.166517,0.012487,5.381194,74.472098,0.009040,true,true
1357,2238,557,0.209424,0.012396,7.537999,104.661218,0.012705,true,true
1359,2969,562,0.280424,0.012298,7.421613,101.985105,0.012380,true,true
1360,2657,577,0.244558,0.012192,7.766583,107.423921,0.013040,true,true
1361,2669,478,0.246823,0.012407,6.685908,91.958175,0.011163,true,true
1362,2814,553,0.267869,0.012391,7.372865,101.468224,0.012317,true,true
1363,2913,391,0.270997,0.012257,5.051215,68.267493,0.008287,true,true
1364,2867,438,0.260800,0.012123,5.827503,79.499474,0.009650,true,true
1365,2957,586,0.273894,0.012214,7.889599,108.761780,0.013202,true,true
1366,2257,747,0.214492,0.012294,9.889348,138.169034,0.016772,true,true
1367,2902,683,0.271034,0.012319,8.912257,123.407461,0.014980,true,true
1368,2629,548,0.246525,0.012269,6.957430,95.840116,0.011634,true,true
1369,2401,269,0.219223,0.012020,4.130636,55.859868,0.006781,true,true
1371,2908,313,0.268020,0.012383,4.410470,59.159371,0.007181,true,true
1372,3072,420,0.284709,0.012313,5.443808,73.678382,0.008944,true,true
1370,1587,646,0.152694,0.012200,8.565202,120.141127,0.014584,true,true
1375,2644,289,0.241601,0.012510,4.069068,54.661019,0.006635,true,true
1373,2935,512,0.266867,0.012470,7.523184,103.629279,0.012579,true,true
1376,2462,360,0.233104,0.012580,5.014604,68.285806,0.008289,true,true
1374,1663,558,0.155651,0.012461,7.827605,109.565091,0.013300,true,true
1377,2919,485,0.270163,0.012277,6.726001,92.197428,0.011192,true,true
1379,2961,550,0.275565,0.012414,7.508771,103.299216,0.012539,true,true
1378,2685,654,0.250348,0.012400,9.034475,125.448317,0.015228,true,true
1380,1632,646,0.155220,0.012328,8.374129,117.376290,0.014248,true,true
1381,2939,576,0.276359,0.012285,7.340332,100.882356,0.012246,true,true
1382,1646,269,0.151860,0.011851,3.327840,45.356962,0.005506,true,true
1383,1951,709,0.179073,0.011970,8.911711,124.712987,0.015139,true,true
1384,2833,632,0.267387,0.012147,8.173765,112.912956,0.013706,true,true
1385,2655,457,0.246096,0.012137,5.957917,81.571948,0.009902,true,true
1387,2934,332,0.271707,0.012433,4.781102,64.399802,0.007817,true,true
1386,1932,557,0.179431,0.012318,7.854683,109.612192,0.013306,true,true
1388,1891,378,0.180579,0.012463,5.265198,72.614720,0.008815,true,true
1389,2413,541,0.226872,0.012374,7.735923,107.238636,0.013018,true,true
1390,1802,420,0.177317,0.012326,6.003356,83.203111,0.010100,true,true
1391,2058,261,0.189971,0.012439,3.896695,52.936658,0.006426,true,true
1393,2196,308,0.346477,0.012363,4.141943,54.204002,0.006580,true,true
1392,2989,414,0.281445,0.012292,5.815298,79.030345,0.009593,true,true
1394,2816,564,0.261531,0.012420,7.947415,109.764029,0.013324,true,true
1397,1912,325,0.185645,0.012610,4.271434,58.350182,0.007083,true,true
1396,2985,581,0.275138,0.012526,7.886936,108.705984,0.013196,true,true
1395,2708,622,0.256010,0.012502,8.637624,119.699929,0.014530,true,true
1399,2362,350,0.227068,0.012325,4.905069,66.807707,0.008110,true,true
1398,1862,681,0.172146,0.012210,9.067639,127.038769,0.015421,true,true
1401,2137,479,0.207279,0.012295,6.084330,83.931636,0.010188,true,true
1400,1972,595,0.184665,0.012281,7.675067,106.972310,0.012985,true,true
1402,2802,742,0.255001,0.011953,9.111975,126.488671,0.015354,true,true
1403,2865,265,0.260622,0.012336,3.981886,53.144302,0.006451,true,true
1405,2851,505,0.263193,0.012277,6.451038,88.370154,0.010727,true,true
1404,2244,712,0.215095,0.012199,9.148295,127.577270,0.015486,true,true
1406,2933,584,0.266689,0.012607,8.878408,122.986111,0.014929,true,true
1408,3018,545,0.279251,0.012969,8.399148,115.962277,0.014077,true,true
1407,1768,651,0.168602,0.012886,9.883935,138.747097,0.016842,true,true
1409,2594,639,0.432293,0.012966,9.532849,129.967307,0.015777,true,true
1413,2637,263,0.243965,0.013058,3.845772,51.438304,0.006244,true,true
1412,1704,354,0.167550,0.012984,5.171786,71.466748,0.008675,true,true
1411,2143,453,0.204538,0.012997,6.657131,92.151098,0.011186,true,true
1410,2577,712,0.243330,0.012857,10.158329,141.598567,0.017188,true,true
1414,1967,474,0.188116,0.012107,5.914780,81.783919,0.009928,true,true
1415,2404,362,0.219490,0.012251,5.684290,78.044165,0.009474,true,true
1419,1686,311,0.382879,0.012841,4.735204,62.156641,0.007545,true,true
1420,2051,328,0.198805,0.012848,4.583784,62.622984,0.007602,true,true
1417,1683,413,0.163227,0.012851,6.482340,90.244825,0.010955,true,true
1416,2975,701,0.270948,0.012596,10.267601,142.764698,0.017330,true,true
1418,3004,595,0.356151,0.012762,8.833220,121.063151,0.014696,true,true
1421,2002,520,0.189576,0.012613,7.105420,98.766900,0.011989,true,true
1422,2459,670,0.236141,0.012438,8.942052,124.331292,0.015092,true,true
1424,2631,262,0.245758,0.012347,3.723276,49.663304,0.006029,true,true
1423,1570,654,0.154090,0.012334,8.702660,122.084267,0.014820,true,true
1425,2802,320,0.255009,0.012024,4.090617,54.777286,0.006649,true,true
1426,2735,302,0.249023,0.011946,3.844691,51.350638,0.006233,true,true
1427,1684,622,0.155250,0.011855,7.517122,105.136726,0.012762,true,true
1428,1753,552,0.161407,0.011936,7.157449,99.912235,0.012128,true,true
1429,2153,344,0.198591,0.012261,4.888956,66.984278,0.008131,true,true
1431,2889,287,0.265204,0.012495,4.291805,57.504890,0.006980,true,true
1430,2432,646,0.224910,0.012412,8.946555,124.555989,0.015120,true,true
1432,2628,481,0.245859,0.012425,6.423268,88.221121,0.010709,true,true
1433,2336,558,0.219302,0.012342,7.093748,98.175685,0.011917,true,true
1434,1831,561,0.168366,0.012001,7.164222,99.909565,0.012128,true,true
1435,3029,638,0.281351,0.012061,7.964193,109.720590,0.013319,true,true
1436,1558,400,0.144008,0.012219,6.214700,86.697069,0.010524,true,true
1437,1546,659,0.144639,0.012537,9.446436,132.841291,0.016125,true,true
1442,1907,311,0.180248,0.012927,4.187531,57.229022,0.006947,true,true
1440,2858,401,0.268238,0.012897,5.784655,78.781329,0.009563,true,true
1438,1710,568,0.166527,0.012735,8.282295,115.903324,0.014069,true,true
1441,1988,514,0.183556,0.012754,6.901255,95.937151,0.011646,true,true
1439,3054,608,0.278524,0.012703,8.849093,122.398443,0.014858,true,true
1443,2660,728,0.248969,0.012149,9.672304,134.577001,0.016336,true,true
1444,1685,553,0.159390,0.012274,7.370695,102.986450,0.012501,true,true
1445,2049,356,0.195619,0.012379,4.838259,66.302710,0.008048,true,true
1446,2725,754,0.253844,0.012142,9.397018,130.575964,0.015850,true,true
1447,2267,387,0.207267,0.011959,5.163084,70.775271,0.008591,true,true
1448,2016,358,0.195598,0.012184,4.924168,67.529883,0.008197,true,true
1449,1678,454,0.163842,0.012220,6.121756,85.086451,0.010329,true,true
1450,2458,592,0.236320,0.012268,7.892976,109.346615,0.013273,true,true
1451,2162,412,0.201164,0.012269,5.452174,74.990987,0.009103,true,true
1452,2282,579,0.213704,0.012054,7.180838,99.499382,0.012078,true,true
1453,1881,260,0.172827,0.012067,3.688311,50.205504,0.006094,true,true
1455,2272,393,0.215351,0.012199,5.199848,71.184834,0.008641,true,true
1454,1989,702,0.183218,0.012216,9.526206,133.429552,0.016197,true,true
1457,2270,568,0.208949,0.012367,7.539827,104.694108,0.012709,true,true
1456,2215,747,0.209845,0.012343,9.943928,139.014873,0.016875,true,true
1458,1758,435,0.168433,0.012374,5.695775,78.937355,0.009582,true,true
1459,1703,543,0.168233,0.012060,6.872155,95.740383,0.011622,true,true
1461,2819,334,0.263623,0.012121,4.299751,57.640954,0.006997,true,true
1460,1822,457,0.168028,0.012077,6.077153,84.389683,0.010244,true,true
1462,1574,287,0.148094,0.011881,3.546180,48.528916,0.005891,true,true
1463,2721,670,0.247774,0.012063,8.739820,121.277040,0.014722,true,true
1464,1971,293,0.188258,0.012221,3.998235,54.411232,0.006605,true,true
1465,2649,739,0.247438,0.012408,10.290448,143.426741,0.017410,true,true
1468,2562,348,0.236425,0.012780,4.904686,66.668607,0.008093,true,true
1469,2564,266,0.236104,0.012807,3.629921,48.467948,0.005883,true,true
1466,1840,630,0.179187,0.012562,9.052256,126.718520,0.015382,true,true
1467,2743,553,0.258983,0.012634,7.954288,109.898576,0.013340,true,true
1470,2793,425,0.261719,0.012152,5.827191,79.481899,0.009648,true,true
1472,2695,405,0.245710,0.012251,6.045729,82.831518,0.010055,true,true
1471,1823,712,0.177635,0.012668,11.003419,154.605717,0.018767,true,true
1477,2467,303,0.230648,0.013441,4.787707,65.080490,0.007900,true,true
1474,2534,493,0.327523,0.013283,7.974815,109.212882,0.013257,true,true
1475,2292,495,0.320620,0.013282,7.784373,106.591709,0.012939,true,true
1473,2526,623,0.234034,0.013197,9.975734,139.123652,0.016888,true,true
1476,1959,625,0.354607,0.013195,9.501321,130.626518,0.015857,true,true
1479,2603,536,0.242754,0.013237,7.514728,103.852882,0.012607,true,true
1478,2864,587,0.355481,0.013163,8.707841,119.282142,0.014480,true,true
1480,2075,434,0.198493,0.012361,5.918118,81.683384,0.009915,true,true
1481,2311,630,0.220097,0.012298,8.499818,118.244765,0.014354,true,true
1482,1695,513,0.160490,0.012358,6.875413,95.897487,0.011641,true,true
1483,1992,671,0.191877,0.012347,8.921936,124.676157,0.015134,true,true
1485,2773,262,0.254594,0.012426,3.997281,53.450249,0.006488,true,true
1484,2242,754,0.210148,0.012385,10.287836,143.921989,0.017471,true,true
1488,1918,417,0.177163,0.012504,5.869911,81.299563,0.009869,true,true
1489,3005,377,0.282029,0.012541,5.215102,70.450455,0.008552,true,true
1487,1693,543,0.166711,0.012516,7.617474,106.406220,0.012917,true,true
1486,1820,706,0.168801,0.012440,9.762232,137.006174,0.016631,true,true
1490,2385,594,0.226623,0.012271,7.983176,110.773264,0.013447,true,true
1492,2745,421,0.257839,0.012432,6.097217,83.393612,0.010123,true,true
1493,2377,278,0.222732,0.012634,4.123223,55.703886,0.006762,true,true
1491,2522,746,0.234957,0.012400,10.340979,144.326626,0.017520,true,true
1495,2585,296,0.247163,0.012546,3.948176,52.855093,0.006416,true,true
1494,1797,420,0.166059,0.012397,5.596052,77.547087,0.009413,true,true
1496,1836,313,0.168812,0.012051,4.348643,59.693205,0.007246,true,true
1498,2690,275,0.249858,0.012161,3.581916,47.585949,0.005776,true,true
1497,1904,671,0.176291,0.012061,8.502127,118.903341,0.014434,true,true
1499,3026,546,0.274986,0.011972,6.799893,93.183824,0.011311,true,true
1502,2377,402,0.228615,0.012336,5.175276,70.644498,0.008575,true,true
1500,1979,715,0.181571,0.012168,9.489686,132.931524,0.016136,true,true
1501,2501,749,0.234906,0.012344,10.128198,141.288587,0.017151,true,true
1503,1908,526,0.184089,0.012300,6.908643,96.035043,0.011658,true,true
1504,2940,606,0.269697,0.012244,7.677478,105.792367,0.012842,true,true
1505,2757,326,0.250986,0.012262,4.627465,62.501589,0.007587,true,true
1506,2325,391,0.214356,0.012264,5.176145,70.860557,0.008602,true,true
1507,1950,685,0.180438,0.012256,9.070494,126.961113,0.015412,true,true
1509,2795,295,0.259679,0.012346,3.889306,51.835612,0.006292,true,true
1508,2776,354,0.254982,0.012301,4.851731,65.647318,0.007969,true,true
1510,2624,376,0.239119,0.012185,5.070994,69.005208,0.008376,true,true
1511,2886,389,0.271013,0.012180,4.996723,67.489044,0.008192,true,true
1512,2640,257,0.240547,0.011939,3.296867,43.648075,0.005298,true,true
1514,2294,300,0.215971,0.012181,3.857977,52.012402,0.006314,true,true
1513,2925,697,0.265975,0.012131,9.139053,126.718645,0.015382,true,true
1515,2414,490,0.223324,0.012052,6.116772,84.165802,0.010217,true,true
1517,3054,356,0.285614,0.012334,4.852744,65.224321,0.007918,true,true
1516,2523,646,0.230108,0.012232,8.742782,121.571630,0.014757,true,true
1518,2057,744,0.188928,0.012269,9.846398,137.920735,0.016742,true,true
1519,1707,546,0.160547,0.012249,7.384374,103.165285,0.012523,true,true
1521,1547,263,0.148315,0.012348,3.546975,48.537108,0.005892,true,true
1522,1777,263,0.175460,0.012287,3.735597,50.843214,0.006172,true,true
1520,2649,674,0.246076,0.012321,9.434761,131.225900,0.015929,true,true
1524,1754,414,0.166509,0.012468,6.058670,84.147415,0.010215,true,true
1523,1956,579,0.181238,0.012448,8.280279,115.664423,0.014040,true,true
1525,2734,515,0.256707,0.012518,7.184779,98.941536,0.012010,true,true
1526,2633,689,0.241158,0.012438,9.052510,125.837125,0.015275,true,true
1527,2789,538,0.258761,0.012352,6.891968,94.730478,0.011499,true,true
1528,2349,464,0.214583,0.012349,6.618334,91.453570,0.011101,true,true
1531,2164,608,0.208990,0.012597,8.070077,112.266147,0.013628,true,true
1529,2677,750,0.253752,0.012557,10.315812,143.698791,0.017443,true,true
1530,2681,751,0.255091,0.012560,10.087742,140.422553,0.017046,true,true
1532,2351,397,0.218258,0.012466,5.154715,70.498776,0.008558,true,true
1533,2886,377,0.262495,0.011970,5.221800,70.825069,0.008597,true,true
1534,2450,421,0.235501,0.012156,5.818723,79.735388,0.009679,true,true
1535,2577,666,0.240299,0.012262,8.895436,123.606177,0.015004,true,true
1537,2838,261,0.268477,0.012433,3.500972,46.164072,0.005604,true,true
1536,2663,309,0.251204,0.012386,4.324378,58.170021,0.007061,true,true
1538,1833,738,0.168544,0.011882,9.478643,132.959848,0.016140,true,true
1539,2427,346,0.226410,0.012249,4.783730,65.084221,0.007901,true,true
1540,1990,635,0.188162,0.012172,8.054442,112.340309,0.013637,true,true
1541,1613,649,0.157520,0.012162,8.038195,112.545886,0.013662,true,true
1542,2356,549,0.215208,0.012021,7.053868,97.664624,0.011855,true,true
1543,2759,314,0.253183,0.012118,4.046139,54.168153,0.006575,true,true
1546,2763,493,0.255562,0.012562,6.963042,95.791206,0.011628,true,true
1545,1949,548,0.183504,0.012523,7.811993,108.944369,0.013225,true,true
1547,2916,292,0.266432,0.012768,4.243611,56.799081,0.006895,true,true
1544,1894,762,0.173987,0.012379,10.551482,148.203601,0.017990,true,true
1548,2877,256,0.266504,0.012668,3.496826,46.133038,0.005600,true,true
1549,1713,538,0.157838,0.011912,6.761175,94.303915,0.011447,true,true
1551,1946,271,0.188334,0.012087,3.451811,46.606525,0.005658,true,true
1550,2259,660,0.207682,0.012070,8.495248,118.356806,0.014367,true,true
1552,1676,348,0.158227,0.012117,4.830245,66.722255,0.008099,true,true
1554,2102,487,0.193370,0.012291,6.344163,87.841001,0.010663,true,true
1553,3023,612,0.283035,0.012263,8.145802,112.290136,0.013631,true,true
1555,1934,721,0.179848,0.012078,9.122994,127.719305,0.015504,true,true
1556,2713,260,0.248041,0.012107,3.600176,47.872673,0.005811,true,true
1557,2369,365,0.220616,0.012180,5.051577,68.992164,0.008375,true,true
1558,2566,557,0.242301,0.012140,7.155780,98.733127,0.011985,true,true
1559,1775,519,0.163762,0.012111,6.437515,89.597037,0.010876,true,true
1560,2713,512,0.247060,0.012035,6.607658,90.837293,0.011027,true,true
1561,2308,751,0.211458,0.012120,9.754364,136.284628,0.016543,true,true
1563,2737,284,0.257830,0.012331,4.118822,55.139794,0.006693,true,true
1562,2231,725,0.206049,0.012249,9.695244,135.517568,0.016450,true,true
1564,2064,325,0.194992,0.012309,4.365540,59.560640,0.007230,true,true
1565,1987,491,0.192790,0.012087,6.332797,87.686984,0.010644,true,true
1566,2380,617,0.225520,0.012174,8.231675,114.337897,0.013879,true,true
1567,1555,525,0.152880,0.012255,6.937867,96.898095,0.011762,true,true
1569,2236,333,0.212213,0.012335,4.942265,67.551054,0.008200,true,true
1568,1726,664,0.169297,0.012301,9.164259,128.459307,0.015594,true,true
1572,3064,450,0.279883,0.012490,6.066435,82.639204,0.010031,true,true
1571,1983,531,0.187733,0.012477,7.257439,100.964237,0.012256,true,true
1570,1901,743,0.180629,0.012443,10.591988,148.687231,0.018049,true,true
1573,1944,496,0.187558,0.012485,6.907447,95.968412,0.011649,true,true
1576,1754,378,0.165070,0.012304,4.803588,66.243847,0.008041,true,true
1574,2079,467,0.196774,0.012316,6.285265,86.951265,0.010555,true,true
1575,2047,620,0.193713,0.012184,7.897236,110.015938,0.013355,true,true
1578,2644,299,0.241746,0.012216,3.881987,51.987199,0.006311,true,true
1577,2920,760,0.265529,0.012081,9.885576,137.386296,0.016677,true,true
1579,2296,578,0.214069,0.012311,8.298528,115.456181,0.014015,true,true
1580,2712,537,0.255407,0.012531,7.706002,106.403810,0.012916,true,true
1582,3072,387,0.288670,0.012710,5.413929,73.195118,0.008885,true,true
1581,2582,542,0.235519,0.012612,7.557113,104.561515,0.012693,true,true
1583,2402,745,0.322381,0.012362,9.667930,133.466120,0.016201,true,true
1585,2941,434,0.270950,0.012310,5.908753,80.514877,0.009774,true,true
1584,1602,611,0.151445,0.012213,8.176138,114.602641,0.013911,true,true
1587,1553,268,0.153360,0.012385,3.460201,47.225814,0.005733,true,true
1586,1782,727,0.167250,0.012450,10.762104,151.307758,0.018367,true,true
1588,2313,359,0.219831,0.012599,5.931639,81.571755,0.009902,true,true
1589,2790,521,0.262534,0.012956,8.408707,116.337540,0.014122,true,true
1590,2074,498,0.194476,0.013004,7.876523,109.709234,0.013317,true,true
1591,2791,607,0.255593,0.013052,9.129869,126.735756,0.015384,true,true
1595,2706,390,0.247220,0.012967,5.291533,72.039085,0.008745,true,true
1593,2971,637,0.270914,0.013005,9.003840,124.717099,0.015139,true,true
1594,2356,542,0.220465,0.013004,7.501885,103.987775,0.012623,true,true
1592,2557,690,0.239175,0.012994,9.923990,138.311253,0.016789,true,true
1596,2940,490,0.267313,0.011990,6.404188,87.642237,0.010639,true,true
1597,3012,532,0.278761,0.012048,6.919908,94.843884,0.011513,true,true
1598,2673,698,0.249711,0.012046,8.823368,122.442548,0.014863,true,true
1599,1937,405,0.180391,0.012010,5.032307,69.291415,0.008411,true,true
1600,3048,409,0.276949,0.012118,5.531350,75.039403,0.009109,true,true
1601,1555,436,0.153502,0.012134,5.598439,77.760511,0.009439,true,true
1602,1811,579,0.168814,0.012076,7.345363,102.490089,0.012441,true,true
1603,2150,512,0.197475,0.012270,7.169935,99.575441,0.012087,true,true
1604,2698,304,0.257221,0.012427,4.479331,60.297019,0.007319,true,true
1605,2950,423,0.277382,0.012365,5.683754,77.209745,0.009372,true,true
1606,2056,743,0.259423,0.012231,9.494801,131.892738,0.016010,true,true
1607,1733,716,0.169797,0.012205,9.813099,137.718407,0.016717,true,true
1610,2379,380,0.228652,0.012720,5.576285,76.370889,0.009271,true,true
1608,2068,625,0.200055,0.012551,9.019841,125.957560,0.015290,true,true
1609,2677,519,0.246528,0.012650,7.543174,104.205225,0.012649,true,true
1611,2927,459,0.271376,0.012622,6.313012,86.282123,0.010474,true,true
1612,2866,434,0.269799,0.012316,5.602486,76.157433,0.009245,true,true
1613,2118,619,0.193973,0.012160,8.362385,116.655134,0.014161,true,true
1615,2451,336,0.233871,0.012415,4.587180,62.170701,0.007547,true,true
1614,2581,755,0.236569,0.012258,9.897125,137.964809,0.016747,true,true
1617,1832,427,0.180295,0.012166,5.566664,76.924080,0.009338,true,true
1616,2122,730,0.206430,0.012244,9.504386,132.786440,0.016119,true,true
1618,2226,687,0.209356,0.012182,8.812366,122.861731,0.014914,true,true
1619,2706,670,0.256813,0.012189,8.945115,124.079814,0.015062,true,true
1620,1682,337,0.157226,0.012293,4.666691,64.400806,0.007818,true,true
1621,2003,577,0.188635,0.012309,7.688042,107.100909,0.013001,true,true
1622,2132,529,0.197630,0.012296,6.904396,95.781005,0.011627,true,true
1623,2345,533,0.224861,0.012137,6.681798,92.213139,0.011194,true,true
1625,1912,279,0.186119,0.012253,3.777307,51.286661,0.006226,true,true
1626,2016,513,0.191677,0.012205,6.440683,89.243617,0.010833,true,true
1624,2279,717,0.208337,0.012130,9.253583,129.177419,0.015681,true,true
1627,2971,337,0.270079,0.013155,6.257958,85.514398,0.010380,true,true
1629,2505,311,0.238571,0.013375,5.509312,75.272780,0.009137,true,true
1630,2349,341,0.364154,0.013354,5.814420,77.836617,0.009449,true,true
1628,2349,361,0.223102,0.013309,6.367380,87.747976,0.010652,true,true
1631,2801,415,0.265869,0.013294,6.805216,93.390049,0.011337,true,true
1634,1794,390,0.167474,0.013115,5.649586,78.291412,0.009504,true,true
1632,2334,572,0.224066,0.013156,8.558314,119.023483,0.014448,true,true
1633,3046,546,0.285154,0.013133,7.987921,110.005138,0.013353,true,true
1635,1885,285,0.181610,0.012726,4.002987,54.574042,0.006625,true,true
1636,2266,589,0.269488,0.012343,7.754754,106.898960,0.012976,true,true
1637,2492,534,0.234623,0.012117,7.085004,97.832005,0.011876,true,true
1638,1812,437,0.177397,0.012177,5.971012,82.740072,0.010044,true,true
1639,2471,701,0.231844,0.012213,9.040042,125.792078,0.015270,true,true
1640,2845,573,0.261462,0.012182,7.229434,99.511351,0.012080,true,true
1641,2522,488,0.230018,0.011953,6.273883,86.313943,0.010478,true,true
1643,2068,415,0.192937,0.012366,5.682043,78.391291,0.009516,true,true
1645,2496,264,0.232394,0.012488,3.516640,46.903133,0.005694,true,true
1642,2440,571,0.232833,0.012300,7.803006,108.111544,0.013124,true,true
1644,1536,395,0.146414,0.012394,5.257223,72.988740,0.008860,true,true
1647,2417,555,0.231695,0.012436,7.681117,106.387048,0.012914,true,true
1646,2543,744,0.231892,0.012403,10.227814,142.754266,0.017329,true,true
1648,1550,638,0.152248,0.012549,9.000686,126.366754,0.015340,true,true
1649,2684,703,0.254741,0.012575,9.692706,134.785937,0.016362,true,true
1650,1870,655,0.173572,0.012562,9.081919,127.222330,0.015443,true,true
1652,2816,501,0.261743,0.012710,7.465299,102.875775,0.012488,true,true
1651,1987,525,0.192667,0.012711,7.958212,110.901691,0.013462,true,true
1653,2791,534,0.255471,0.012785,8.402212,116.345658,0.014123,true,true
1654,3057,531,0.289410,0.012870,8.437839,116.369751,0.014126,true,true
1655,1676,442,0.166153,0.012933,7.042150,98.197832,0.011920,true,true
1659,2631,278,0.248649,0.013035,4.292585,57.752452,0.007011,true,true
1658,1575,411,0.152650,0.012939,6.130657,85.373410,0.010363,true,true
1656,1762,722,0.173509,0.012888,10.660494,149.767259,0.018180,true,true
1660,1745,544,0.172741,0.012897,8.064314,112.701525,0.013681,true,true
1657,2093,759,0.200543,0.012902,11.414703,160.152213,0.019441,true,true
1662,2012,348,0.186432,0.012845,5.074935,69.813933,0.008475,true,true
1661,3000,704,0.279679,0.012832,9.916009,137.618832,0.016705,true,true
1663,2546,478,0.232347,0.012654,6.467087,89.039891,0.010808,true,true
1664,2174,766,0.202980,0.012277,9.594525,134.122999,0.016281,true,true
1665,2485,288,0.226717,0.012131,4.090819,55.184209,0.006699,true,true
1666,1835,313,0.180177,0.012208,4.377803,59.947356,0.007277,true,true
1667,2339,329,0.219450,0.012205,4.397849,59.672767,0.007244,true,true
1668,1907,452,0.180446,0.011967,5.577763,77.080444,0.009357,true,true
1669,2048,646,0.187727,0.011955,8.285743,115.649795,0.014039,true,true
1670,1785,510,0.173513,0.012128,6.717789,93.460450,0.011345,true,true
1671,2443,509,0.227203,0.012132,6.697604,92.405409,0.011217,true,true
1672,1604,459,0.159292,0.012146,6.147691,85.521826,0.010381,true,true
1673,1728,469,0.166331,0.012148,6.117986,84.997064,0.010318,true,true
1674,2931,575,0.269465,0.012111,7.221416,99.282544,0.012052,true,true
1675,1860,299,0.170953,0.011870,3.708286,50.517535,0.006132,true,true
1676,2661,381,0.242420,0.012264,5.312896,72.412724,0.008790,true,true
1678,1642,479,0.156273,0.012265,6.019075,83.728136,0.010164,true,true
1677,2843,561,0.267674,0.012240,7.273647,100.054048,0.012145,true,true
1680,1878,538,0.179009,0.012291,7.313763,101.893206,0.012369,true,true
1679,2019,700,0.185140,0.012256,9.459297,132.446555,0.016078,true,true
1681,2346,504,0.225351,0.012426,6.795654,93.832134,0.011390,true,true
1682,1622,742,0.345170,0.012333,9.841413,135.618217,0.016463,true,true
1683,1853,636,0.175586,0.012247,8.407286,117.558978,0.014270,true,true
1684,2045,417,0.196511,0.012206,5.541722,76.336293,0.009266,true,true
1685,2940,602,0.271453,0.012085,7.534297,103.722485,0.012591,true,true
1686,2816,317,0.256250,0.012212,4.536570,61.128325,0.007420,true,true
1687,2856,413,0.310568,0.012195,5.496518,74.061837,0.008990,true,true
1688,1755,384,0.166546,0.012062,4.986167,68.830216,0.008355,true,true
1689,2184,611,0.209550,0.012092,8.018632,111.523440,0.013538,true,true
1690,2434,453,0.224772,0.012289,6.178126,85.021335,0.010321,true,true
1692,2049,296,0.191021,0.012334,4.051628,55.134295,0.006693,true,true
1691,2309,622,0.363786,0.012295,8.408566,114.889513,0.013946,true,true
1693,2432,557,0.230983,0.012283,7.760929,107.537048,0.013054,true,true
1694,2539,450,0.237813,0.012338,6.246670,85.813993,0.010417,true,true
1695,2649,612,0.245025,0.012310,7.994322,110.669648,0.013434,true,true
1696,2495,537,0.237773,0.012289,7.246497,100.093344,0.012150,true,true
1697,2762,420,0.260610,0.012404,6.076769,83.062021,0.010083,true,true
1699,2075,631,0.197658,0.012471,8.458193,117.970769,0.014320,true,true
1698,1853,716,0.193039,0.012432,9.675987,135.428359,0.016439,true,true
1700,2842,644,0.260022,0.012430,8.397836,116.218159,0.014108,true,true
1701,1574,628,0.146877,0.012178,7.967912,111.694162,0.013558,true,true
1702,2025,584,0.195409,0.012169,7.819294,108.878615,0.013217,true,true
1703,2884,652,0.273599,0.012530,9.529978,132.192674,0.016047,true,true
1704,2935,765,0.276571,0.012614,10.746525,149.524035,0.018151,true,true
1707,2607,324,0.248599,0.012956,4.598972,62.128766,0.007542,true,true
1708,1801,438,0.264988,0.012803,5.859939,79.902895,0.009699,true,true
1705,1851,545,0.180164,0.012736,7.770874,108.404821,0.013159,true,true
1706,2848,585,0.261158,0.012631,8.219842,113.659963,0.013797,true,true
1709,1949,365,0.180261,0.012009,4.711525,64.712113,0.007855,true,true
1710,1738,288,0.160493,0.012037,3.828107,52.378109,0.006358,true,true
1713,1988,328,0.469251,0.012534,4.567981,58.534989,0.007105,true,true
1712,2972,518,0.279434,0.012502,7.100737,97.416727,0.011825,true,true
1711,2331,757,0.221628,0.012349,10.185367,142.294649,0.017273,true,true
1714,1963,759,0.425351,0.012354,9.946380,135.972189,0.016506,true,true
1715,1699,735,0.166150,0.011987,9.335532,130.950235,0.015896,true,true
1716,1660,625,0.163801,0.012101,7.933098,110.955274,0.013469,true,true
1717,2387,633,0.224508,0.012130,8.319479,115.606312,0.014033,true,true
1719,3039,328,0.279035,0.012155,4.253815,56.764827,0.006891,true,true
1718,1655,528,0.153519,0.012132,6.823106,95.250043,0.011562,true,true
1720,1695,477,0.156232,0.011855,5.799148,80.587893,0.009782,true,true
1721,1734,359,0.159711,0.011865,4.646496,64.076896,0.007778,true,true
1723,2613,510,0.249195,0.012288,6.678588,91.819769,0.011146,true,true
1722,2624,650,0.244232,0.012269,8.878539,123.308689,0.014968,true,true
1724,1902,681,0.178183,0.012289,9.064011,126.900732,0.015404,true,true
1725,2843,622,0.260570,0.012240,8.132087,112.415107,0.013646,true,true
1726,2974,693,0.279662,0.012164,8.869592,122.674934,0.014891,true,true
1727,1877,440,0.175575,0.012092,5.718197,79.155562,0.009609,true,true
1728,2569,601,0.246037,0.012142,7.770519,107.459004,0.013044,true,true
1729,2629,709,0.250285,0.012066,8.793300,122.004932,0.014810,true,true
1730,2181,588,0.199594,0.011933,7.421617,103.139527,0.012520,true,true
1731,2380,696,0.226178,0.012027,8.967365,124.835072,0.015154,true,true
1732,2198,502,0.205289,0.012126,6.461299,89.343641,0.010845,true,true
1733,1974,640,0.189571,0.012163,8.464200,118.172045,0.014345,true,true
1734,3060,516,0.284426,0.012274,6.830312,93.483427,0.011348,true,true
1735,2462,714,0.227428,0.012155,8.894234,123.772824,0.015025,true,true
1736,1536,291,0.142045,0.011842,3.576307,49.045553,0.005954,true,true
1737,2756,272,0.250896,0.012019,3.887812,51.939698,0.006305,true,true
1738,2154,262,0.204679,0.012108,3.547403,47.738277,0.005795,true,true
1739,1990,475,0.193263,0.011969,5.866461,81.020360,0.009835,true,true
1740,1580,538,0.145971,0.011845,6.506778,90.840279,0.011027,true,true
1741,2583,414,0.235461,0.012317,5.738753,78.593886,0.009540,true,true
1742,2478,620,0.226919,0.012276,8.203506,113.915635,0.013828,true,true
1743,2078,631,0.191725,0.012271,8.110406,113.088666,0.013728,true,true
1745,2151,350,0.200132,0.012185,4.698723,64.245505,0.007799,true,true
1744,2047,494,0.192283,0.012170,6.634848,92.007883,0.011169,true,true
1746,2701,478,0.250812,0.012182,6.335958,86.903490,0.010549,true,true
1747,3017,588,0.278574,0.012098,7.553521,103.895341,0.012612,true,true
1748,1890,755,0.174535,0.012078,9.746634,136.701531,0.016594,true,true
1749,2948,353,0.268645,0.012211,4.763990,64.199134,0.007793,true,true
1750,2151,294,0.201727,0.012068,3.737591,50.496564,0.006130,true,true
1752,1650,598,0.162877,0.012280,7.715336,107.858549,0.013093,true,true
1751,2716,646,0.247328,0.012276,8.539235,118.418809,0.014375,true,true
1753,2425,682,0.228383,0.012241,8.564642,119.052205,0.014452,true,true
1754,1782,488,0.163994,0.011927,6.224610,86.553177,0.010507,true,true
1755,2769,267,0.262839,0.012052,3.964044,52.857830,0.006416,true,true
1757,2609,298,0.317103,0.012596,4.837875,64.562273,0.007837,true,true
1758,2692,409,0.257265,0.012753,5.995130,81.943889,0.009947,true,true
1756,2830,647,0.264822,0.012641,9.448337,131.152078,0.015920,true,true
1759,2965,482,0.276928,0.012748,6.673741,91.354487,0.011089,true,true
1760,2915,658,0.267470,0.012524,8.495771,117.510417,0.014264,true,true
1761,2754,348,0.250718,0.012366,5.218299,70.943272,0.008612,true,true
1763,2224,340,0.215358,0.012456,4.716285,64.278853,0.007803,true,true
1764,3062,306,0.290017,0.012487,4.288410,57.102055,0.006932,true,true
1762,2129,659,0.205903,0.012399,9.257149,129.263098,0.015691,true,true
1765,2073,343,0.190414,0.012323,4.626073,63.346762,0.007690,true,true
1766,2425,389,0.227815,0.012145,5.169856,70.578528,0.008567,true,true
1767,2520,458,0.238372,0.012175,6.530525,89.859812,0.010908,true,true
1768,2871,456,0.264015,0.012463,6.866690,94.294453,0.011446,true,true
1771,2715,347,0.258867,0.012964,5.400559,73.429788,0.008914,true,true
1769,3042,508,0.282479,0.012840,7.886431,108.593935,0.013182,true,true
1774,2878,280,0.268493,0.012894,3.865852,51.374784,0.006236,true,true
1770,2081,696,0.197986,0.012761,10.143550,142.035082,0.017241,true,true
1773,1926,584,0.183052,0.012709,8.027157,112.023621,0.013598,true,true
1772,2383,689,0.218234,0.012734,9.590962,133.854273,0.016248,true,true
1775,1882,614,0.173003,0.012200,8.059101,112.623334,0.013671,true,true
1776,2441,405,0.229904,0.012223,5.352740,73.160492,0.008881,true,true
1777,2014,460,0.186338,0.012226,6.120374,84.745450,0.010287,true,true
1778,1855,343,0.173894,0.012115,4.469187,61.342164,0.007446,true,true
1779,1647,504,0.157907,0.012033,6.210293,86.435642,0.010492,true,true
1782,2500,279,0.230874,0.012685,4.272008,57.712437,0.007006,true,true
1781,2956,369,0.391631,0.012583,5.765100,76.739851,0.009315,true,true
1780,1838,550,0.168990,0.012607,8.357534,116.942643,0.014196,true,true
1783,3051,472,0.288534,0.012710,6.768450,92.541302,0.011233,true,true
1784,2607,520,0.247061,0.012655,7.335146,101.226709,0.012288,true,true
1785,2811,400,0.261985,0.012503,5.514621,75.014206,0.009106,true,true
1786,2904,274,0.273267,0.012495,4.894271,65.993712,0.008011,true,true
1787,2894,300,0.267572,0.012739,5.023148,67.915559,0.008244,true,true
1790,2876,264,0.355107,0.012919,4.278099,56.025230,0.006801,true,true
1788,1659,546,0.158616,0.012774,8.176704,114.508320,0.013900,true,true
1789,2962,533,0.275304,0.012797,7.870220,108.464904,0.013166,true,true
1791,2888,533,0.388081,0.012797,7.458720,100.977575,0.012258,true,true
1792,2887,624,0.267453,0.012330,8.094443,111.779208,0.013569,true,true
1793,1575,555,0.149999,0.011911,7.009073,97.956159,0.011891,true,true
1795,2315,357,0.219302,0.012165,4.550128,61.849621,0.007508,true,true
1794,2865,651,0.262028,0.012085,8.328802,115.203614,0.013984,true,true
1796,2528,346,0.230554,0.012317,5.705237,78.185313,0.009491,true,true
1798,2995,278,0.276352,0.012977,4.787924,64.430885,0.007821,true,true
1800,2341,416,0.217673,0.013005,6.078973,83.706688,0.010161,true,true
1797,2561,724,0.241584,0.012721,10.628179,148.333549,0.018006,true,true
1799,2620,568,0.379814,0.012907,8.376048,114.196214,0.013862,true,true
1802,2155,497,0.209899,0.012807,6.562163,90.718269,0.011012,true,true
1801,2937,616,0.422919,0.012784,8.482304,115.098095,0.013972,true,true
1803,2562,538,0.233587,0.011979,6.922829,95.530739,0.011596,true,true
1804,2817,519,0.266294,0.012005,6.485050,88.811610,0.010781,true,true
1805,1596,542,0.147399,0.012109,7.326533,102.527008,0.012446,true,true
1806,2235,658,0.210405,0.012230,8.915965,124.326287,0.015092,true,true
1807,1715,647,0.163807,0.012469,9.096242,127.566338,0.015485,true,true
1808,2924,488,0.268466,0.012563,6.998618,96.114980,0.011667,true,true
1809,2709,412,0.251226,0.012591,5.791109,79.116454,0.009604,true,true
1810,2175,593,0.200589,0.012423,7.969295,110.946831,0.013468,true,true
1811,1805,467,0.169980,0.012356,6.176127,85.775289,0.010412,true,true
1812,2725,463,0.259485,0.012120,5.858982,79.967816,0.009707,true,true
1813,2168,394,0.198434,0.012164,5.560042,76.570475,0.009295,true,true
1816,1834,286,0.172967,0.012390,3.704046,50.428217,0.006121,true,true
1814,1833,417,0.170341,0.012311,5.704312,79.032035,0.009594,true,true
1815,2677,377,0.251361,0.012323,5.053427,68.579501,0.008325,true,true
1819,1920,365,0.187277,0.012595,5.172567,71.196162,0.008642,true,true
1818,3063,536,0.279956,0.012616,7.790509,107.260080,0.013020,true,true
1820,1589,529,0.148224,0.012644,7.262202,101.596500,0.012333,true,true
1817,2383,677,0.217617,0.012523,9.722809,135.746030,0.016478,true,true
1821,2790,492,0.265943,0.012691,7.201472,99.048034,0.012023,true,true
1822,2008,282,0.194133,0.012634,4.264428,58.128893,0.007056,true,true
1823,2945,744,0.278494,0.012460,9.998934,138.820022,0.016851,true,true
1824,2774,736,0.262283,0.012458,9.629288,133.772539,0.016238,true,true
1825,2301,444,0.221621,0.012436,5.730549,78.674379,0.009550,true,true
1827,1931,487,0.178331,0.012238,6.270694,87.006564,0.010562,true,true
1828,1566,532,0.213853,0.012231,6.708427,92.750635,0.011259,true,true
1826,2542,741,0.231803,0.012158,9.550694,133.085414,0.016155,true,true
1829,1991,463,0.182641,0.011912,5.840234,80.797490,0.009808,true,true
1830,1671,437,0.161053,0.011897,5.348117,74.077764,0.008992,true,true
1831,2435,757,0.222256,0.012134,9.771006,136.368083,0.016554,true,true
1832,2473,508,0.226446,0.012280,6.815984,94.106843,0.011424,true,true
1834,2343,295,0.217328,0.012214,4.032744,54.488905,0.006614,true,true
1833,1621,645,0.158817,0.012266,8.496664,119.074879,0.014454,true,true
1835,2460,723,0.225320,0.012081,9.311839,129.766859,0.015752,true,true
1837,2346,296,0.223466,0.012256,4.297687,58.184962,0.007063,true,true
1836,1622,507,0.158586,0.012204,7.006859,97.801905,0.011872,true,true
1838,2593,306,0.246686,0.012265,4.209845,56.598865,0.006870,true,true
1839,2436,663,0.223665,0.012112,8.632050,120.082243,0.014577,true,true
1841,2138,311,0.203210,0.012137,4.133738,56.132842,0.006814,true,true
1840,2121,728,0.201115,0.012110,9.368969,130.928415,0.015893,true,true
1842,1827,730,0.168754,0.012077,9.197535,128.942272,0.015652,true,true
1843,2461,348,0.225940,0.012080,4.580350,62.186419,0.007549,true,true
1844,1767,440,0.172278,0.011889,5.660699,78.381518,0.009515,true,true
1845,2961,394,0.280210,0.012277,5.531039,74.988395,0.009103,true,true
1847,2465,462,0.351577,0.012297,6.020686,80.961970,0.009828,true,true
1846,2198,717,0.210744,0.012231,9.611920,134.260550,0.016298,true,true
1848,1720,512,0.162431,0.012254,7.344969,102.575615,0.012452,true,true
1849,2864,423,0.266834,0.012295,6.115254,83.522744,0.010139,true,true
1850,1789,349,0.165267,0.012452,4.993960,68.959766,0.008371,true,true
1851,2456,627,0.231907,0.012531,8.794622,122.286277,0.014844,true,true
1852,2984,649,0.281261,0.012529,8.847248,122.333007,0.014850,true,true
1854,2315,300,0.222849,0.012533,3.970339,53.518845,0.006497,true,true
1853,2583,419,0.238743,0.012503,5.676420,77.656828,0.009427,true,true
1855,2222,409,0.203252,0.012051,5.288661,72.625993,0.008816,true,true
1856,1832,439,0.174843,0.012056,5.606985,77.577775,0.009417,true,true
1859,1906,376,0.178003,0.012304,4.791874,65.891845,0.007999,true,true
1857,1641,685,0.154169,0.012217,8.961317,125.777076,0.015268,true,true
1858,3031,712,0.277981,0.012227,9.325213,129.205786,0.015684,true,true
1860,1951,259,0.183963,0.011919,3.259001,43.915379,0.005331,true,true
1861,2054,268,0.199463,0.011986,3.632836,49.032846,0.005952,true,true
1862,2557,261,0.241394,0.012037,3.603186,48.010599,0.005828,true,true
1863,2546,499,0.238186,0.012350,7.016812,96.807258,0.011751,true,true
1865,2440,337,0.225618,0.012467,4.557871,61.869990,0.007510,true,true
1864,2886,743,0.263374,0.012300,9.755903,135.565177,0.016456,true,true
1866,1549,506,0.150193,0.012160,6.290926,87.697344,0.010645,true,true
1868,1839,312,0.194792,0.012073,4.098214,55.745746,0.006767,true,true
1867,2105,468,0.192813,0.012070,6.147171,85.035678,0.010322,true,true
1869,1611,404,0.151182,0.011973,4.976442,68.910746,0.008365,true,true
1871,1715,306,0.169909,0.012280,4.089829,55.981358,0.006796,true,true
1872,1901,421,0.178393,0.012334,5.612441,77.604995,0.009420,true,true
1870,2902,561,0.263923,0.012263,7.717397,106.444926,0.012921,true,true
1873,2787,437,0.254679,0.012128,5.542428,75.515661,0.009167,true,true
1874,3070,624,0.278912,0.011975,7.739401,106.545103,0.012933,true,true
1876,2312,325,0.221081,0.012069,4.131364,55.843730,0.006779,true,true
1875,1726,562,0.158998,0.012031,7.528900,105.251422,0.012776,true,true
1877,2663,322,0.245133,0.012124,4.303362,57.956590,0.007035,true,true
1878,1811,380,0.166710,0.012071,4.933889,68.081282,0.008264,true,true
1879,2098,593,0.194874,0.012162,8.161830,113.778092,0.013811,true,true
1880,2610,470,0.244662,0.012296,6.540691,89.915170,0.010915,true,true
1881,2789,315,0.257501,0.012566,4.946227,66.960864,0.008128,true,true
1882,3030,345,0.283832,0.012558,5.071412,68.372623,0.008300,true,true
1883,2946,550,0.276727,0.012413,7.547476,103.835382,0.012604,true,true
1884,2184,521,0.207800,0.012352,6.886632,95.382078,0.011578,true,true
1885,2812,618,0.256912,0.012195,7.781382,107.458845,0.013044,true,true
1886,2794,764,0.254287,0.012315,10.487253,146.139553,0.017740,true,true
1888,1904,494,0.183711,0.012530,6.765530,93.996603,0.011410,true,true
1889,1932,257,0.185898,0.012644,3.649677,49.467096,0.006005,true,true
1887,2830,765,0.266248,0.012442,10.351530,144.030431,0.017484,true,true
1890,2488,376,0.234186,0.012426,5.073713,69.114500,0.008390,true,true
1891,1960,680,0.191300,0.012434,9.670930,135.380971,0.016434,true,true
1892,2219,614,0.213367,0.012587,8.763152,122.101606,0.014822,true,true
1893,2841,473,0.269756,0.012817,6.894878,94.615013,0.011485,true,true
1894,1948,544,0.410661,0.012775,7.906927,107.056049,0.012995,true,true
1895,1674,571,0.163336,0.012751,8.111139,113.504563,0.013778,true,true
1896,2662,587,0.244565,0.012702,8.125143,112.544504,0.013662,true,true
1898,3019,285,0.282051,0.012294,3.773512,49.862437,0.006053,true,true
1897,1769,597,0.167848,0.012185,7.882153,110.169923,0.013373,true,true
1899,1933,594,0.181054,0.011941,7.527190,104.912003,0.012735,true,true
1900,2913,746,0.266412,0.012020,9.369521,130.003769,0.015781,true,true
1901,1608,395,0.158059,0.012061,5.166684,71.529431,0.008683,true,true
1902,2820,727,0.264483,0.012063,9.262386,128.501296,0.015599,true,true
1904,2383,313,0.229176,0.012160,4.022987,54.180367,0.006577,true,true
1903,2635,599,0.251135,0.012128,7.721281,106.683032,0.012950,true,true
1905,2149,579,0.196739,0.012091,7.702596,107.193024,0.013012,true,true
1906,1574,469,0.151824,0.012215,6.240305,86.951121,0.010555,true,true
1908,1841,543,0.172671,0.012246,7.013810,97.700012,0.011860,true,true
1907,2215,618,0.207142,0.012234,8.128948,113.133290,0.013733,true,true
1909,2230,640,0.210779,0.012179,8.528633,118.789350,0.014420,true,true
1911,1775,571,0.170610,0.012328,7.554809,105.455588,0.012801,true,true
1912,2180,288,0.206262,0.012409,3.925440,53.114524,0.006448,true,true
1910,1875,654,0.178976,0.012309,8.737727,122.229668,0.014837,true,true
1913,1713,764,0.161135,0.012094,9.598682,134.779976,0.016361,true,true
1914,2297,718,0.214814,0.012063,9.235355,128.824611,0.015638,true,true
1915,2155,477,0.204818,0.012192,6.331069,87.490517,0.010620,true,true
1916,1894,370,0.178709,0.012189,4.825307,66.359229,0.008055,true,true
1917,1612,462,0.156723,0.012042,5.708077,79.280280,0.009624,true,true
1918,2444,281,0.223059,0.011921,3.560820,47.667404,0.005786,true,true
1919,2560,413,0.233409,0.012134,5.462888,74.683492,0.009066,true,true
1920,2526,573,0.237857,0.012139,7.349455,101.562504,0.012329,true,true
1921,1829,356,0.175038,0.012005,4.436967,60.865680,0.007388,true,true
1922,2593,391,0.236353,0.012349,5.738923,78.583569,0.009539,true,true
1925,1626,345,0.381544,0.012651,5.522675,73.421783,0.008913,true,true
1924,2605,374,0.245168,0.012674,5.911710,80.925300,0.009823,true,true
1926,1630,361,0.153475,0.012743,5.579908,77.496248,0.009407,true,true
1923,1610,726,0.156559,0.012602,10.669892,150.143543,0.018226,true,true
1928,2175,470,0.394296,0.012797,7.128553,96.173610,0.011674,true,true
1927,2885,575,0.271038,0.012793,8.545415,118.168455,0.014344,true,true
1929,1930,549,0.184777,0.012757,7.730404,107.760988,0.013081,true,true
1932,1770,271,0.169190,0.012584,3.566872,48.523142,0.005890,true,true
1931,2094,408,0.192884,0.012490,5.439105,74.922598,0.009095,true,true
1930,2189,707,0.206733,0.012566,9.433005,131.762702,0.015995,true,true
1933,2682,360,0.244294,0.012327,5.319850,72.485290,0.008799,true,true
1934,2253,582,0.216286,0.012514,8.282242,115.191948,0.013983,true,true
1936,1886,328,0.182003,0.012659,4.672661,64.132208,0.007785,true,true
1935,2978,546,0.271060,0.012562,7.641679,105.261646,0.012778,true,true
1937,2229,710,0.204340,0.012333,9.247150,129.142625,0.015676,true,true
1938,1595,738,0.178149,0.012323,9.411382,131.862108,0.016007,true,true
1939,1639,364,0.155714,0.012180,5.005435,69.260088,0.008407,true,true
1940,1712,692,0.169331,0.012250,9.103788,127.595219,0.015489,true,true
1941,2979,712,0.271465,0.012300,9.487988,131.623469,0.015978,true,true
1942,2175,596,0.210548,0.012312,7.808232,108.504426,0.013171,true,true
1943,2996,336,0.275357,0.012109,4.331955,57.933296,0.007032,true,true
1944,2489,390,0.227074,0.012485,5.735017,78.660316,0.009548,true,true
1947,1994,403,0.191337,0.012514,5.221766,71.840824,0.008721,true,true
1945,2966,735,0.279032,0.012443,10.048731,139.523520,0.016937,true,true
1946,2171,732,0.209750,0.012444,9.744265,136.164790,0.016529,true,true
1948,2799,520,0.256893,0.012023,6.497024,89.116865,0.010818,true,true
1949,2338,443,0.213602,0.011991,5.777120,79.453993,0.009645,true,true
1950,2898,594,0.268183,0.012090,7.793093,107.465114,0.013045,true,true
1951,2201,720,0.210403,0.012284,9.619902,134.379416,0.016312,true,true
1952,1669,742,0.159520,0.012324,9.714778,136.461025,0.016565,true,true
1953,2516,728,0.236405,0.012324,9.554687,133.076707,0.016154,true,true
1955,1796,361,0.170417,0.012368,5.156122,71.202107,0.008643,true,true
1954,2114,612,0.194463,0.012385,8.459969,118.041765,0.014329,true,true
1956,2998,365,0.279142,0.012440,5.067935,68.389952,0.008302,true,true
1957,2866,328,0.263328,0.012396,4.316694,57.887131,0.007027,true,true
1959,2382,500,0.217918,0.012295,6.595244,91.076188,0.011056,true,true
1958,2627,728,0.239387,0.012227,9.588409,133.515731,0.016207,true,true
1960,2658,418,0.253925,0.012318,5.390406,73.355372,0.008905,true,true
1961,2322,323,0.212174,0.012096,4.375836,59.462298,0.007218,true,true
1962,2957,697,0.271481,0.012174,9.150987,126.810452,0.015393,true,true
1963,2427,606,0.228904,0.012295,8.419669,116.974365,0.014199,true,true
1964,2019,433,0.186383,0.012347,6.303283,87.356981,0.010604,true,true
1968,2367,327,0.217323,0.012616,5.024606,68.654015,0.008334,true,true
1971,1820,256,0.173917,0.013052,3.502196,47.531980,0.005770,true,true
1966,2756,730,0.251432,0.012771,10.631861,148.245507,0.017995,true,true
1965,1695,754,0.159017,0.012758,11.087347,156.070219,0.018945,true,true
1970,2856,318,0.270401,0.013012,4.562469,61.296096,0.007441,true,true
1967,1735,711,0.166820,0.012755,10.396566,146.093553,0.017734,true,true
1969,2939,644,0.268507,0.012722,9.333620,129.461148,0.015715,true,true
1972,2889,408,0.268375,0.012262,5.677836,77.253856,0.009378,true,true
1973,2132,655,0.207034,0.012367,8.984567,125.354149,0.015217,true,true
1974,2451,456,0.231998,0.012440,6.358238,87.490364,0.010620,true,true
1975,2184,562,0.203895,0.012392,7.422025,103.083920,0.012513,true,true
1976,2927,567,0.268415,0.012263,7.209167,99.122610,0.012032,true,true
1977,2426,608,0.221453,0.011919,7.456394,103.324002,0.012542,true,true
1978,2729,264,0.248487,0.011964,3.630223,48.295410,0.005863,true,true
1979,2581,669,0.247052,0.012054,9.440084,131.287984,0.015937,true,true
1980,2138,319,0.203117,0.012608,5.158115,70.763572,0.008590,true,true
1983,2113,287,0.290111,0.012806,4.494918,60.049900,0.007289,true,true
1981,2660,310,0.486784,0.012803,5.178810,67.007992,0.008134,true,true
1982,2682,623,0.483884,0.012744,9.367963,126.875749,0.015401,true,true
1984,2974,659,0.282690,0.012726,9.591342,132.939183,0.016137,true,true
1986,2427,472,0.222415,0.012709,6.649301,91.783959,0.011142,true,true
1985,2993,647,0.277708,0.012665,9.121762,126.304154,0.015332,true,true
1987,2508,398,0.239064,0.012486,5.408303,73.823196,0.008961,true,true
1988,2323,624,0.215981,0.012281,8.037088,111.695177,0.013559,true,true
1989,1851,551,0.172625,0.011943,6.741267,93.808407,0.011387,true,true
1991,1682,272,0.166093,0.012313,3.733934,50.953230,0.006185,true,true
1990,2908,384,0.264458,0.012276,5.351983,72.656206,0.008820,true,true
1992,2532,703,0.242129,0.012125,8.753746,121.556530,0.014756,true,true
1993,1814,342,0.166849,0.012061,4.497665,61.849458,0.007508,true,true
1994,2387,722,0.225075,0.012049,9.181164,127.904156,0.015526,true,true
1995,2960,691,0.270342,0.012293,9.377999,130.068729,0.015789,true,true
1996,2466,690,0.229366,0.012454,9.457651,131.791437,0.015998,true,true
1997,2457,649,0.229801,0.012522,8.767902,121.934756,0.014802,true,true
1998,1916,690,0.187941,0.012464,9.023253,126.179295,0.015317,true,true
1999,2719,766,0.252917,0.012247,9.621999,133.802195,0.016242,true,true
