id,input_len,output_len,ttft_sec,tpot_sec,e2e_sec,energy_j,carbon_g,ttft_ok,tpot_ok
1,199,90,0.028659,0.011764,1.161868,16.183631,0.001965,true,true
0,140,134,0.017491,0.011773,1.741362,24.619035,0.002988,true,true
2,407,86,0.045367,0.011809,1.186409,16.295498,0.001978,true,true
3,144,71,0.029248,0.011830,0.976714,13.531001,0.001643,true,true
4,247,70,0.030698,0.011830,0.939337,12.976503,0.001575,true,true
6,429,135,0.047539,0.011826,1.733411,24.076372,0.002923,true,true
5,494,171,0.057612,0.011832,2.213557,30.789594,0.003738,true,true
7,131,104,0.027236,0.011839,1.331110,18.620941,0.002260,true,true
9,300,90,0.033878,0.011835,1.152000,15.968180,0.001938,true,true
8,302,135,0.039196,0.011826,1.720486,24.010921,0.002915,true,true
10,177,155,0.029733,0.011820,1.943738,27.334378,0.003318,true,true
11,437,131,0.044633,0.011814,1.708814,23.766579,0.002885,true,true
13,321,84,0.042462,0.011851,1.146439,15.766174,0.001914,true,true
15,488,81,0.049393,0.011882,1.026705,13.957245,0.001694,true,true
12,501,181,0.050557,0.011852,2.337877,32.665788,0.003965,true,true
14,449,156,0.052793,0.011849,1.964699,27.304408,0.003314,true,true
16,244,138,0.052763,0.011841,1.674943,23.166761,0.002812,true,true
17,247,89,0.027038,0.011790,1.182655,16.503659,0.002003,true,true
19,309,117,0.038731,0.011831,1.517484,21.118437,0.002564,true,true
20,487,82,0.051379,0.011855,1.069565,14.540966,0.001765,true,true
18,360,157,0.047911,0.011826,2.031725,28.331345,0.003439,true,true
21,215,126,0.031983,0.011812,1.542265,21.568714,0.002618,true,true
22,322,133,0.035746,0.011805,1.594014,22.254020,0.002701,true,true
23,455,120,0.045596,0.011759,1.494640,20.694159,0.002512,true,true
24,156,122,0.027891,0.011778,1.549063,21.724236,0.002637,true,true
26,236,144,0.031284,0.011824,1.829859,25.685890,0.003118,true,true
25,289,166,0.031631,0.011823,2.116113,29.769002,0.003614,true,true
27,383,165,0.045162,0.011833,2.095232,29.277565,0.003554,true,true
29,199,127,0.030906,0.011851,1.601040,22.423467,0.002722,true,true
28,457,181,0.049591,0.011862,2.383370,33.329282,0.004046,true,true
30,403,131,0.041369,0.011861,1.718121,23.946117,0.002907,true,true
33,152,92,0.023169,0.011879,1.199558,16.800314,0.002039,true,true
31,347,166,0.040834,0.011873,2.136436,29.927811,0.003633,true,true
34,209,172,0.035008,0.011870,2.136488,30.011754,0.003643,true,true
32,198,190,0.028506,0.011867,2.385315,33.658182,0.004086,true,true
35,325,161,0.043408,0.011855,1.977973,27.628006,0.003354,true,true
36,367,128,0.043518,0.011849,1.548373,21.491209,0.002609,true,true
37,133,93,0.016867,0.011739,1.137693,16.006803,0.001943,true,true
38,402,132,0.047862,0.011797,1.693070,23.495620,0.002852,true,true
39,302,92,0.041627,0.011826,1.185715,16.339012,0.001983,true,true
41,497,131,0.075517,0.011814,1.611377,21.934004,0.002663,true,true
40,208,180,0.077117,0.011797,2.213365,30.508294,0.003703,true,true
42,219,91,0.026179,0.011742,1.112931,15.520173,0.001884,true,true
44,210,64,0.031668,0.011794,0.912260,12.575964,0.001527,true,true
45,378,68,0.048303,0.011859,0.941754,12.759598,0.001549,true,true
43,280,114,0.032032,0.011819,1.528917,21.377392,0.002595,true,true
48,376,81,0.048140,0.011850,0.996171,13.539072,0.001643,true,true
47,251,84,0.030699,0.011849,1.052743,14.596069,0.001772,true,true
46,313,142,0.033721,0.011811,1.764951,24.724132,0.003001,true,true
49,400,96,0.040689,0.011809,1.244753,17.195546,0.002087,true,true
50,371,106,0.045319,0.011809,1.329367,18.337803,0.002226,true,true
51,438,172,0.053164,0.011794,2.111066,29.389404,0.003568,true,true
52,404,115,0.042892,0.011810,1.533749,21.291300,0.002585,true,true
55,243,80,0.027322,0.011862,1.024367,14.239056,0.001728,true,true
57,131,82,0.018312,0.011873,1.044223,14.651296,0.001779,true,true
53,332,159,0.042422,0.011857,2.106628,29.479440,0.003578,true,true
56,429,122,0.053713,0.011874,1.571354,21.673814,0.002631,true,true
54,392,179,0.041509,0.011861,2.329709,32.678347,0.003967,true,true
58,158,122,0.026747,0.011855,1.633706,22.949380,0.002786,true,true
60,249,135,0.035845,0.011860,1.787636,25.017767,0.003037,true,true
61,237,97,0.032045,0.011851,1.306158,18.195932,0.002209,true,true
59,144,148,0.021563,0.011861,1.954953,27.611234,0.003352,true,true
63,370,168,0.040296,0.011880,2.148703,30.110687,0.003655,true,true
62,420,185,0.046700,0.011881,2.457406,34.427897,0.004179,true,true
64,177,174,0.026787,0.011883,2.273062,32.079613,0.003894,true,true
66,155,89,0.027017,0.011914,1.212002,16.923074,0.002054,true,true
65,338,183,0.045402,0.011883,2.383322,33.388423,0.004053,true,true
67,500,150,0.057301,0.011893,1.936079,26.831299,0.003257,true,true
68,183,127,0.023235,0.011872,1.687098,23.762044,0.002884,true,true
70,221,135,0.026136,0.011870,1.719114,24.177843,0.002935,true,true
73,404,67,0.057941,0.011880,0.842031,11.197792,0.001359,true,true
69,402,178,0.041147,0.011866,2.268439,31.808512,0.003861,true,true
72,409,89,0.042895,0.011863,1.127907,15.495329,0.001881,true,true
71,166,177,0.020819,0.011844,2.187828,30.947593,0.003757,true,true
74,249,106,0.027216,0.011758,1.319302,18.452593,0.002240,true,true
75,374,118,0.039368,0.011769,1.469597,20.425471,0.002479,true,true
76,158,106,0.023226,0.011764,1.292589,18.128101,0.002201,true,true
77,327,131,0.042782,0.011763,1.658861,23.079641,0.002802,true,true
78,360,137,0.044459,0.011805,1.729684,24.067119,0.002921,true,true
80,279,119,0.036139,0.011810,1.429664,19.901279,0.002416,true,true
79,502,188,0.054910,0.011801,2.334458,32.554787,0.003952,true,true
81,424,79,0.046088,0.011780,0.983935,13.393615,0.001626,true,true
82,157,76,0.024195,0.011773,0.986105,13.737272,0.001668,true,true
84,388,84,0.058109,0.011790,1.056225,14.254341,0.001730,true,true
83,385,104,0.047791,0.011785,1.320805,18.180228,0.002207,true,true
85,163,81,0.020593,0.011765,1.031324,14.434502,0.001752,true,true
88,148,84,0.026246,0.011819,1.050216,14.623560,0.001775,true,true
87,419,127,0.051534,0.011811,1.600913,22.127068,0.002686,true,true
86,248,167,0.037804,0.011804,2.100856,29.462967,0.003576,true,true
89,426,144,0.045074,0.011809,1.793970,24.976419,0.003032,true,true
91,330,97,0.045216,0.011844,1.361187,18.793705,0.002281,true,true
90,232,144,0.029318,0.011857,1.938341,27.263232,0.003309,true,true
96,306,81,0.035257,0.011921,0.988940,13.619777,0.001653,true,true
93,512,82,0.050716,0.011920,1.114507,15.192261,0.001844,true,true
94,446,89,0.112055,0.011913,1.225955,15.907883,0.001931,true,true
95,237,131,0.073955,0.011889,1.772493,24.257239,0.002945,true,true
92,281,181,0.036853,0.011875,2.444026,34.377438,0.004173,true,true
99,462,66,0.049927,0.011861,0.862571,11.605564,0.001409,true,true
97,317,136,0.036065,0.011846,1.764392,24.682665,0.002996,true,true
98,406,141,0.050475,0.011843,1.796439,24.934553,0.003027,true,true
100,411,140,0.050387,0.011796,1.776428,24.650017,0.002992,true,true
101,181,98,0.026874,0.011794,1.261792,17.636171,0.002141,true,true
102,182,103,0.024080,0.011807,1.393173,19.552362,0.002373,true,true
103,437,117,0.050541,0.011821,1.542581,21.308197,0.002587,true,true
105,256,77,0.028231,0.011856,1.024980,14.234812,0.001728,true,true
107,298,97,0.048262,0.011853,1.256100,17.249443,0.002094,true,true
104,232,131,0.033515,0.011844,1.738311,24.346625,0.002955,true,true
106,344,134,0.039173,0.011844,1.737516,24.254451,0.002944,true,true
108,262,105,0.032604,0.011832,1.326191,18.474041,0.002243,true,true
110,185,83,0.026033,0.011776,0.991676,13.790582,0.001674,true,true
109,410,173,0.049546,0.011782,2.145415,29.931628,0.003633,true,true
111,481,102,0.059008,0.011806,1.390879,19.020786,0.002309,true,true
112,317,101,0.039712,0.011822,1.328085,18.399575,0.002234,true,true
115,255,90,0.032657,0.011834,1.127851,15.640735,0.001899,true,true
113,149,142,0.024478,0.011822,1.779251,25.060339,0.003042,true,true
114,148,155,0.028269,0.011815,1.917524,26.980934,0.003275,true,true
116,414,168,0.045834,0.011804,2.067714,28.874971,0.003505,true,true
117,511,103,0.057186,0.011760,1.256755,17.131344,0.002080,true,true
118,249,105,0.027216,0.011729,1.247036,17.420551,0.002115,true,true
120,505,149,0.062008,0.012160,2.111937,29.275553,0.003554,true,true
122,487,91,0.052315,0.012576,1.350777,18.543658,0.002251,true,true
119,218,169,0.024450,0.012213,2.376521,33.590501,0.004078,true,true
121,338,127,0.040935,0.012384,1.857238,25.939080,0.003149,true,true
125,244,121,0.037197,0.012429,1.653920,23.088818,0.002803,true,true
124,363,153,0.037543,0.012321,2.062331,28.916498,0.003510,true,true
127,163,135,0.026544,0.012369,1.764471,24.819774,0.003013,true,true
123,147,184,0.019058,0.012245,2.449159,34.704881,0.004213,true,true
126,226,166,0.050361,0.012281,2.176683,30.366534,0.003686,true,true
128,388,166,0.045537,0.012156,2.178504,30.461433,0.003698,true,true
129,402,148,0.049338,0.011876,1.881491,26.165426,0.003176,true,true
131,263,73,0.039014,0.011810,0.956270,13.099557,0.001590,true,true
130,187,130,0.026126,0.011823,1.813753,25.529551,0.003099,true,true
132,350,152,0.041529,0.011849,2.048059,28.655746,0.003478,true,true
134,389,93,0.044808,0.011923,1.335374,18.430889,0.002237,true,true
135,423,112,0.045455,0.011944,1.552150,21.517490,0.002612,true,true
133,288,175,0.034112,0.011904,2.368799,33.342253,0.004047,true,true
137,403,114,0.089241,0.011948,1.535604,20.655869,0.002507,true,true
139,467,95,0.050226,0.011919,1.232017,16.877446,0.002049,true,true
138,163,148,0.025660,0.011919,1.885748,26.564389,0.003225,true,true
136,490,175,0.090041,0.011912,2.290389,31.423717,0.003814,true,true
140,281,143,0.041865,0.011845,1.867913,26.078245,0.003166,true,true
142,411,96,0.045589,0.011858,1.295661,17.852589,0.002167,true,true
141,295,167,0.034422,0.011848,2.203047,30.970684,0.003759,true,true
143,468,161,0.056690,0.011877,2.120418,29.472605,0.003578,true,true
144,217,141,0.025145,0.011894,1.909316,26.908330,0.003266,true,true
145,128,141,0.018101,0.011905,1.887452,26.696667,0.003241,true,true
147,354,118,0.036598,0.011915,1.587370,22.146967,0.002688,true,true
146,348,146,0.039330,0.011911,1.978131,27.688512,0.003361,true,true
148,504,107,0.061431,0.011919,1.450042,19.831094,0.002407,true,true
150,512,124,0.055039,0.011878,1.561211,21.510023,0.002611,true,true
149,273,149,0.029538,0.011865,1.881426,26.447272,0.003210,true,true
151,243,114,0.036395,0.011828,1.391424,19.351503,0.002349,true,true
152,151,126,0.022943,0.011812,1.499411,21.085816,0.002560,true,true
153,440,82,0.044258,0.011780,1.077484,14.755758,0.001791,true,true
154,450,113,0.055663,0.011796,1.433783,19.681274,0.002389,true,true
156,203,65,0.025906,0.011790,0.780463,10.776006,0.001308,true,true
155,324,190,0.045469,0.011807,2.434892,34.123951,0.004142,true,true
159,255,95,0.058850,0.011854,1.210719,16.450128,0.001997,true,true
157,182,172,0.026351,0.011842,2.201345,31.061623,0.003771,true,true
160,365,145,0.040020,0.011848,1.782771,24.888668,0.003021,true,true
158,484,182,0.056898,0.011842,2.302132,32.064747,0.003892,true,true
161,354,173,0.047274,0.011787,2.166285,30.262120,0.003673,true,true
162,408,178,0.049736,0.011808,2.240763,31.290606,0.003798,true,true
164,512,127,0.057935,0.011846,1.668866,23.006114,0.002793,true,true
163,508,185,0.058189,0.011852,2.434898,33.942374,0.004120,true,true
168,291,84,0.037514,0.011905,1.171530,16.195159,0.001966,true,true
167,274,124,0.034284,0.011921,1.713040,23.974734,0.002910,true,true
165,269,188,0.035466,0.011909,2.533174,35.670388,0.004330,true,true
172,340,79,0.044792,0.011961,1.013365,13.832440,0.001679,true,true
166,268,176,0.033266,0.011928,2.362619,33.266080,0.004038,true,true
169,246,162,0.037658,0.011931,2.113068,29.639444,0.003598,true,true
170,489,118,0.052841,0.011947,1.556582,21.475304,0.002607,true,true
171,336,148,0.054620,0.011919,1.920680,26.649680,0.003235,true,true
173,343,163,0.036378,0.011874,2.002998,28.085791,0.003409,true,true
174,427,69,0.048372,0.011795,0.850398,11.453934,0.001390,true,true
175,422,161,0.042652,0.011807,2.062733,28.849287,0.003502,true,true
176,308,140,0.032900,0.011818,1.774168,24.867495,0.003019,true,true
177,342,120,0.039429,0.011843,1.546585,21.524083,0.002613,true,true
178,267,175,0.040430,0.011835,2.191021,30.713126,0.003728,true,true
179,327,150,0.038375,0.011833,1.858621,25.995392,0.003156,true,true
180,335,106,0.042438,0.011823,1.306021,18.045550,0.002191,true,true
181,193,70,0.033020,0.011774,0.845444,11.602431,0.001408,true,true
182,431,70,0.043455,0.011776,0.891966,12.117803,0.001471,true,true
183,347,98,0.047359,0.011771,1.245189,17.106499,0.002077,true,true
184,221,76,0.029088,0.011788,1.011870,14.035355,0.001704,true,true
185,295,118,0.039215,0.011801,1.525141,21.220879,0.002576,true,true
187,343,128,0.040414,0.011814,1.578610,21.967350,0.002667,true,true
188,368,68,0.039748,0.011816,0.869677,11.852412,0.001439,true,true
186,300,161,0.038288,0.011809,2.039378,28.578072,0.003469,true,true
190,163,74,0.027842,0.011751,0.913331,12.645883,0.001535,true,true
189,154,153,0.029117,0.011758,1.946327,27.380160,0.003324,true,true
191,254,115,0.035108,0.011774,1.460162,20.351545,0.002470,true,true
193,370,93,0.043848,0.011814,1.190280,16.372477,0.001987,true,true
192,446,103,0.047719,0.011813,1.350203,18.601094,0.002258,true,true
195,316,106,0.043838,0.011810,1.375765,19.021578,0.002309,true,true
196,510,93,0.053250,0.011821,1.182183,16.122578,0.001957,true,true
194,239,183,0.033172,0.011811,2.307794,32.484449,0.003943,true,true
197,211,143,0.033765,0.011789,1.758939,24.637630,0.002991,true,true
198,141,143,0.017841,0.011788,1.725278,24.384325,0.002960,true,true
199,320,165,0.036645,0.011775,2.068387,29.015805,0.003522,true,true
200,229,83,0.032100,0.011789,1.074048,14.880333,0.001806,true,true
202,282,94,0.040644,0.011826,1.328109,18.386614,0.002232,true,true
201,449,126,0.052370,0.011851,1.751607,24.267225,0.002946,true,true
203,417,74,0.042566,0.011911,1.093713,15.011695,0.001822,true,true
205,459,151,0.083405,0.011932,2.029449,27.791944,0.003374,true,true
208,350,109,0.037126,0.011932,1.412841,19.646935,0.002385,true,true
204,347,158,0.042549,0.011933,2.148785,30.079683,0.003651,true,true
207,313,181,0.054232,0.011932,2.402735,33.539561,0.004071,true,true
206,343,189,0.077005,0.011932,2.590854,35.900908,0.004358,true,true
209,461,133,0.052091,0.011934,1.782637,24.714354,0.003000,true,true
212,253,86,0.033473,0.011910,1.164134,16.147252,0.001960,true,true
211,502,132,0.057429,0.011919,1.790755,24.754067,0.003005,true,true
213,358,126,0.038297,0.011914,1.634972,22.802526,0.002768,true,true
210,403,187,0.044767,0.011920,2.515625,35.286937,0.004283,true,true
215,381,147,0.041802,0.011879,1.834206,25.597764,0.003107,true,true
214,419,161,0.053019,0.011881,2.051031,28.534119,0.003464,true,true
216,236,154,0.027190,0.011870,1.923643,27.083718,0.003288,true,true
217,302,135,0.034228,0.011829,1.757051,24.604060,0.002987,true,true
218,487,134,0.051023,0.011856,1.783347,24.739749,0.003003,true,true
219,392,112,0.050673,0.011877,1.484467,20.476370,0.002486,true,true
220,496,168,0.055227,0.011878,2.216639,30.867660,0.003747,true,true
221,251,185,0.031939,0.011896,2.499263,35.236471,0.004277,true,true
222,379,178,0.049809,0.011926,2.427324,33.953886,0.004122,true,true
224,482,126,0.049098,0.011962,1.742384,24.182241,0.002935,true,true
223,175,139,0.031496,0.011955,1.927291,27.074335,0.003287,true,true
225,425,158,0.051966,0.011962,2.115794,29.474044,0.003578,true,true
229,246,94,0.033968,0.011968,1.177734,16.334415,0.001983,true,true
226,399,152,0.046387,0.011959,1.997414,27.863101,0.003382,true,true
228,360,133,0.046215,0.011956,1.780142,24.762651,0.003006,true,true
227,509,148,0.058136,0.011958,2.052144,28.476921,0.003457,true,true
230,289,94,0.037605,0.011909,1.286495,17.835706,0.002165,true,true
231,481,111,0.050430,0.011857,1.448098,19.960442,0.002423,true,true
233,429,136,0.054319,0.011836,1.652191,22.819611,0.002770,true,true
232,506,187,0.053578,0.011828,2.387501,33.331335,0.004046,true,true
236,401,96,0.061382,0.011826,1.297964,17.659930,0.002144,true,true
234,227,139,0.026175,0.011834,1.837705,25.870912,0.003140,true,true
235,219,141,0.027704,0.011839,1.839039,25.868124,0.003140,true,true
237,155,138,0.026276,0.011840,1.742626,24.511622,0.002975,true,true
239,134,136,0.027301,0.011842,1.681192,23.619626,0.002867,true,true
241,154,128,0.019421,0.011834,1.560533,22.009005,0.002672,true,true
240,353,151,0.043108,0.011834,1.875116,26.163364,0.003176,true,true
238,192,189,0.028940,0.011833,2.363867,33.345686,0.004048,true,true
242,372,93,0.038290,0.011799,1.273499,17.640333,0.002141,true,true
244,450,77,0.052694,0.011870,1.060138,14.387560,0.001746,true,true
246,255,94,0.031209,0.011868,1.204096,16.750295,0.002033,true,true
245,416,141,0.047957,0.011864,1.805775,25.103831,0.003047,true,true
247,341,121,0.037957,0.011860,1.494847,20.806222,0.002526,true,true
243,333,189,0.045944,0.011846,2.457205,34.435823,0.004180,true,true
248,322,179,0.036511,0.011823,2.265852,31.837789,0.003865,true,true
250,445,79,0.044788,0.011836,1.018110,13.900249,0.001687,true,true
251,506,89,0.061571,0.011821,1.101800,14.855774,0.001803,true,true
249,280,173,0.041047,0.011800,2.191407,30.709831,0.003728,true,true
254,410,83,0.046635,0.011842,1.120106,15.330513,0.001861,true,true
253,169,104,0.024708,0.011835,1.387686,19.465036,0.002363,true,true
252,234,118,0.029202,0.011826,1.576905,22.103127,0.002683,true,true
258,360,82,0.041735,0.011868,1.072740,14.724036,0.001787,true,true
255,337,179,0.043632,0.011857,2.328427,32.629720,0.003961,true,true
257,275,136,0.053377,0.011872,1.762883,24.413891,0.002964,true,true
256,368,138,0.040440,0.011871,1.803117,25.173230,0.003056,true,true
259,263,114,0.033561,0.011847,1.508389,21.062385,0.002557,true,true
260,406,121,0.047534,0.011846,1.601657,22.194812,0.002694,true,true
261,264,100,0.040178,0.011845,1.316846,18.232427,0.002213,true,true
262,212,142,0.027093,0.011844,1.842403,25.924904,0.003147,true,true
263,419,137,0.042956,0.011853,1.794009,25.007228,0.003036,true,true
264,367,141,0.040688,0.011850,1.801036,25.139967,0.003052,true,true
266,352,84,0.040215,0.011845,1.124283,15.481848,0.001879,true,true
269,473,69,0.052042,0.011832,0.856635,11.490593,0.001395,true,true
268,141,87,0.028408,0.011829,1.092889,15.202116,0.001845,true,true
265,267,192,0.036855,0.011837,2.434956,34.247887,0.004157,true,true
267,349,146,0.047515,0.011819,1.826028,25.399392,0.003083,true,true
270,472,132,0.047113,0.011814,1.772618,24.642368,0.002991,true,true
274,379,87,0.041114,0.011942,1.237942,17.092189,0.002075,true,true
272,354,135,0.041930,0.011911,1.889715,26.388681,0.003203,true,true
271,217,184,0.029881,0.011896,2.529885,35.703180,0.004334,true,true
278,333,73,0.037214,0.011990,0.966085,13.265440,0.001610,true,true
273,427,175,0.043971,0.011928,2.362823,33.116108,0.004020,true,true
276,181,105,0.026365,0.011969,1.460617,20.482907,0.002486,true,true
280,334,64,0.036633,0.011939,0.854930,11.686305,0.001419,true,true
275,337,149,0.044282,0.011947,2.048048,28.616291,0.003474,true,true
279,289,128,0.040397,0.011924,1.694876,23.628031,0.002868,true,true
277,483,190,0.052945,0.011925,2.512391,35.123975,0.004264,true,true
282,224,156,0.028577,0.011862,1.961653,27.606729,0.003351,true,true
281,405,182,0.043994,0.011866,2.311146,32.377776,0.003930,true,true
283,383,177,0.043321,0.011844,2.183073,30.558345,0.003709,true,true
284,232,132,0.031533,0.011836,1.695295,23.760598,0.002884,true,true
285,275,176,0.029890,0.011836,2.236085,31.507222,0.003825,true,true
286,376,95,0.046021,0.011839,1.255271,17.269605,0.002096,true,true
288,287,67,0.032445,0.011840,0.834502,11.454387,0.001390,true,true
287,450,125,0.076471,0.011828,1.594321,21.676800,0.002631,true,true
289,175,121,0.030490,0.011761,1.441763,20.154746,0.002447,true,true
290,186,182,0.021595,0.011749,2.272066,32.139540,0.003901,true,true
291,459,103,0.051967,0.011814,1.334851,18.321197,0.002224,true,true
292,494,138,0.050526,0.011823,1.803795,25.038872,0.003039,true,true
293,267,170,0.031146,0.011827,2.134642,30.040554,0.003647,true,true
294,369,126,0.043334,0.011836,1.618603,22.496817,0.002731,true,true
296,434,98,0.054066,0.011838,1.270917,17.378152,0.002110,true,true
295,202,162,0.033115,0.011823,2.048918,28.788173,0.003495,true,true
298,387,132,0.041932,0.011799,1.616808,22.491187,0.002730,true,true
297,269,170,0.032423,0.011802,2.138511,30.077566,0.003651,true,true
299,272,140,0.037831,0.011792,1.719699,24.019178,0.002916,true,true
300,424,189,0.045282,0.011811,2.375194,33.274055,0.004039,true,true
303,292,112,0.039508,0.011843,1.354106,18.774106,0.002279,true,true
302,410,160,0.052151,0.011833,1.964678,27.313282,0.003316,true,true
301,356,187,0.045514,0.011824,2.317429,32.445788,0.003939,true,true
305,338,75,0.046754,0.011823,1.024395,13.961928,0.001695,true,true
307,467,102,0.049369,0.011862,1.308810,17.986390,0.002183,true,true
308,146,96,0.021593,0.011864,1.191993,16.714773,0.002029,true,true
304,250,162,0.027306,0.011837,2.114225,29.803824,0.003618,true,true
306,370,161,0.046164,0.011846,2.086017,29.131658,0.003536,true,true
309,430,148,0.047970,0.011835,1.861430,25.898482,0.003144,true,true
310,353,89,0.037668,0.011807,1.177450,16.277512,0.001976,true,true
311,361,67,0.043813,0.011811,0.886843,12.039517,0.001461,true,true
312,337,103,0.040191,0.011792,1.305971,18.076918,0.002194,true,true
314,331,84,0.035814,0.011793,1.061875,14.653437,0.001779,true,true
313,263,150,0.029757,0.011790,1.868131,26.254288,0.003187,true,true
315,473,161,0.048283,0.011769,1.976306,27.534585,0.003342,true,true
317,146,81,0.023187,0.011805,1.015226,14.167555,0.001720,true,true
316,448,188,0.045895,0.011790,2.316259,32.423636,0.003936,true,true
318,478,137,0.054717,0.011793,1.658610,22.905592,0.002780,true,true
319,510,87,0.050503,0.011789,1.133335,15.464195,0.001877,true,true
320,178,89,0.021816,0.011794,1.107789,15.509057,0.001883,true,true
321,483,140,0.059216,0.011783,1.715473,23.653410,0.002871,true,true
322,151,147,0.028788,0.011776,1.863140,26.196842,0.003180,true,true
324,202,126,0.027324,0.011823,1.594743,22.384697,0.002717,true,true
323,278,155,0.039324,0.011816,1.971633,27.595785,0.003350,true,true
325,417,110,0.043909,0.011838,1.381642,19.104498,0.002319,true,true
326,168,161,0.029791,0.011814,1.970433,27.714795,0.003364,true,true
327,251,191,0.035172,0.011804,2.345663,32.996701,0.004005,true,true
328,201,123,0.031434,0.011789,1.514483,21.179784,0.002571,true,true
329,258,181,0.032993,0.011815,2.321903,32.688487,0.003968,true,true
330,132,183,0.020222,0.011821,2.317013,32.801048,0.003982,true,true
331,474,104,0.053701,0.011857,1.373075,18.842314,0.002287,true,true
332,304,140,0.047424,0.011845,1.759789,24.454712,0.002969,true,true
333,345,128,0.047008,0.011835,1.580172,21.895505,0.002658,true,true
334,282,114,0.033315,0.011820,1.369005,19.075333,0.002316,true,true
335,375,91,0.038458,0.011843,1.283821,17.785336,0.002159,true,true
339,417,76,0.049185,0.011898,0.941547,12.744035,0.001547,true,true
336,420,155,0.051194,0.011866,2.066036,28.774460,0.003493,true,true
337,486,139,0.048900,0.011885,1.828180,25.410354,0.003085,true,true
338,465,165,0.084288,0.011873,2.124071,29.130652,0.003536,true,true
340,509,191,0.057195,0.011828,2.411054,33.616048,0.004081,true,true
341,274,122,0.032403,0.011824,1.540293,21.534556,0.002614,true,true
342,308,120,0.033781,0.011838,1.536576,21.461794,0.002605,true,true
343,445,128,0.045079,0.011854,1.681441,23.369285,0.002837,true,true
344,497,99,0.050237,0.011858,1.373522,18.898170,0.002294,true,true
345,449,74,0.049938,0.011874,1.032908,14.038042,0.001704,true,true
346,353,72,0.043727,0.011872,0.966293,13.175401,0.001599,true,true
347,502,97,0.052230,0.011843,1.313262,18.009110,0.002186,true,true
348,279,147,0.034923,0.011849,1.897457,26.599308,0.003229,true,true
349,217,115,0.034136,0.011857,1.525871,21.303842,0.002586,true,true
351,267,106,0.033555,0.011864,1.369265,19.075604,0.002316,true,true
350,404,157,0.051603,0.011857,2.020170,28.113594,0.003413,true,true
352,374,139,0.042088,0.011851,1.755915,24.475593,0.002971,true,true
353,301,93,0.039930,0.011840,1.175680,16.219927,0.001969,true,true
354,166,100,0.028641,0.011805,1.224030,17.071643,0.002072,true,true
355,243,165,0.028561,0.011750,2.053865,28.923874,0.003511,true,true
357,330,67,0.038479,0.011837,1.006909,13.830396,0.001679,true,true
356,413,157,0.051335,0.011885,2.127061,29.643955,0.003598,true,true
359,511,131,0.058319,0.011902,1.720096,23.732265,0.002881,true,true
358,191,180,0.024996,0.011890,2.344907,33.131229,0.004022,true,true
362,415,147,0.066392,0.011908,1.869045,25.744130,0.003125,true,true
360,454,159,0.055432,0.011904,2.069448,28.762673,0.003491,true,true
363,241,80,0.027024,0.011858,1.001411,13.915466,0.001689,true,true
361,247,184,0.037065,0.011890,2.358788,33.157107,0.004025,true,true
365,187,99,0.030138,0.011775,1.202197,16.738466,0.002032,true,true
364,365,141,0.047138,0.011792,1.737771,24.144350,0.002931,true,true
366,147,141,0.025054,0.011761,1.671661,23.515614,0.002855,true,true
367,187,88,0.021685,0.011793,1.171537,16.421337,0.001993,true,true
368,403,98,0.046077,0.011808,1.274331,17.541010,0.002129,true,true
370,500,103,0.053010,0.011818,1.304775,17.876767,0.002170,true,true
369,317,171,0.044965,0.011807,2.148107,30.035496,0.003646,true,true
371,463,89,0.055842,0.011787,1.137662,15.449743,0.001875,true,true
372,443,168,0.051969,0.011763,2.071830,28.846148,0.003502,true,true
373,271,72,0.033924,0.011776,0.923495,12.704186,0.001542,true,true
378,269,112,0.054900,0.011867,1.372187,18.812502,0.002284,true,true
374,239,177,0.027887,0.011842,2.261815,31.903297,0.003873,true,true
375,248,156,0.031611,0.011853,1.991417,27.988473,0.003397,true,true
376,479,158,0.050485,0.011853,1.986274,27.645487,0.003356,true,true
377,458,155,0.057100,0.011851,1.948208,27.007397,0.003278,true,true
379,360,87,0.039413,0.011783,1.130027,15.575328,0.001891,true,true
380,456,69,0.047103,0.011800,0.881081,11.910245,0.001446,true,true
381,298,126,0.052791,0.011772,1.524294,21.014894,0.002551,true,true
382,417,116,0.042206,0.011812,1.535960,21.332673,0.002590,true,true
383,411,117,0.048376,0.011812,1.512302,20.906692,0.002538,true,true
385,433,64,0.054047,0.011830,0.846728,11.320486,0.001374,true,true
384,247,148,0.034566,0.011815,1.930651,27.078467,0.003287,true,true
386,202,97,0.033417,0.011820,1.296356,18.036336,0.002189,true,true
387,217,92,0.035890,0.011820,1.215391,16.844751,0.002045,true,true
390,263,77,0.055252,0.011837,1.028584,13.900401,0.001687,true,true
391,343,93,0.046754,0.011835,1.173694,16.094111,0.001954,true,true
388,141,97,0.019970,0.011835,1.280483,18.001701,0.002185,true,true
389,249,146,0.063152,0.011823,1.917470,26.481974,0.003215,true,true
393,390,91,0.047232,0.011820,1.184043,16.235082,0.001971,true,true
394,241,75,0.032825,0.011823,0.954188,13.158218,0.001597,true,true
392,371,178,0.039199,0.011817,2.261436,31.736329,0.003852,true,true
396,143,79,0.027944,0.011777,0.946577,13.119223,0.001593,true,true
395,465,141,0.055715,0.011783,1.723057,23.811720,0.002890,true,true
397,333,173,0.034711,0.011843,2.331353,32.798916,0.003981,true,true
400,161,96,0.026466,0.011928,1.341076,18.774273,0.002279,true,true
399,169,146,0.027702,0.011895,1.953226,27.498889,0.003338,true,true
398,379,177,0.045824,0.011906,2.408238,33.738226,0.004095,true,true
404,487,93,0.058143,0.011976,1.206059,16.393680,0.001990,true,true
401,452,147,0.052785,0.011946,2.005867,27.892460,0.003386,true,true
402,433,139,0.046347,0.011953,1.898332,26.448658,0.003211,true,true
403,437,174,0.049935,0.011940,2.385098,33.349046,0.004048,true,true
405,461,119,0.056542,0.011915,1.687900,23.297819,0.002828,true,true
411,171,87,0.022614,0.011932,1.099137,15.374097,0.001866,true,true
406,244,169,0.029420,0.011917,2.271925,32.025779,0.003888,true,true
408,176,144,0.027485,0.011927,1.915611,26.964799,0.003273,true,true
407,360,166,0.038306,0.011920,2.208358,30.991046,0.003762,true,true
409,468,129,0.057279,0.011933,1.720544,23.753497,0.002883,true,true
413,412,79,0.047080,0.011885,1.051268,14.341052,0.001741,true,true
412,509,159,0.052794,0.011903,2.052431,28.557328,0.003467,true,true
410,206,185,0.025202,0.011905,2.405379,33.991901,0.004126,true,true
414,415,148,0.052443,0.011824,1.876364,26.047874,0.003162,true,true
415,338,154,0.043455,0.011802,1.899838,26.511464,0.003218,true,true
417,497,77,0.055042,0.011805,0.952187,12.812346,0.001555,true,true
416,512,172,0.051102,0.011799,2.118037,29.518408,0.003583,true,true
419,423,118,0.046041,0.011840,1.531187,21.209737,0.002575,true,true
420,374,121,0.047450,0.011843,1.530100,21.174098,0.002570,true,true
418,435,143,0.043812,0.011831,1.866348,26.028091,0.003160,true,true
422,270,121,0.030394,0.011838,1.568176,21.961442,0.002666,true,true
423,415,70,0.042848,0.011836,0.934754,12.737526,0.001546,true,true
421,307,158,0.038570,0.011837,2.043379,28.631185,0.003476,true,true
424,464,132,0.056528,0.011835,1.849613,25.607496,0.003108,true,true
425,267,143,0.070751,0.011843,1.966324,27.071161,0.003286,true,true
426,307,65,0.035699,0.011910,0.979449,13.477929,0.001636,true,true
428,507,71,0.055416,0.011915,0.997780,13.458138,0.001634,true,true
429,399,119,0.047916,0.011897,1.561839,21.620718,0.002625,true,true
427,201,166,0.029444,0.011884,2.191234,30.873071,0.003748,true,true
432,418,85,0.050726,0.011865,1.047368,14.233293,0.001728,true,true
430,360,151,0.039806,0.011880,1.894759,26.491040,0.003216,true,true
431,287,147,0.032544,0.011878,1.809059,25.370858,0.003080,true,true
433,207,104,0.023469,0.011751,1.335602,18.738893,0.002275,true,true
434,153,84,0.020066,0.011813,1.144937,16.064560,0.001950,true,true
437,390,93,0.046202,0.011866,1.233163,16.951290,0.002058,true,true
435,466,172,0.048780,0.011874,2.324789,32.504262,0.003946,true,true
438,184,136,0.021638,0.011902,1.776211,25.057504,0.003042,true,true
436,354,170,0.047697,0.011893,2.294657,32.089397,0.003895,true,true
440,285,75,0.032541,0.011939,1.017914,14.072356,0.001708,true,true
441,434,78,0.046952,0.011931,1.040500,14.189107,0.001722,true,true
442,282,118,0.073312,0.011894,1.509664,20.512897,0.002490,true,true
439,431,188,0.055164,0.011883,2.499218,34.904147,0.004237,true,true
443,258,138,0.029337,0.011852,1.877238,26.390331,0.003203,true,true
445,217,97,0.025066,0.011882,1.348881,18.905729,0.002295,true,true
448,507,74,0.068029,0.011921,0.975637,12.961775,0.001573,true,true
444,131,191,0.025618,0.011868,2.488054,35.166676,0.004269,true,true
446,488,122,0.059097,0.011893,1.632750,22.473740,0.002728,true,true
449,363,83,0.045263,0.011899,1.063658,14.543962,0.001765,true,true
447,470,154,0.055193,0.011876,2.086138,29.004433,0.003521,true,true
452,335,69,0.043988,0.011834,0.848692,11.492170,0.001395,true,true
450,422,173,0.049390,0.011817,2.165668,30.223095,0.003669,true,true
451,491,170,0.049714,0.011814,2.105345,29.356978,0.003564,true,true
454,313,86,0.038525,0.011806,1.152558,15.909778,0.001931,true,true
453,215,181,0.028741,0.011785,2.315073,32.651678,0.003964,true,true
456,333,84,0.039406,0.011843,1.098614,15.126817,0.001836,true,true
455,182,126,0.031512,0.011826,1.620733,22.696052,0.002755,true,true
458,214,83,0.024283,0.011837,1.016472,14.169693,0.001720,true,true
457,286,150,0.030712,0.011811,1.868501,26.245927,0.003186,true,true
459,186,113,0.032691,0.011796,1.386101,19.328389,0.002346,true,true
460,306,153,0.039036,0.011824,2.082552,29.183971,0.003543,true,true
461,458,101,0.046237,0.011861,1.432752,19.801173,0.002404,true,true
463,436,103,0.045392,0.011879,1.390493,19.209719,0.002332,true,true
462,202,129,0.028696,0.011872,1.725668,24.234885,0.002942,true,true
464,463,83,0.052651,0.011897,1.157608,15.780175,0.001916,true,true
465,449,190,0.047814,0.011878,2.471891,34.618852,0.004202,true,true
466,416,178,0.052860,0.011871,2.290925,31.962368,0.003880,true,true
467,417,146,0.046143,0.011867,1.894164,26.392049,0.003204,true,true
471,308,82,0.038837,0.011897,1.131154,15.599651,0.001894,true,true
468,449,144,0.051763,0.011901,1.964397,27.314794,0.003316,true,true
472,359,73,0.043995,0.011907,0.992974,13.552616,0.001645,true,true
473,274,83,0.044142,0.011901,1.082251,14.825500,0.001800,true,true
470,283,134,0.037268,0.011894,1.780336,24.893189,0.003022,true,true
469,162,184,0.024995,0.011891,2.524257,35.692580,0.004333,true,true
475,411,74,0.052120,0.011878,1.075248,14.611546,0.001774,true,true
479,303,85,0.041267,0.011969,1.180871,16.274971,0.001976,true,true
476,420,112,0.045401,0.011947,1.595077,22.131309,0.002686,true,true
474,174,162,0.022980,0.011934,2.252093,31.834519,0.003864,true,true
480,216,74,0.035566,0.011991,1.052685,14.525725,0.001763,true,true
482,440,104,0.055193,0.011970,1.415863,19.432079,0.002359,true,true
478,159,179,0.028174,0.011944,2.468354,34.848823,0.004230,true,true
484,301,77,0.038154,0.011919,1.060054,14.594012,0.001772,true,true
477,371,192,0.043311,0.011942,2.657566,37.334820,0.004532,true,true
481,352,176,0.036666,0.011952,2.392681,33.646836,0.004084,true,true
483,272,163,0.037791,0.011947,2.164082,30.366090,0.003686,true,true
487,498,102,0.056360,0.011902,1.301474,17.781796,0.002159,true,true
488,426,100,0.051757,0.011889,1.228801,16.809666,0.002041,true,true
485,459,149,0.055692,0.011894,2.042008,28.367071,0.003443,true,true
486,176,162,0.042295,0.011890,2.161803,30.269220,0.003674,true,true
490,490,85,0.055139,0.011833,1.129716,15.346305,0.001863,true,true
491,320,148,0.033912,0.011841,1.887710,26.474546,0.003214,true,true
489,286,164,0.039989,0.011841,2.165625,30.356744,0.003685,true,true
492,471,87,0.058147,0.011850,1.143444,15.499409,0.001881,true,true
494,286,110,0.057034,0.011815,1.344845,18.391555,0.002233,true,true
493,344,156,0.035716,0.011806,1.971760,27.649129,0.003356,true,true
497,179,73,0.022584,0.011804,0.917107,12.774905,0.001551,true,true
496,198,103,0.030018,0.011816,1.372223,19.168356,0.002327,true,true
498,444,97,0.055731,0.011844,1.282482,17.519529,0.002127,true,true
495,302,188,0.043300,0.011834,2.483529,34.849518,0.004230,true,true
499,206,105,0.026231,0.011861,1.375381,19.267546,0.002339,true,true
500,482,106,0.057227,0.011860,1.370162,18.750357,0.002276,true,true
502,496,124,0.054130,0.011801,1.505714,20.730439,0.002516,true,true
501,150,169,0.029988,0.011796,2.105288,29.637869,0.003598,true,true
503,440,136,0.049871,0.011780,1.707580,23.674157,0.002874,true,true
504,357,123,0.046789,0.011793,1.516073,20.983209,0.002547,true,true
505,286,184,0.037234,0.011792,2.292105,32.202369,0.003909,true,true
506,227,158,0.034887,0.011808,1.996025,28.007502,0.003400,true,true
509,342,105,0.036037,0.011844,1.311788,18.219320,0.002212,true,true
507,420,176,0.051284,0.011835,2.231265,31.132851,0.003779,true,true
508,272,161,0.030719,0.011837,2.004179,28.183473,0.003421,true,true
510,437,99,0.047774,0.011815,1.224384,16.803452,0.002040,true,true
512,411,90,0.042047,0.011794,1.195219,16.468744,0.001999,true,true
511,154,187,0.027849,0.011766,2.361546,33.328115,0.004046,true,true
513,392,95,0.048900,0.011818,1.223345,16.772554,0.002036,true,true
515,390,101,0.048354,0.011803,1.249192,17.149471,0.002082,true,true
514,210,133,0.034735,0.011805,1.653280,23.114845,0.002806,true,true
516,174,120,0.030057,0.011767,1.531127,21.437151,0.002602,true,true
517,306,70,0.036851,0.011792,0.936620,12.849822,0.001560,true,true
519,325,84,0.038754,0.011798,1.035624,14.236547,0.001728,true,true
520,142,145,0.022305,0.011788,1.768819,24.942408,0.003028,true,true
518,330,192,0.038537,0.011792,2.391387,33.601642,0.004079,true,true
522,198,73,0.025576,0.011805,0.951301,13.220512,0.001605,true,true
521,493,149,0.055261,0.011803,1.900576,26.353402,0.003199,true,true
523,369,99,0.047461,0.011808,1.262460,17.351701,0.002106,true,true
525,168,68,0.026464,0.011833,0.974548,13.539819,0.001644,true,true
530,383,68,0.057749,0.011920,0.899060,12.014970,0.001458,true,true
527,275,124,0.037245,0.011893,1.702500,23.781920,0.002887,true,true
524,368,178,0.047386,0.011866,2.422850,33.924597,0.004118,true,true
528,152,125,0.030169,0.011905,1.690176,23.706982,0.002878,true,true
526,204,172,0.031271,0.011894,2.321959,32.713890,0.003971,true,true
531,422,125,0.052874,0.011918,1.645663,22.747025,0.002761,true,true
529,446,181,0.050977,0.011911,2.391704,33.428508,0.004058,true,true
534,223,85,0.031464,0.011882,1.062419,14.723316,0.001787,true,true
533,308,125,0.060330,0.011883,1.591522,21.867334,0.002654,true,true
535,312,81,0.038834,0.011846,0.986547,13.534540,0.001643,true,true
532,277,173,0.061030,0.011847,2.156469,29.925479,0.003633,true,true
536,406,69,0.041224,0.011774,0.913149,12.452179,0.001512,true,true
537,368,75,0.042834,0.011781,0.948120,12.928617,0.001569,true,true
538,319,128,0.042620,0.011789,1.622348,22.560493,0.002739,true,true
539,310,81,0.034695,0.011809,1.111708,15.381090,0.001867,true,true
540,503,90,0.061468,0.011822,1.196051,16.203262,0.001967,true,true
541,504,149,0.058596,0.011809,1.863121,25.770873,0.003128,true,true
542,308,150,0.043150,0.011808,1.826842,25.473359,0.003092,true,true
543,217,182,0.030631,0.011770,2.199360,30.972165,0.003760,true,true
544,373,110,0.045854,0.011761,1.372725,18.949380,0.002300,true,true
546,231,75,0.036456,0.011770,0.925754,12.700282,0.001542,true,true
545,160,181,0.029646,0.011754,2.229180,31.412097,0.003813,true,true
547,149,144,0.025072,0.011749,1.745045,24.563371,0.002982,true,true
548,391,165,0.049488,0.011748,1.976242,27.516453,0.003340,true,true
550,459,112,0.046764,0.011824,1.411010,19.483136,0.002365,true,true
551,152,148,0.026448,0.011837,1.850053,26.043356,0.003161,true,true
549,406,185,0.041224,0.011830,2.366043,33.201319,0.004030,true,true
552,316,175,0.041651,0.011836,2.151420,30.130141,0.003657,true,true
553,508,176,0.055558,0.011812,2.156725,30.007282,0.003643,true,true
554,325,150,0.041336,0.011769,1.794921,25.043387,0.003040,true,true
556,393,132,0.049832,0.011861,1.855390,25.785617,0.003130,true,true
555,382,191,0.039083,0.011922,2.681942,37.743333,0.004582,true,true
558,436,110,0.060133,0.012039,1.616397,22.225397,0.002698,true,true
559,292,90,0.041214,0.012089,1.330150,18.407618,0.002234,true,true
560,466,139,0.058001,0.012055,1.906982,26.405760,0.003205,true,true
557,500,172,0.057332,0.012022,2.419977,33.741533,0.004096,true,true
562,355,153,0.043926,0.012040,2.013680,28.130557,0.003415,true,true
561,436,173,0.050369,0.012026,2.295269,32.059979,0.003892,true,true
563,500,154,0.049901,0.012021,2.029876,28.276518,0.003432,true,true
565,157,83,0.025299,0.011943,1.090073,15.206306,0.001846,true,true
564,350,134,0.042572,0.011993,1.742113,24.271564,0.002946,true,true
567,511,104,0.055262,0.011803,1.270934,17.361325,0.002107,true,true
566,335,157,0.042692,0.011815,1.978827,27.650420,0.003356,true,true
569,162,124,0.027593,0.011779,1.599193,22.444423,0.002725,true,true
571,418,72,0.048002,0.011840,0.935990,12.681583,0.001539,true,true
568,201,176,0.025839,0.011797,2.232468,31.513431,0.003825,true,true
570,315,156,0.035074,0.011817,1.956330,27.437935,0.003331,true,true
572,475,179,0.056463,0.011803,2.190845,30.481651,0.003700,true,true
574,421,99,0.050588,0.011819,1.338011,18.386002,0.002232,true,true
573,318,177,0.044431,0.011817,2.368558,33.191447,0.004029,true,true
576,255,93,0.037614,0.011890,1.309826,18.168785,0.002205,true,true
575,331,144,0.038009,0.011871,2.010398,28.168170,0.003419,true,true
578,415,94,0.047096,0.011914,1.335293,18.397075,0.002233,true,true
580,441,137,0.049298,0.011918,1.777692,24.683636,0.002996,true,true
577,223,191,0.049410,0.011907,2.533832,35.480657,0.004307,true,true
581,379,115,0.043619,0.011915,1.470679,20.380197,0.002474,true,true
579,261,178,0.030564,0.011906,2.289883,32.265908,0.003917,true,true
582,165,179,0.021748,0.011868,2.183326,30.870040,0.003747,true,true
583,493,177,0.059620,0.011863,2.147453,29.816871,0.003619,true,true
585,491,80,0.050562,0.011815,1.013595,13.753323,0.001670,true,true
584,477,145,0.047559,0.011791,1.823956,25.369176,0.003080,true,true
586,276,140,0.034777,0.011797,1.723429,24.116067,0.002927,true,true
587,492,108,0.051617,0.011811,1.462013,20.142219,0.002445,true,true
590,380,70,0.050582,0.011875,0.954086,12.903162,0.001566,true,true
589,230,99,0.028661,0.011867,1.335068,18.657126,0.002265,true,true
588,388,121,0.044259,0.011871,1.686813,23.457732,0.002848,true,true
592,410,97,0.046875,0.011888,1.323533,18.232272,0.002213,true,true
593,172,80,0.021620,0.011902,1.166012,16.343348,0.001984,true,true
591,421,158,0.047086,0.011899,2.181361,30.480108,0.003700,true,true
595,337,82,0.046866,0.011926,1.132761,15.507933,0.001882,true,true
596,290,82,0.034526,0.011925,1.089526,15.066728,0.001829,true,true
598,410,110,0.041894,0.011906,1.380898,19.122661,0.002321,true,true
594,495,186,0.052033,0.011902,2.529227,35.377424,0.004294,true,true
597,476,152,0.057085,0.011905,2.056700,28.556996,0.003467,true,true
600,156,95,0.027900,0.011887,1.264355,17.658121,0.002143,true,true
601,283,106,0.037786,0.011878,1.401730,19.478834,0.002365,true,true
599,194,174,0.026085,0.011876,2.246565,31.711230,0.003849,true,true
602,491,121,0.057608,0.011873,1.550219,21.316356,0.002588,true,true
603,393,136,0.040340,0.011857,1.740641,24.282424,0.002948,true,true
604,256,114,0.035058,0.011843,1.514097,21.122531,0.002564,true,true
606,283,87,0.033270,0.011845,1.120936,15.533239,0.001886,true,true
607,214,103,0.027528,0.011850,1.323196,18.503758,0.002246,true,true
605,410,134,0.046291,0.011844,1.762878,24.515004,0.002976,true,true
609,416,74,0.044004,0.011818,0.970105,13.225878,0.001605,true,true
608,447,150,0.049447,0.011833,1.918034,26.685762,0.003239,true,true
610,142,84,0.028607,0.011789,1.113000,15.486475,0.001880,true,true
611,456,131,0.050993,0.011796,1.644710,22.760271,0.002763,true,true
612,420,170,0.049478,0.011801,2.102840,29.324572,0.003560,true,true
613,143,191,0.022765,0.011821,2.474879,35.019248,0.004251,true,true
614,407,138,0.049913,0.011876,1.890923,26.291913,0.003192,true,true
617,165,79,0.025893,0.011923,1.072350,14.944722,0.001814,true,true
619,302,100,0.039680,0.012133,1.450326,20.145784,0.002445,true,true
616,478,167,0.052517,0.012219,2.377341,33.201390,0.004030,true,true
615,282,187,0.039101,0.012185,2.649759,37.283466,0.004526,true,true
620,495,145,0.056477,0.012290,1.986522,27.563447,0.003346,true,true
622,317,91,0.033964,0.012500,1.253922,17.422518,0.002115,true,true
618,340,187,0.046392,0.012202,2.557444,35.860950,0.004353,true,true
623,366,95,0.047001,0.012458,1.310844,18.049259,0.002191,true,true
624,254,100,0.039172,0.012409,1.332794,18.474540,0.002243,true,true
621,304,166,0.034959,0.012198,2.211289,31.080720,0.003773,true,true
625,276,162,0.030943,0.012166,2.025194,28.480404,0.003457,true,true
626,342,127,0.046765,0.011788,1.532004,21.211072,0.002575,true,true
627,209,147,0.023647,0.011742,1.810952,25.524950,0.003098,true,true
628,497,144,0.052692,0.011780,1.760897,24.395299,0.002961,true,true
629,209,191,0.029943,0.011768,2.265943,31.932868,0.003876,true,true
631,382,69,0.041813,0.011810,0.879227,11.959309,0.001452,true,true
630,367,191,0.037745,0.011773,2.348098,32.994739,0.004005,true,true
632,329,181,0.040748,0.011789,2.264515,31.758162,0.003855,true,true
636,132,91,0.026606,0.011844,1.154176,16.103112,0.001955,true,true
633,238,154,0.027970,0.011837,2.035226,28.666138,0.003480,true,true
634,272,190,0.032338,0.011854,2.506209,35.329972,0.004289,true,true
638,315,75,0.043467,0.011919,1.034367,14.151298,0.001718,true,true
635,462,184,0.048079,0.011875,2.408485,33.709537,0.004092,true,true
637,263,157,0.033095,0.011887,2.029489,28.511000,0.003461,true,true
640,275,82,0.039025,0.011896,1.039522,14.288339,0.001734,true,true
639,419,113,0.044034,0.011887,1.507578,20.901251,0.002537,true,true
641,358,135,0.046421,0.011855,1.732466,24.078827,0.002923,true,true
642,447,94,0.050438,0.011826,1.228296,16.821280,0.002042,true,true
643,177,164,0.025991,0.011836,2.174639,30.685374,0.003725,true,true
644,301,157,0.036975,0.011844,2.072242,29.066161,0.003528,true,true
646,151,73,0.024121,0.011870,1.022442,14.257272,0.001731,true,true
648,204,99,0.029218,0.011905,1.324311,18.495541,0.002245,true,true
645,229,166,0.033443,0.011875,2.224558,31.291865,0.003798,true,true
647,298,185,0.041032,0.011894,2.411252,33.849705,0.004109,true,true
650,443,140,0.056289,0.011910,1.781320,24.635599,0.002990,true,true
649,441,145,0.052821,0.011909,1.881853,26.120865,0.003171,true,true
651,387,189,0.050499,0.011870,2.380763,33.279086,0.004040,true,true
652,281,185,0.035614,0.011847,2.333581,32.817837,0.003984,true,true
653,316,148,0.043137,0.011826,1.894900,26.445487,0.003210,true,true
655,499,70,0.059885,0.011827,0.904430,12.061166,0.001464,true,true
654,341,142,0.038020,0.011826,1.783457,24.927018,0.003026,true,true
656,263,122,0.036369,0.011889,1.774974,24.829447,0.003014,true,true
660,486,92,0.087924,0.011984,1.294563,17.232301,0.002092,true,true
659,476,126,0.055662,0.011982,1.767780,24.451177,0.002968,true,true
662,339,116,0.045041,0.011991,1.518331,21.040426,0.002554,true,true
661,353,144,0.042422,0.011981,1.885197,26.317137,0.003195,true,true
658,450,161,0.052651,0.011971,2.229876,31.093500,0.003774,true,true
657,426,186,0.053911,0.011955,2.612710,36.542845,0.004436,true,true
664,504,79,0.055315,0.011897,1.023321,13.824330,0.001678,true,true
663,441,184,0.052698,0.011934,2.373296,33.141029,0.004023,true,true
665,393,117,0.044058,0.011845,1.583443,21.984338,0.002669,true,true
667,288,108,0.035939,0.011863,1.448432,20.172172,0.002449,true,true
666,467,186,0.046787,0.011868,2.416142,33.837353,0.004107,true,true
668,400,151,0.040727,0.011882,1.925455,26.916267,0.003267,true,true
669,474,131,0.048600,0.011882,1.648454,22.847913,0.002773,true,true
670,226,127,0.030277,0.011856,1.554136,21.762609,0.002642,true,true
671,280,121,0.039558,0.011847,1.491143,20.730443,0.002516,true,true
672,280,137,0.036543,0.011798,1.763828,24.667796,0.002994,true,true
674,306,134,0.043963,0.011848,1.696712,23.603329,0.002865,true,true
675,421,161,0.046724,0.011849,1.977019,27.567023,0.003346,true,true
673,481,189,0.049227,0.011841,2.384620,33.352328,0.004049,true,true
676,330,152,0.040363,0.011807,1.931859,27.012938,0.003279,true,true
678,493,84,0.055643,0.011816,1.099122,14.902195,0.001809,true,true
677,202,138,0.028156,0.011807,1.757388,24.695589,0.002998,true,true
679,354,129,0.044954,0.011805,1.610930,22.364102,0.002715,true,true
680,237,115,0.032989,0.011810,1.499560,20.944469,0.002542,true,true
682,443,125,0.049031,0.011867,1.657984,22.977863,0.002789,true,true
681,266,133,0.031329,0.011864,1.779427,24.965026,0.003030,true,true
683,470,121,0.051550,0.011872,1.566727,21.638618,0.002627,true,true
686,198,65,0.024815,0.011899,0.786328,10.875360,0.001320,true,true
684,154,89,0.024005,0.011880,1.141258,15.955766,0.001937,true,true
685,495,184,0.055149,0.011813,2.263122,31.532623,0.003828,true,true
687,208,168,0.034082,0.011797,2.117908,29.759633,0.003612,true,true
690,158,86,0.028569,0.011827,1.060804,14.741613,0.001789,true,true
691,246,73,0.035228,0.011829,0.886950,12.163649,0.001477,true,true
688,371,186,0.049824,0.011805,2.309289,32.267990,0.003917,true,true
689,275,146,0.035933,0.011816,1.795334,25.126438,0.003050,true,true
693,218,73,0.034582,0.011754,0.880884,12.086258,0.001467,true,true
692,217,170,0.024361,0.011739,2.032666,28.681099,0.003482,true,true
695,511,138,0.052443,0.011798,1.752513,24.279136,0.002947,true,true
694,331,190,0.034533,0.011803,2.399522,33.775011,0.004100,true,true
696,132,140,0.024019,0.011816,1.755888,24.733253,0.003002,true,true
697,182,149,0.027110,0.011824,1.904001,26.804346,0.003254,true,true
698,456,190,0.047425,0.011830,2.381624,33.335283,0.004047,true,true
701,362,129,0.044691,0.011845,1.665736,23.150543,0.002810,true,true
700,185,148,0.025087,0.011845,1.908576,26.898577,0.003265,true,true
699,196,183,0.033020,0.011842,2.352057,33.118752,0.004020,true,true
702,135,150,0.020024,0.011844,1.982302,28.023789,0.003402,true,true
703,418,113,0.049357,0.011869,1.588760,21.984602,0.002669,true,true
708,255,65,0.030112,0.011915,0.819828,11.278124,0.001369,true,true
706,470,88,0.051176,0.011912,1.196580,16.357802,0.001986,true,true
704,455,167,0.045902,0.011882,2.214143,30.965199,0.003759,true,true
705,391,147,0.049542,0.011897,2.074548,28.919619,0.003511,true,true
711,421,66,0.043825,0.011916,0.907896,12.340014,0.001498,true,true
707,199,186,0.031225,0.011902,2.451394,34.563033,0.004196,true,true
709,248,178,0.037301,0.011897,2.306564,32.407925,0.003934,true,true
710,296,141,0.035149,0.011883,1.830788,25.643975,0.003113,true,true
712,312,124,0.043839,0.011878,1.610039,22.367294,0.002715,true,true
713,188,183,0.033613,0.011864,2.348399,33.058040,0.004013,true,true
714,335,192,0.040252,0.011860,2.426121,34.073193,0.004136,true,true
715,488,143,0.052865,0.011836,1.805671,25.032269,0.003039,true,true
717,241,120,0.031608,0.011821,1.438300,20.089310,0.002439,true,true
716,455,139,0.056148,0.011825,1.714433,23.682387,0.002875,true,true
718,372,103,0.038191,0.011797,1.373769,19.073734,0.002315,true,true
719,438,159,0.048796,0.011834,2.054268,28.640640,0.003477,true,true
721,468,119,0.057734,0.011886,1.654997,22.810912,0.002769,true,true
720,409,184,0.045326,0.011868,2.458640,34.465146,0.004184,true,true
722,476,84,0.050796,0.011933,1.294132,17.756387,0.002155,true,true
724,416,92,0.052893,0.011951,1.310728,17.963456,0.002181,true,true
725,408,115,0.062396,0.011945,1.553002,21.287711,0.002584,true,true
726,204,106,0.031221,0.011935,1.427210,19.936470,0.002420,true,true
723,398,156,0.051377,0.011939,2.188622,30.522531,0.003705,true,true
730,360,97,0.041607,0.011927,1.270899,17.555821,0.002131,true,true
731,361,78,0.040536,0.011930,1.006275,13.791949,0.001674,true,true
727,394,177,0.051575,0.011931,2.338340,32.657858,0.003964,true,true
729,389,178,0.043506,0.011929,2.310829,32.380212,0.003931,true,true
728,233,189,0.027494,0.011924,2.464796,34.807713,0.004225,true,true
732,472,142,0.047861,0.011851,1.803699,25.075567,0.003044,true,true
733,330,129,0.036723,0.011805,1.635948,22.838932,0.002772,true,true
734,509,119,0.053261,0.011804,1.483908,20.431424,0.002480,true,true
736,160,79,0.027079,0.011789,0.946645,13.132561,0.001594,true,true
735,151,172,0.030083,0.011776,2.117601,29.812370,0.003619,true,true
738,337,110,0.043905,0.011796,1.409191,19.498001,0.002367,true,true
737,163,184,0.024937,0.011813,2.381423,33.653568,0.004085,true,true
739,456,171,0.051541,0.011854,2.253971,31.453465,0.003818,true,true
740,323,178,0.039591,0.011869,2.343547,32.903370,0.003994,true,true
742,466,98,0.052300,0.011914,1.330790,18.258439,0.002216,true,true
743,306,94,0.041825,0.011907,1.239731,17.107598,0.002077,true,true
741,321,160,0.035672,0.011892,2.113301,29.671144,0.003602,true,true
745,500,121,0.051578,0.011871,1.542750,21.295802,0.002585,true,true
744,403,164,0.044007,0.011879,2.123425,29.696688,0.003605,true,true
746,139,140,0.024226,0.011872,1.908215,26.905715,0.003266,true,true
750,499,92,0.052275,0.012154,1.308429,17.939451,0.002178,true,true
748,245,127,0.037902,0.012083,1.824583,25.516030,0.003097,true,true
747,496,172,0.058599,0.012036,2.407807,33.549628,0.004073,true,true
753,179,72,0.028398,0.012271,1.006207,13.964331,0.001695,true,true
749,207,134,0.024430,0.012099,1.874311,26.418612,0.003207,true,true
754,472,76,0.054709,0.012234,1.031710,13.952795,0.001694,true,true
752,136,125,0.027327,0.012107,1.675043,23.531443,0.002856,true,true
751,466,171,0.082452,0.012048,2.294234,31.587008,0.003834,true,true
756,404,119,0.051493,0.011884,1.502385,20.720547,0.002515,true,true
755,150,166,0.028619,0.011996,2.097584,29.547417,0.003587,true,true
757,156,99,0.025912,0.011806,1.262357,17.657982,0.002143,true,true
758,276,123,0.036383,0.011800,1.595854,22.271189,0.002703,true,true
762,268,79,0.040716,0.011884,1.079014,14.828185,0.001800,true,true
759,502,145,0.054152,0.011854,1.971435,27.381199,0.003324,true,true
761,201,120,0.029995,0.011879,1.583883,22.191458,0.002694,true,true
760,472,146,0.047622,0.011875,1.932697,26.921218,0.003268,true,true
763,430,108,0.044490,0.011885,1.415118,19.574275,0.002376,true,true
765,304,161,0.048676,0.011878,2.077832,28.978886,0.003518,true,true
764,346,190,0.040552,0.011882,2.469889,34.693966,0.004211,true,true
766,291,170,0.034124,0.011879,2.162341,30.393598,0.003689,true,true
769,243,140,0.032430,0.011889,1.707943,23.928427,0.002905,true,true
767,281,160,0.038331,0.011883,2.018355,28.277207,0.003433,true,true
768,403,185,0.048684,0.011867,2.281915,31.893327,0.003871,true,true
770,201,182,0.032599,0.011808,2.211939,31.123698,0.003778,true,true
771,415,169,0.051042,0.011767,2.097769,29.229822,0.003548,true,true
772,413,98,0.045243,0.011789,1.236789,17.016759,0.002066,true,true
773,258,116,0.039721,0.011788,1.469609,20.420598,0.002479,true,true
776,321,74,0.043879,0.011787,0.904357,12.288705,0.001492,true,true
774,168,179,0.024476,0.011782,2.200976,31.083143,0.003773,true,true
775,175,112,0.024963,0.011780,1.391158,19.510968,0.002368,true,true
777,224,119,0.036245,0.011758,1.455317,20.266122,0.002460,true,true
778,298,141,0.035646,0.011752,1.697959,23.739909,0.002882,true,true
779,135,118,0.018646,0.011724,1.390298,19.588895,0.002378,true,true
780,507,94,0.056933,0.011768,1.189626,16.176271,0.001964,true,true
781,373,126,0.042895,0.011798,1.593476,22.144233,0.002688,true,true
782,488,116,0.050412,0.011811,1.502505,20.737705,0.002517,true,true
783,250,146,0.037300,0.011829,1.908141,26.717938,0.003243,true,true
785,311,142,0.038560,0.011884,1.937741,27.122673,0.003292,true,true
784,322,183,0.044590,0.011880,2.488288,34.899067,0.004236,true,true
789,339,75,0.037718,0.011968,1.059253,14.588807,0.001771,true,true
786,390,191,0.045096,0.011976,2.657044,37.301880,0.004528,true,true
788,291,116,0.031771,0.012057,1.674501,23.460237,0.002848,true,true
787,497,184,0.052926,0.012002,2.635522,36.882695,0.004477,true,true
790,241,101,0.032832,0.012301,1.597638,22.347379,0.002713,true,true
793,419,126,0.044148,0.012538,1.856543,25.883275,0.003142,true,true
792,228,148,0.036594,0.012461,2.155815,30.265117,0.003674,true,true
798,405,79,0.051128,0.012722,1.063270,14.454655,0.001755,true,true
791,411,170,0.066303,0.012400,2.509985,34.898841,0.004236,true,true
799,166,76,0.030968,0.012488,1.002802,13.878996,0.001685,true,true
794,463,150,0.056516,0.012449,2.145445,29.832515,0.003621,true,true
796,503,154,0.057929,0.012345,2.092189,29.051769,0.003527,true,true
795,378,189,0.042594,0.012326,2.582131,36.267768,0.004403,true,true
800,339,99,0.040642,0.011896,1.233367,17.033610,0.002068,true,true
797,496,189,0.050577,0.012246,2.476029,34.638492,0.004205,true,true
801,246,81,0.036982,0.011769,1.028763,14.163866,0.001719,true,true
803,319,79,0.038804,0.011777,1.004222,13.787373,0.001674,true,true
802,132,119,0.017008,0.011770,1.503280,21.225815,0.002577,true,true
805,136,65,0.025602,0.011814,0.890630,12.353675,0.001500,true,true
806,338,67,0.090152,0.011868,0.951152,12.296145,0.001493,true,true
808,274,68,0.035480,0.011883,0.879926,12.059744,0.001464,true,true
804,469,187,0.051264,0.011838,2.427435,33.934683,0.004119,true,true
807,497,134,0.081752,0.011864,1.761871,23.994189,0.002913,true,true
810,219,91,0.031625,0.011787,1.092418,15.149453,0.001839,true,true
809,485,174,0.055375,0.011819,2.164942,30.127254,0.003657,true,true
811,396,102,0.046546,0.011797,1.346229,18.561099,0.002253,true,true
812,445,128,0.047618,0.011818,1.713888,23.796414,0.002889,true,true
816,169,72,0.021633,0.011883,0.917959,12.800658,0.001554,true,true
818,156,66,0.026891,0.011890,0.819903,11.325196,0.001375,true,true
815,484,121,0.049418,0.011884,1.568429,21.693382,0.002633,true,true
813,264,165,0.033072,0.011872,2.156109,30.319625,0.003680,true,true
814,335,181,0.038680,0.011867,2.315758,32.519514,0.003948,true,true
817,322,160,0.041892,0.011858,2.012216,28.138690,0.003416,true,true
821,176,74,0.026612,0.011845,0.959102,13.317122,0.001617,true,true
819,170,191,0.022642,0.011828,2.404363,34.013953,0.004129,true,true
820,458,148,0.046393,0.011826,1.915449,26.692458,0.003240,true,true
823,166,135,0.030339,0.011846,1.690541,23.709765,0.002878,true,true
824,416,72,0.049876,0.011840,0.921281,12.444760,0.001511,true,true
825,289,68,0.041014,0.011840,0.834279,11.328818,0.001375,true,true
822,482,185,0.050246,0.011840,2.321437,32.435441,0.003937,true,true
826,428,100,0.043187,0.011766,1.256891,17.333213,0.002104,true,true
827,492,165,0.052177,0.011781,2.056647,28.626327,0.003475,true,true
828,281,105,0.031691,0.011806,1.392968,19.440724,0.002360,true,true
831,506,99,0.052021,0.011864,1.321725,18.132967,0.002201,true,true
829,418,163,0.047896,0.011844,2.164728,30.231019,0.003670,true,true
830,404,148,0.043203,0.011864,1.988790,27.785408,0.003373,true,true
832,480,84,0.052371,0.011891,1.142892,15.574004,0.001891,true,true
833,305,77,0.034572,0.011871,1.008149,13.903891,0.001688,true,true
834,246,83,0.033976,0.011861,1.050995,14.524302,0.001763,true,true
835,442,165,0.049018,0.011795,2.014714,28.072588,0.003408,true,true
836,295,71,0.031629,0.011777,1.026715,14.211068,0.001725,true,true
838,411,160,0.042606,0.011905,2.145231,30.028106,0.003645,true,true
840,444,139,0.055121,0.011920,1.817731,25.172272,0.003056,true,true
841,493,82,0.051558,0.011964,1.089380,14.821394,0.001799,true,true
837,358,189,0.047949,0.011898,2.536215,35.535552,0.004314,true,true
839,476,161,0.055306,0.011916,2.124115,29.545177,0.003586,true,true
843,452,103,0.052910,0.011891,1.366892,18.765304,0.002278,true,true
842,206,161,0.032137,0.011907,2.145812,30.185917,0.003664,true,true
846,266,90,0.033764,0.011879,1.221687,16.965027,0.002059,true,true
845,130,142,0.027398,0.011873,1.860894,26.184622,0.003179,true,true
844,290,156,0.031681,0.011872,2.047967,28.795082,0.003495,true,true
847,223,174,0.034959,0.011882,2.233530,31.398351,0.003811,true,true
849,173,154,0.029564,0.011884,1.928600,27.120608,0.003292,true,true
848,412,168,0.051857,0.011880,2.137095,29.779809,0.003615,true,true
850,433,147,0.048874,0.011879,1.873187,26.053472,0.003163,true,true
851,134,138,0.020914,0.011869,1.844872,26.048406,0.003162,true,true
852,171,126,0.023326,0.011935,1.723157,24.275711,0.002947,true,true
855,202,80,0.029946,0.011990,1.109332,15.414978,0.001871,true,true
854,265,141,0.033297,0.011942,1.860402,26.093356,0.003167,true,true
860,283,65,0.036842,0.012022,0.806279,10.988526,0.001334,true,true
853,214,161,0.026581,0.011930,2.119271,29.886237,0.003628,true,true
857,167,156,0.022147,0.011936,1.955504,27.610761,0.003352,true,true
856,269,171,0.038302,0.011927,2.169039,30.429582,0.003694,true,true
858,254,190,0.035266,0.011907,2.372838,33.383450,0.004052,true,true
859,228,181,0.026227,0.011890,2.228347,31.449026,0.003818,true,true
861,298,161,0.037287,0.011818,2.074039,29.087357,0.003531,true,true
863,461,98,0.049872,0.011860,1.268677,17.406053,0.002113,true,true
864,436,115,0.045073,0.011854,1.420878,19.648207,0.002385,true,true
862,296,176,0.042823,0.011828,2.227134,31.194693,0.003787,true,true
865,218,165,0.027979,0.011813,1.994977,28.091183,0.003410,true,true
866,277,189,0.038961,0.011754,2.352718,33.043344,0.004011,true,true
869,416,115,0.043166,0.011855,1.477442,20.483265,0.002486,true,true
867,252,147,0.027592,0.011844,1.916101,26.970272,0.003274,true,true
870,407,110,0.049879,0.011861,1.384186,19.055571,0.002313,true,true
871,409,70,0.051951,0.011866,0.870739,11.693319,0.001419,true,true
868,329,157,0.037851,0.011847,2.010889,28.177447,0.003420,true,true
873,277,81,0.036948,0.011774,1.044216,14.385037,0.001746,true,true
872,364,117,0.037477,0.011773,1.521578,21.194825,0.002573,true,true
875,283,125,0.031878,0.011804,1.538706,21.519377,0.002612,true,true
876,206,172,0.027913,0.011801,2.065566,29.100224,0.003532,true,true
874,337,191,0.041102,0.011801,2.356734,33.070107,0.004014,true,true
877,165,178,0.024190,0.011778,2.108871,29.771852,0.003614,true,true
882,441,75,0.044789,0.011914,0.972286,13.245818,0.001608,true,true
880,312,85,0.038739,0.011907,1.156931,15.969179,0.001938,true,true
878,373,166,0.038280,0.011852,2.192722,30.768131,0.003735,true,true
879,482,171,0.056294,0.011869,2.224904,30.970460,0.003759,true,true
881,255,154,0.032229,0.011879,1.939892,27.243807,0.003307,true,true
883,458,166,0.056817,0.011854,2.115652,29.402732,0.003569,true,true
886,510,120,0.053592,0.012019,1.695990,23.455496,0.002847,true,true
885,178,130,0.022359,0.012004,1.833466,25.864878,0.003140,true,true
884,297,174,0.033904,0.011989,2.391422,33.668300,0.004087,true,true
890,340,85,0.041880,0.012166,1.185752,16.335925,0.001983,true,true
891,501,100,0.053757,0.012134,1.347981,18.483142,0.002244,true,true
887,328,182,0.041320,0.012007,2.453313,34.446268,0.004181,true,true
889,140,187,0.026028,0.012034,2.529820,35.757278,0.004341,true,true
888,429,192,0.054566,0.012031,2.635431,36.857977,0.004474,true,true
892,303,180,0.039470,0.012034,2.365860,33.223760,0.004033,true,true
897,303,91,0.041443,0.011933,1.216804,16.785627,0.002038,true,true
896,150,93,0.020809,0.011933,1.252082,17.584118,0.002135,true,true
893,394,187,0.047407,0.011950,2.611015,36.611526,0.004444,true,true
894,177,176,0.021470,0.011950,2.432916,34.438463,0.004180,true,true
895,359,145,0.037225,0.012016,2.107765,29.569902,0.003589,true,true
898,212,126,0.026150,0.012227,1.868933,26.317252,0.003195,true,true
899,410,104,0.049835,0.012306,1.590211,21.998491,0.002670,true,true
901,335,111,0.038509,0.012547,1.733982,24.213468,0.002939,true,true
906,488,80,0.054398,0.013049,1.244091,16.990309,0.002062,true,true
903,505,114,0.055680,0.012859,1.773216,24.528561,0.002977,true,true
905,237,116,0.066695,0.012852,1.796273,24.700532,0.002998,true,true
900,346,182,0.039926,0.012555,2.752523,38.739272,0.004703,true,true
902,464,174,0.053403,0.012585,2.589483,36.218401,0.004397,true,true
907,402,111,0.048878,0.012616,1.631129,22.596512,0.002743,true,true
904,347,163,0.068995,0.012602,2.394369,33.209242,0.004031,true,true
910,455,144,0.049508,0.012137,1.906306,26.517398,0.003219,true,true
908,228,181,0.026890,0.012336,2.461112,34.763732,0.004220,true,true
909,471,189,0.052549,0.012298,2.531400,35.401095,0.004297,true,true
911,440,164,0.045838,0.011940,2.068894,28.891766,0.003507,true,true
912,306,154,0.035357,0.011885,1.946955,27.300008,0.003314,true,true
913,444,108,0.052062,0.011835,1.367081,18.780128,0.002280,true,true
914,489,140,0.054502,0.011781,1.735369,24.004880,0.002914,true,true
915,430,85,0.044212,0.011792,1.110001,15.220805,0.001848,true,true
916,288,94,0.036005,0.011805,1.239713,17.190454,0.002087,true,true
917,187,110,0.027468,0.011819,1.469403,20.592638,0.002500,true,true
920,377,108,0.039933,0.011868,1.437304,19.956214,0.002422,true,true
918,200,163,0.028897,0.011852,2.137690,30.116206,0.003656,true,true
923,311,66,0.043846,0.011892,0.842104,11.400122,0.001384,true,true
919,198,162,0.028570,0.011860,2.104186,29.642393,0.003598,true,true
921,378,137,0.040633,0.011866,1.743222,24.315102,0.002952,true,true
922,289,179,0.031366,0.011842,2.197316,30.932476,0.003755,true,true
924,227,162,0.035131,0.011804,2.013821,28.258165,0.003430,true,true
928,417,71,0.048242,0.011864,0.969127,13.151387,0.001596,true,true
926,379,170,0.043775,0.011856,2.279454,31.928291,0.003876,true,true
925,386,190,0.044355,0.011848,2.554497,35.847962,0.004352,true,true
927,355,189,0.038449,0.011899,2.524946,35.510281,0.004311,true,true
932,185,93,0.022028,0.011928,1.214748,17.033533,0.002068,true,true
930,243,137,0.037100,0.011924,1.812933,25.361112,0.003079,true,true
929,240,138,0.027119,0.011924,1.841513,25.911812,0.003145,true,true
931,362,190,0.041915,0.011913,2.494719,35.029099,0.004252,true,true
935,345,90,0.045995,0.011904,1.189897,16.336349,0.001983,true,true
933,406,157,0.050709,0.011907,2.046734,28.505743,0.003460,true,true
934,149,176,0.023935,0.011880,2.223120,31.407114,0.003812,true,true
936,462,127,0.056890,0.011847,1.659617,22.888951,0.002778,true,true
937,144,179,0.028894,0.011835,2.227660,31.401120,0.003812,true,true
938,172,176,0.027823,0.011830,2.236901,31.548392,0.003830,true,true
939,188,124,0.029260,0.011832,1.601669,22.455959,0.002726,true,true
940,505,153,0.056058,0.011831,1.921372,26.639005,0.003234,true,true
942,199,116,0.027430,0.011823,1.498323,21.006198,0.002550,true,true
941,440,173,0.047960,0.011853,2.299870,32.160079,0.003904,true,true
944,433,107,0.052416,0.011901,1.441655,19.840061,0.002408,true,true
946,264,88,0.035743,0.011913,1.122824,15.524879,0.001885,true,true
943,158,153,0.023169,0.011873,1.999243,28.220815,0.003426,true,true
945,488,138,0.059355,0.011886,1.795974,24.801096,0.003011,true,true
947,512,169,0.061067,0.011866,2.137037,29.647438,0.003599,true,true
948,269,96,0.036636,0.011808,1.211816,16.783035,0.002037,true,true
949,195,127,0.033384,0.011812,1.676297,23.462859,0.002848,true,true
950,292,127,0.032684,0.011814,1.665414,23.317431,0.002830,true,true
952,423,132,0.048826,0.011878,1.776622,24.675087,0.002995,true,true
951,474,164,0.058903,0.011870,2.208198,30.694629,0.003726,true,true
954,175,167,0.031711,0.011898,2.161754,30.419671,0.003693,true,true
957,503,87,0.057557,0.011915,1.119536,15.166383,0.001841,true,true
953,320,179,0.038407,0.011898,2.331732,32.751541,0.003976,true,true
955,270,158,0.030026,0.011903,2.024636,28.485521,0.003458,true,true
956,377,147,0.050429,0.011898,1.874677,26.052546,0.003162,true,true
958,362,155,0.045643,0.011850,2.021196,28.213372,0.003425,true,true
960,347,118,0.045858,0.011869,1.546927,21.437141,0.002602,true,true
962,423,97,0.045360,0.011887,1.225061,16.847614,0.002045,true,true
959,401,165,0.050223,0.011860,2.143714,29.897681,0.003629,true,true
961,293,136,0.042844,0.011871,1.726754,24.048339,0.002919,true,true
963,376,151,0.046859,0.011852,1.940175,27.038918,0.003282,true,true
965,363,68,0.042589,0.011833,0.894909,12.172205,0.001478,true,true
964,152,75,0.022313,0.011828,0.994455,13.883397,0.001685,true,true
967,347,115,0.037929,0.011796,1.382663,19.204482,0.002331,true,true
966,208,176,0.035131,0.011786,2.133585,29.968546,0.003638,true,true
969,268,87,0.035059,0.011791,1.167907,16.178483,0.001964,true,true
970,256,85,0.036598,0.011845,1.149624,15.895398,0.001930,true,true
968,195,141,0.022398,0.011811,1.850689,26.110271,0.003169,true,true
971,460,106,0.050418,0.011868,1.520188,20.990148,0.002548,true,true
972,448,142,0.068789,0.011884,1.923081,26.481596,0.003215,true,true
975,372,83,0.087483,0.011931,1.171416,15.479924,0.001879,true,true
974,488,88,0.087983,0.011930,1.231428,16.329830,0.001982,true,true
973,247,173,0.029459,0.011938,2.412643,34.034841,0.004131,true,true
977,484,151,0.081448,0.011966,2.054597,28.179039,0.003421,true,true
978,344,97,0.043229,0.011985,1.360252,18.808739,0.002283,true,true
976,243,177,0.086148,0.011958,2.419114,33.317672,0.004044,true,true
980,180,90,0.029404,0.011987,1.241007,17.303202,0.002100,true,true
983,416,66,0.052618,0.012010,0.883302,11.863205,0.001440,true,true
981,281,99,0.038079,0.011969,1.325735,18.389339,0.002232,true,true
982,196,100,0.034047,0.011947,1.308954,18.207261,0.002210,true,true
979,245,162,0.031392,0.011912,2.114989,29.756373,0.003612,true,true
985,237,102,0.029379,0.011807,1.221880,17.030407,0.002067,true,true
984,212,176,0.028966,0.011805,2.165509,30.512502,0.003704,true,true
987,172,89,0.029993,0.011816,1.155504,16.073692,0.001951,true,true
986,443,177,0.051150,0.011796,2.233175,31.162052,0.003783,true,true
989,347,144,0.043440,0.011820,1.789183,24.931389,0.003026,true,true
988,191,162,0.023708,0.011817,2.017576,28.474934,0.003457,true,true
990,254,134,0.033139,0.011807,1.679077,23.506046,0.002853,true,true
992,481,70,0.052773,0.011794,0.866581,11.622198,0.001411,true,true
991,255,136,0.027843,0.011796,1.668248,23.427038,0.002844,true,true
994,438,112,0.046059,0.011805,1.386281,19.140037,0.002323,true,true
995,279,77,0.035487,0.011817,0.960876,13.215701,0.001604,true,true
993,465,141,0.046488,0.011802,1.800026,25.042713,0.003040,true,true
998,164,67,0.030788,0.011777,0.808041,11.100155,0.001347,true,true
996,250,190,0.029714,0.011772,2.301701,32.446814,0.003939,true,true
997,251,191,0.037482,0.011767,2.292790,32.208612,0.003910,true,true
999,290,97,0.030874,0.011795,1.272882,17.737427,0.002153,true,true
1001,477,108,0.048439,0.011821,1.369152,18.861437,0.002290,true,true
1002,165,68,0.022450,0.011820,0.850505,11.825665,0.001436,true,true
1000,419,171,0.051691,0.011815,2.208737,30.805303,0.003739,true,true
1003,135,131,0.022378,0.011828,1.731310,24.405674,0.002963,true,true
1004,158,165,0.026485,0.011850,2.181942,30.782626,0.003737,true,true
1008,286,84,0.037120,0.012045,1.197805,16.576024,0.002012,true,true
1007,402,103,0.050480,0.012197,1.584978,21.914551,0.002660,true,true
1005,449,192,0.048994,0.012209,2.747928,38.544152,0.004679,true,true
1009,232,103,0.025851,0.012567,1.565790,21.992261,0.002670,true,true
1010,328,80,0.044705,0.012771,1.277415,17.604630,0.002137,true,true
1013,441,78,0.047855,0.012796,1.155936,15.824791,0.001921,true,true
1006,344,166,0.040787,0.012320,2.428664,34.101858,0.004140,true,true
1015,490,99,0.053695,0.012473,1.299909,17.797493,0.002160,true,true
1014,507,108,0.055531,0.012432,1.458314,20.033497,0.002432,true,true
1011,351,125,0.038639,0.012452,1.770115,24.727643,0.003002,true,true
1012,172,175,0.029185,0.012252,2.328235,32.833303,0.003986,true,true
1016,211,191,0.025100,0.011835,2.357969,33.316282,0.004044,true,true
1017,395,130,0.042139,0.011812,1.674075,23.306083,0.002829,true,true
1019,188,71,0.030184,0.011829,0.922575,12.744467,0.001547,true,true
1018,192,132,0.031832,0.011816,1.747869,24.507158,0.002975,true,true
1021,262,83,0.039303,0.011863,1.122111,15.463859,0.001877,true,true
1020,347,133,0.039097,0.011853,1.742063,24.320485,0.002952,true,true
1024,258,90,0.035031,0.011852,1.089839,15.063971,0.001829,true,true
1023,418,106,0.058378,0.011852,1.330835,18.172280,0.002206,true,true
1022,389,156,0.044583,0.011853,2.088860,29.194838,0.003544,true,true
1026,388,64,0.041409,0.011859,0.838498,11.383435,0.001382,true,true
1025,473,93,0.048837,0.011841,1.227829,16.837475,0.002044,true,true
1027,134,126,0.035864,0.011822,1.571219,21.926788,0.002662,true,true
1028,314,162,0.045280,0.011820,2.049613,28.624378,0.003475,true,true
1029,219,73,0.035935,0.011803,0.962460,13.231933,0.001606,true,true
1030,493,171,0.059357,0.011804,2.124737,29.496206,0.003581,true,true
1031,255,170,0.030889,0.011803,2.056520,28.928538,0.003512,true,true
1032,291,133,0.039108,0.011828,1.730020,24.148344,0.002931,true,true
1034,472,77,0.052853,0.011849,0.993344,13.431380,0.001630,true,true
1035,392,75,0.041203,0.011849,0.918031,12.522200,0.001520,true,true
1033,420,159,0.045687,0.011802,2.017077,28.153908,0.003418,true,true
1038,361,66,0.047092,0.011810,0.844453,11.387320,0.001382,true,true
1036,163,183,0.020003,0.011779,2.327635,32.955877,0.004000,true,true
1037,287,147,0.031473,0.011822,1.967196,27.644555,0.003356,true,true
1039,277,141,0.035214,0.011833,1.866772,26.156925,0.003175,true,true
1041,380,114,0.049963,0.011860,1.498721,20.690086,0.002512,true,true
1043,337,70,0.036779,0.011874,0.888263,12.160267,0.001476,true,true
1044,305,66,0.043340,0.011868,0.814742,11.016589,0.001337,true,true
1040,252,182,0.028018,0.011840,2.318531,32.711384,0.003971,true,true
1042,407,126,0.047654,0.011834,1.594170,22.086182,0.002681,true,true
1045,128,160,0.016420,0.011771,2.018003,28.585107,0.003470,true,true
1048,158,100,0.026998,0.011833,1.219071,17.024291,0.002067,true,true
1047,399,124,0.043977,0.011828,1.538579,21.344783,0.002591,true,true
1046,500,142,0.058277,0.011822,1.805558,24.953350,0.003029,true,true
1049,175,75,0.028931,0.011819,0.903574,12.490992,0.001516,true,true
1050,394,169,0.040154,0.011765,2.049981,28.702851,0.003484,true,true
1051,318,181,0.033728,0.011767,2.172062,30.538086,0.003707,true,true
1052,171,88,0.030499,0.011809,1.198774,16.684428,0.002025,true,true
1054,418,79,0.056714,0.011835,1.032904,13.941210,0.001692,true,true
1055,194,124,0.029690,0.011868,1.624582,22.777049,0.002765,true,true
1053,454,164,0.053319,0.011866,2.254302,31.432789,0.003816,true,true
1059,231,98,0.035533,0.011912,1.292955,17.957560,0.002180,true,true
1056,289,164,0.041711,0.011889,2.185986,30.622923,0.003717,true,true
1058,267,123,0.036842,0.011909,1.643261,22.941668,0.002785,true,true
1057,504,147,0.057191,0.011903,2.005801,27.828595,0.003378,true,true
1060,427,91,0.047665,0.011911,1.280607,17.607946,0.002137,true,true
1062,336,94,0.042233,0.011890,1.250124,17.250197,0.002094,true,true
1064,263,94,0.028574,0.011879,1.288292,17.990338,0.002184,true,true
1061,212,179,0.034952,0.011897,2.439951,34.346386,0.004169,true,true
1065,479,141,0.052739,0.011896,1.868478,25.931018,0.003148,true,true
1066,484,74,0.055913,0.011927,1.028651,13.891916,0.001686,true,true
1063,234,179,0.029808,0.011890,2.372725,33.459786,0.004062,true,true
1067,295,101,0.037560,0.011898,1.298129,18.002503,0.002185,true,true
1070,217,71,0.027467,0.011881,0.859114,11.876958,0.001442,true,true
1068,255,155,0.029329,0.011849,1.897043,26.673285,0.003238,true,true
1069,153,140,0.022533,0.011834,1.728839,24.368183,0.002958,true,true
1072,180,99,0.030099,0.011830,1.336769,18.660889,0.002265,true,true
1073,159,120,0.019852,0.011844,1.557459,21.958945,0.002666,true,true
1071,359,127,0.047073,0.011842,1.707599,23.714376,0.002879,true,true
1075,458,85,0.052471,0.011872,1.097312,14.921631,0.001811,true,true
1074,333,159,0.043412,0.011838,2.007265,28.046271,0.003405,true,true
1076,260,83,0.035486,0.011847,1.026344,14.150696,0.001718,true,true
1077,161,114,0.043851,0.011834,1.529268,21.213614,0.002575,true,true
1080,364,76,0.051234,0.011846,1.064243,14.467031,0.001756,true,true
1078,355,96,0.040496,0.011865,1.468778,20.397664,0.002476,true,true
1079,297,95,0.035557,0.011866,1.420578,19.779834,0.002401,true,true
1081,421,174,0.049082,0.011909,2.338150,32.690759,0.003968,true,true
1084,237,111,0.026489,0.011952,1.461883,20.499234,0.002488,true,true
1085,356,102,0.045422,0.011956,1.336858,18.443322,0.002239,true,true
1086,445,126,0.072526,0.011943,1.604555,21.879291,0.002656,true,true
1083,477,173,0.071379,0.011938,2.389406,33.104316,0.004018,true,true
1082,330,191,0.038720,0.011935,2.618625,36.844257,0.004472,true,true
1088,373,79,0.049935,0.011911,1.099925,14.995174,0.001820,true,true
1087,383,169,0.044291,0.011928,2.207452,30.892655,0.003750,true,true
1089,324,99,0.037943,0.011896,1.290710,17.891081,0.002172,true,true
1091,406,68,0.046121,0.011839,0.839330,11.328019,0.001375,true,true
1090,457,127,0.050184,0.011849,1.584327,21.909482,0.002660,true,true
1092,493,155,0.048987,0.011793,1.967601,27.400216,0.003326,true,true
1093,376,152,0.042937,0.011805,1.915851,26.747549,0.003247,true,true
1095,220,70,0.033759,0.011816,0.875461,12.020558,0.001459,true,true
1096,240,71,0.034133,0.011799,0.860089,11.795673,0.001432,true,true
1094,385,146,0.041840,0.011798,1.832798,25.577112,0.003105,true,true
1097,271,78,0.040669,0.011749,0.983230,13.460940,0.001634,true,true
1101,505,78,0.061023,0.011870,1.025707,13.776899,0.001672,true,true
1098,369,155,0.038720,0.011817,2.063666,28.918759,0.003510,true,true
1099,247,104,0.030743,0.011862,1.430527,19.990672,0.002427,true,true
1100,464,125,0.047875,0.011857,1.649810,22.877633,0.002777,true,true
1103,216,109,0.024976,0.011813,1.331610,18.660363,0.002265,true,true
1102,240,163,0.029406,0.011815,2.016223,28.374230,0.003444,true,true
1104,290,155,0.039862,0.011794,1.873825,26.191280,0.003179,true,true
1105,142,154,0.023001,0.011751,1.863088,26.278744,0.003190,true,true
1106,416,100,0.047811,0.011781,1.282371,17.631062,0.002140,true,true
1109,156,123,0.033408,0.011829,1.565180,21.875618,0.002655,true,true
1111,442,115,0.066293,0.011846,1.448695,19.742422,0.002397,true,true
1107,224,190,0.035311,0.011824,2.402113,33.800883,0.004103,true,true
1108,217,189,0.033889,0.011829,2.365397,33.296850,0.004042,true,true
1112,302,109,0.034099,0.011831,1.386129,19.308685,0.002344,true,true
1110,138,186,0.066693,0.011827,2.360934,32.764619,0.003977,true,true
1113,293,79,0.040301,0.011792,1.043701,14.329807,0.001739,true,true
1114,428,100,0.072388,0.011792,1.280173,17.248683,0.002094,true,true
1115,397,157,0.051887,0.011766,1.920812,26.690587,0.003240,true,true
1116,319,165,0.045104,0.011831,2.264159,31.690877,0.003847,true,true
1117,300,141,0.035929,0.011857,1.943022,27.235671,0.003306,true,true
1123,501,64,0.051546,0.011980,0.806300,10.778836,0.001308,true,true
1118,208,175,0.029504,0.011888,2.321550,32.733279,0.003973,true,true
1121,429,108,0.055127,0.011953,1.433690,19.687609,0.002390,true,true
1119,377,145,0.049471,0.011928,1.951992,27.170375,0.003298,true,true
1120,415,155,0.043151,0.011922,2.064523,28.867729,0.003504,true,true
1122,503,139,0.057976,0.011918,1.794926,24.805818,0.003011,true,true
1125,418,72,0.048621,0.011843,1.022904,13.913982,0.001689,true,true
1124,421,164,0.051718,0.011809,2.152247,29.998177,0.003641,true,true
1126,290,120,0.037941,0.011854,1.600013,22.308335,0.002708,true,true
1128,509,83,0.055249,0.011874,1.128252,15.323824,0.001860,true,true
1129,291,106,0.033536,0.011869,1.405856,19.598451,0.002379,true,true
1133,183,64,0.026787,0.011860,0.810343,11.190164,0.001358,true,true
1127,181,191,0.021428,0.011862,2.482714,35.150245,0.004267,true,true
1131,263,117,0.029042,0.011855,1.481445,20.742125,0.002518,true,true
1130,173,149,0.023702,0.011852,1.883423,26.559132,0.003224,true,true
1132,162,153,0.023606,0.011831,1.879601,26.505929,0.003218,true,true
1134,352,171,0.038593,0.011822,2.083533,29.204307,0.003545,true,true
1138,165,72,0.024109,0.011848,0.896273,12.455595,0.001512,true,true
1135,339,190,0.038597,0.011803,2.390657,33.590351,0.004077,true,true
1137,373,121,0.045962,0.011843,1.517846,21.020339,0.002552,true,true
1139,291,130,0.034072,0.011834,1.580399,22.083490,0.002681,true,true
1136,307,160,0.037637,0.011828,2.060574,28.890062,0.003507,true,true
1141,320,105,0.041238,0.011793,1.353525,18.741100,0.002275,true,true
1142,408,87,0.047560,0.011832,1.145584,15.681159,0.001904,true,true
1140,165,151,0.030298,0.011803,1.956256,27.505077,0.003339,true,true
1144,348,106,0.045435,0.011840,1.356397,18.722181,0.002273,true,true
1143,442,187,0.050964,0.011837,2.356377,32.924180,0.003997,true,true
1145,350,104,0.040188,0.011840,1.291160,17.865439,0.002169,true,true
1146,297,116,0.044187,0.011829,1.404576,19.428054,0.002358,true,true
1150,312,64,0.033537,0.011871,0.880175,12.091049,0.001468,true,true
1147,337,131,0.035068,0.011827,1.768543,24.756194,0.003005,true,true
1148,280,124,0.041200,0.011873,1.667546,23.226255,0.002819,true,true
1153,277,84,0.041061,0.011892,1.049746,14.405280,0.001749,true,true
1152,141,116,0.021941,0.011882,1.477676,20.789721,0.002524,true,true
1149,329,189,0.036919,0.011864,2.436967,34.275683,0.004161,true,true
1154,187,142,0.027648,0.011859,1.737751,24.422416,0.002965,true,true
1151,278,186,0.032655,0.011863,2.334269,32.869928,0.003990,true,true
1156,263,87,0.036313,0.011805,1.137862,15.731508,0.001910,true,true
1155,369,189,0.045865,0.011820,2.411118,33.778768,0.004100,true,true
1157,326,111,0.039616,0.011827,1.421129,19.729726,0.002395,true,true
1159,150,131,0.028525,0.011844,1.719105,24.143600,0.002931,true,true
1160,262,121,0.039874,0.011848,1.584063,22.052957,0.002677,true,true
1158,323,158,0.042288,0.011850,2.071892,28.985286,0.003518,true,true
1161,416,79,0.049194,0.011874,1.055671,14.373749,0.001745,true,true
1162,484,88,0.050883,0.011864,1.115141,15.198926,0.001845,true,true
1163,304,169,0.038207,0.011810,2.065604,28.953765,0.003515,true,true
1164,429,122,0.052920,0.011776,1.511884,20.835823,0.002529,true,true
1165,326,171,0.037015,0.011770,2.085572,29.255947,0.003551,true,true
1168,330,72,0.035785,0.011852,0.954096,13.114640,0.001592,true,true
1169,392,101,0.045827,0.011871,1.269739,17.478990,0.002122,true,true
1170,357,108,0.042276,0.011868,1.312194,18.136011,0.002202,true,true
1166,479,185,0.058346,0.011837,2.374795,33.081795,0.004016,true,true
1167,248,185,0.037553,0.011832,2.349868,33.022742,0.004009,true,true
1171,213,118,0.035716,0.011762,1.526611,21.291848,0.002585,true,true
1172,192,74,0.029729,0.011802,0.983888,13.626586,0.001654,true,true
1174,449,101,0.051773,0.011819,1.261841,17.281275,0.002098,true,true
1173,477,175,0.048741,0.011805,2.176018,30.380172,0.003688,true,true
1175,260,145,0.032527,0.011788,1.783951,25.012537,0.003036,true,true
1176,162,86,0.023027,0.011765,1.057588,14.774825,0.001793,true,true
1177,331,147,0.035293,0.011770,1.793872,25.114714,0.003049,true,true
1178,394,181,0.045326,0.011784,2.249530,31.478791,0.003821,true,true
1180,204,101,0.027688,0.011804,1.251057,17.471249,0.002121,true,true
1181,426,89,0.053298,0.011804,1.092019,14.834230,0.001801,true,true
1179,134,171,0.017130,0.011786,2.128994,30.160049,0.003661,true,true
1182,416,89,0.050585,0.011764,1.126722,15.368589,0.001866,true,true
1183,402,152,0.050013,0.011788,2.038726,28.401306,0.003448,true,true
1184,263,162,0.038158,0.011883,2.148884,30.143805,0.003659,true,true
1188,297,124,0.100139,0.011924,1.584116,21.193046,0.002573,true,true
1189,371,132,0.074839,0.011923,1.654013,22.552576,0.002738,true,true
1186,269,167,0.053239,0.011910,2.186570,30.466634,0.003698,true,true
1187,439,166,0.055239,0.011910,2.132583,29.667069,0.003601,true,true
1185,420,185,0.043338,0.011902,2.457421,34.476124,0.004185,true,true
1190,138,150,0.027740,0.011852,1.862773,26.206568,0.003181,true,true
1192,379,89,0.045826,0.011793,1.083633,14.821171,0.001799,true,true
1191,283,143,0.041284,0.011781,1.752962,24.444907,0.002967,true,true
1193,244,98,0.026770,0.011778,1.250660,17.478676,0.002122,true,true
1194,508,177,0.050874,0.011812,2.270799,31.703307,0.003848,true,true
1195,292,132,0.033072,0.011832,1.693089,23.707119,0.002878,true,true
1196,437,86,0.049911,0.011851,1.123309,15.329455,0.001861,true,true
1197,236,168,0.031025,0.011853,2.242126,31.577288,0.003833,true,true
1201,396,71,0.047542,0.011937,0.945869,12.829231,0.001557,true,true
1202,230,78,0.037130,0.011936,0.993381,13.656463,0.001658,true,true
1198,392,159,0.047662,0.011873,2.115309,29.528596,0.003584,true,true
1203,361,76,0.038102,0.011932,0.932991,12.780134,0.001551,true,true
1199,391,104,0.041486,0.011912,1.420312,19.691355,0.002390,true,true
1200,491,167,0.056394,0.011875,2.216811,30.853450,0.003745,true,true
1204,488,114,0.048851,0.011872,1.631457,22.601595,0.002744,true,true
1206,191,71,0.023543,0.011908,1.038523,14.495184,0.001760,true,true
1209,260,87,0.036761,0.011937,1.139798,15.752744,0.001912,true,true
1210,325,76,0.045876,0.011941,0.983915,13.396371,0.001626,true,true
1205,365,165,0.044364,0.011895,2.244464,31.420180,0.003814,true,true
1211,420,118,0.047229,0.011917,1.487452,20.568182,0.002497,true,true
1208,370,153,0.041377,0.011911,2.002532,28.007745,0.003400,true,true
1207,378,178,0.041845,0.011899,2.365306,33.181932,0.004028,true,true
1212,459,121,0.051239,0.011843,1.571058,21.704917,0.002635,true,true
1214,477,66,0.054470,0.011828,0.862477,11.539348,0.001401,true,true
1215,195,108,0.027396,0.011829,1.440237,20.177130,0.002449,true,true
1213,265,168,0.036275,0.011828,2.228582,31.308888,0.003801,true,true
1216,132,121,0.022477,0.011843,1.590655,22.395534,0.002719,true,true
1217,284,134,0.037052,0.011853,1.773724,24.801858,0.003011,true,true
1218,320,153,0.042790,0.011875,2.024889,28.306842,0.003436,true,true
1220,394,165,0.048718,0.011888,2.137255,29.826922,0.003621,true,true
1219,239,183,0.034197,0.011888,2.416712,34.025290,0.004130,true,true
1221,131,159,0.017794,0.011895,2.059381,29.156415,0.003539,true,true
1222,432,136,0.052690,0.011901,1.777961,24.639022,0.002991,true,true
1224,269,147,0.035486,0.011891,1.839840,25.768438,0.003128,true,true
1223,183,187,0.027595,0.011874,2.377282,33.556462,0.004073,true,true
1226,392,125,0.046821,0.011841,1.558936,21.594891,0.002621,true,true
1225,261,140,0.039595,0.011841,1.769288,24.702185,0.002999,true,true
1228,476,99,0.057804,0.011815,1.261945,17.196642,0.002087,true,true
1227,435,167,0.054368,0.011812,2.108890,29.341143,0.003562,true,true
1229,463,191,0.054850,0.011782,2.293478,31.970406,0.003881,true,true
1231,505,73,0.053565,0.011817,0.995827,13.456672,0.001633,true,true
1232,420,112,0.047371,0.011855,1.457801,20.142698,0.002445,true,true
1230,260,171,0.028198,0.011825,2.225446,31.379449,0.003809,true,true
1233,493,120,0.051640,0.011852,1.507541,20.792077,0.002524,true,true
1234,454,185,0.050648,0.011833,2.337026,32.652344,0.003964,true,true
1237,369,96,0.043101,0.011859,1.219193,16.796064,0.002039,true,true
1236,215,110,0.025381,0.011854,1.404930,19.701674,0.002392,true,true
1235,471,155,0.048458,0.011839,1.983269,27.631515,0.003354,true,true
1238,499,110,0.057442,0.011807,1.344405,18.379435,0.002231,true,true
1239,299,86,0.031677,0.011789,1.121677,15.566552,0.001890,true,true
1240,242,142,0.038170,0.011806,1.801910,25.188423,0.003058,true,true
1241,297,159,0.032111,0.011814,1.966392,27.623945,0.003353,true,true
1243,368,77,0.046792,0.011822,0.945277,12.831494,0.001558,true,true
1242,278,182,0.040569,0.011809,2.258815,31.679326,0.003846,true,true
1244,426,82,0.052361,0.011813,1.117203,15.207287,0.001846,true,true
1247,339,77,0.036573,0.011825,0.935268,12.834489,0.001558,true,true
1246,476,161,0.047936,0.011815,1.996914,27.833839,0.003379,true,true
1245,227,192,0.028962,0.011807,2.390106,33.720085,0.004093,true,true
1248,205,99,0.029462,0.011778,1.183706,16.484045,0.002001,true,true
1249,303,168,0.032034,0.011733,1.991484,27.983388,0.003397,true,true
1250,362,100,0.037298,0.011789,1.292133,17.920608,0.002175,true,true
1251,494,110,0.060519,0.011799,1.409704,19.268040,0.002339,true,true
1252,377,149,0.039697,0.011804,1.872337,26.172383,0.003177,true,true
1253,218,144,0.026515,0.011811,1.895881,26.696875,0.003241,true,true
1255,214,104,0.028567,0.011836,1.387430,19.406260,0.002356,true,true
1256,173,97,0.031435,0.011852,1.288479,17.952162,0.002179,true,true
1254,130,179,0.022870,0.011843,2.311827,32.689166,0.003968,true,true
1259,401,115,0.076046,0.011872,1.503730,20.389105,0.002475,true,true
1257,452,173,0.049533,0.011882,2.331422,32.588228,0.003956,true,true
1258,372,162,0.078346,0.011888,2.156517,29.678880,0.003603,true,true
1260,135,146,0.019186,0.011887,1.890036,26.718074,0.003243,true,true
1261,399,112,0.040851,0.011894,1.467754,20.377948,0.002474,true,true
1265,213,80,0.033492,0.011870,1.001205,13.820156,0.001678,true,true
1262,130,127,0.048350,0.011888,1.666270,23.105918,0.002805,true,true
1263,304,143,0.035554,0.011877,1.850137,25.914518,0.003146,true,true
1264,324,192,0.036152,0.011874,2.484738,34.968875,0.004245,true,true
1266,280,138,0.038177,0.011873,1.908255,26.707040,0.003242,true,true
1268,479,98,0.057804,0.011898,1.413015,19.354106,0.002349,true,true
1267,394,150,0.045958,0.011897,2.067459,28.869566,0.003504,true,true
1273,492,73,0.054742,0.011938,0.959908,12.926891,0.001569,true,true
1271,242,97,0.041727,0.011932,1.343987,18.597905,0.002258,true,true
1269,378,155,0.040867,0.011912,2.082656,29.159305,0.003540,true,true
1272,139,107,0.023933,0.011920,1.426848,20.035379,0.002432,true,true
1274,455,129,0.056742,0.011888,1.641788,22.636435,0.002748,true,true
1275,447,76,0.055837,0.011851,0.963197,12.958225,0.001573,true,true
1270,212,167,0.024735,0.011891,2.217810,31.319857,0.003802,true,true
1276,152,91,0.027266,0.011785,1.105219,15.394523,0.001869,true,true
1277,138,76,0.023426,0.011750,0.981489,13.682332,0.001661,true,true
1279,408,128,0.050949,0.011834,1.697709,23.517796,0.002855,true,true
1281,450,66,0.052834,0.011889,0.900921,12.111747,0.001470,true,true
1280,206,116,0.023760,0.011849,1.506873,21.180709,0.002571,true,true
1278,341,177,0.037168,0.011829,2.325517,32.680492,0.003967,true,true
1282,466,89,0.050672,0.011872,1.192026,16.299974,0.001979,true,true
1283,266,99,0.035932,0.011819,1.262108,17.511331,0.002126,true,true
1284,181,94,0.023181,0.011802,1.167501,16.342316,0.001984,true,true
1286,230,131,0.029690,0.011791,1.657055,23.240807,0.002821,true,true
1285,182,191,0.032156,0.011804,2.450435,34.536056,0.004192,true,true
1287,231,155,0.025812,0.011824,1.970949,27.778999,0.003372,true,true
1288,279,105,0.036917,0.011845,1.363249,18.941683,0.002299,true,true
1289,382,117,0.055900,0.011841,1.484820,20.406772,0.002477,true,true
1291,134,86,0.021955,0.011827,1.027228,14.356552,0.001743,true,true
1290,374,148,0.043747,0.011815,1.860577,25.946592,0.003150,true,true
1293,174,83,0.022461,0.011790,1.010223,14.106484,0.001712,true,true
1294,179,129,0.025619,0.011810,1.611365,22.646433,0.002749,true,true
1292,421,190,0.047373,0.011805,2.394134,33.514687,0.004068,true,true
1296,153,89,0.024057,0.011824,1.130054,15.795015,0.001917,true,true
1295,361,139,0.040757,0.011820,1.777785,24.806941,0.003011,true,true
1299,187,88,0.024624,0.011802,1.069881,14.927580,0.001812,true,true
1297,148,138,0.019251,0.011805,1.724049,24.346649,0.002955,true,true
1298,474,144,0.056127,0.011798,1.783354,24.666957,0.002994,true,true
1300,151,66,0.022533,0.011769,0.787550,10.925402,0.001326,true,true
1301,467,107,0.046667,0.011780,1.352350,18.646792,0.002264,true,true
1302,352,132,0.036505,0.011778,1.600029,22.329073,0.002711,true,true
1303,175,159,0.028381,0.011766,1.949395,27.434476,0.003330,true,true
1304,221,93,0.032232,0.011777,1.152884,16.004317,0.001943,true,true
1305,361,133,0.048317,0.011786,1.652006,22.902678,0.002780,true,true
1308,484,79,0.049300,0.011839,0.972780,13.188448,0.001601,true,true
1307,460,106,0.049321,0.011832,1.339844,18.430280,0.002237,true,true
1306,481,186,0.053446,0.011810,2.332567,32.548704,0.003951,true,true
1309,209,90,0.023647,0.011758,1.160813,16.240139,0.001971,true,true
1310,430,187,0.044265,0.011837,2.413260,33.832200,0.004107,true,true
1313,478,97,0.051327,0.011901,1.232439,16.867757,0.002048,true,true
1314,377,92,0.044959,0.011898,1.252870,17.250486,0.002094,true,true
1312,322,155,0.038729,0.011877,2.079211,29.140642,0.003537,true,true
1311,475,176,0.057773,0.011875,2.381148,33.180705,0.004028,true,true
1315,353,75,0.047458,0.011846,1.012748,13.785556,0.001673,true,true
1317,475,121,0.097248,0.011830,1.516792,20.272868,0.002461,true,true
1316,463,144,0.103448,0.011818,1.793435,24.135134,0.002930,true,true
1319,480,88,0.057625,0.011882,1.253025,17.071806,0.002072,true,true
1318,470,150,0.046934,0.011865,2.024297,28.239214,0.003428,true,true
1322,413,77,0.046891,0.011932,1.001209,13.628853,0.001654,true,true
1320,500,127,0.059634,0.011900,1.694992,23.354966,0.002835,true,true
1324,212,83,0.028612,0.011836,1.059284,14.719281,0.001787,true,true
1321,467,162,0.049777,0.011882,2.112232,29.454433,0.003575,true,true
1323,208,184,0.064550,0.011872,2.362592,32.818917,0.003984,true,true
1326,270,76,0.031812,0.011829,1.069376,14.817716,0.001799,true,true
1325,292,125,0.037844,0.011859,1.762179,24.625666,0.002989,true,true
1328,248,84,0.032547,0.011901,1.192808,16.569971,0.002011,true,true
1331,382,68,0.048491,0.011935,0.899811,12.157912,0.001476,true,true
1332,339,73,0.041453,0.011932,0.916958,12.503298,0.001518,true,true
1327,409,160,0.050799,0.011887,2.185069,30.480037,0.003700,true,true
1333,128,87,0.020926,0.011892,1.088276,15.243094,0.001850,true,true
1329,421,178,0.051664,0.011889,2.330486,32.544423,0.003951,true,true
1330,383,178,0.044736,0.011889,2.284386,31.984996,0.003883,true,true
1334,444,141,0.054333,0.011817,1.787933,24.757984,0.003005,true,true
1335,415,116,0.044946,0.011796,1.457518,20.173288,0.002449,true,true
1337,155,121,0.027838,0.011791,1.474202,20.655885,0.002507,true,true
1336,361,151,0.045766,0.011795,1.972373,27.514360,0.003340,true,true
1342,319,91,0.033517,0.014662,1.565214,21.874554,0.002655,true,true
1340,465,120,0.078053,0.014018,1.991781,27.330424,0.003318,true,true
1338,297,185,0.037028,0.013314,2.839421,40.021678,0.004858,true,true
1348,340,75,0.047279,0.015101,1.164764,15.959074,0.001937,true,true
1341,309,138,0.076953,0.013844,2.219201,30.593985,0.003714,true,true
1345,440,114,0.054765,0.014274,1.762456,24.387962,0.002960,true,true
1346,329,119,0.045119,0.014173,1.825029,25.419340,0.003086,true,true
1339,314,179,0.040975,0.013400,2.792967,39.301890,0.004771,true,true
1344,495,168,0.055069,0.013506,2.496643,34.868737,0.004233,true,true
1347,225,150,0.025794,0.013539,2.162474,30.514460,0.003704,true,true
1343,212,190,0.034032,0.013311,2.822087,39.816907,0.004833,true,true
1349,472,95,0.049167,0.011855,1.200493,16.442367,0.001996,true,true
1351,386,98,0.045424,0.011778,1.187887,16.315801,0.001981,true,true
1350,358,181,0.047919,0.011775,2.206797,30.831487,0.003743,true,true
1352,130,76,0.026196,0.011738,0.942691,13.088685,0.001589,true,true
1353,349,187,0.046173,0.011761,2.324137,32.532181,0.003949,true,true
1354,218,108,0.024810,0.011786,1.385801,19.436645,0.002359,true,true
1355,193,90,0.026845,0.011803,1.155013,16.111649,0.001956,true,true
1356,435,146,0.049761,0.011795,1.793885,24.908270,0.003024,true,true
1357,324,171,0.039897,0.011781,2.090611,29.286765,0.003555,true,true
1358,482,127,0.052564,0.011823,1.645091,22.743277,0.002761,true,true
1360,196,99,0.022623,0.011838,1.272487,17.849617,0.002167,true,true
1359,303,139,0.042645,0.011827,1.787047,24.912230,0.003024,true,true
1361,486,140,0.052696,0.011837,1.826013,25.325180,0.003074,true,true
1362,408,144,0.044814,0.011841,1.871747,26.090887,0.003167,true,true
1363,411,119,0.043115,0.011854,1.533829,21.289261,0.002584,true,true
1364,447,138,0.046927,0.011845,1.716807,23.847978,0.002895,true,true
1365,472,97,0.058403,0.011844,1.195392,16.237626,0.001971,true,true
1366,460,109,0.046042,0.011793,1.400310,19.340635,0.002348,true,true
1367,483,146,0.049067,0.011823,1.883556,26.198794,0.003180,true,true
1368,308,186,0.039930,0.011839,2.353530,33.041097,0.004011,true,true
1369,469,170,0.051743,0.011845,2.245214,31.325514,0.003803,true,true
1370,401,137,0.052240,0.011853,1.815202,25.177300,0.003056,true,true
1371,344,67,0.044561,0.011870,0.943199,12.833678,0.001558,true,true
1373,471,78,0.052353,0.011841,1.014791,13.744821,0.001668,true,true
1374,512,105,0.051026,0.011819,1.280186,17.553948,0.002131,true,true
1372,140,161,0.024553,0.011797,2.009722,28.350686,0.003441,true,true
1377,405,72,0.043939,0.011844,0.969067,13.211973,0.001604,true,true
1378,359,90,0.047702,0.011856,1.150080,15.743327,0.001911,true,true
1375,477,128,0.047559,0.011842,1.786291,24.831268,0.003014,true,true
1376,159,139,0.022791,0.011846,1.873137,26.425258,0.003208,true,true
1379,473,121,0.054225,0.011860,1.586196,21.878469,0.002656,true,true
1381,484,137,0.054564,0.011853,1.732718,23.966141,0.002909,true,true
1380,415,163,0.047038,0.011850,2.081202,29.050412,0.003526,true,true
1382,152,161,0.027792,0.011828,1.986685,27.975436,0.003396,true,true
1383,478,144,0.055424,0.011824,1.765135,24.416821,0.002964,true,true
1384,155,67,0.029679,0.011729,0.829397,11.420978,0.001386,true,true
1385,231,177,0.031325,0.011769,2.189326,30.818959,0.003741,true,true
1386,452,158,0.047159,0.011809,2.039608,28.454666,0.003454,true,true
1387,407,114,0.044390,0.011831,1.514391,20.993445,0.002548,true,true
1389,477,83,0.051754,0.011856,1.106468,15.062638,0.001828,true,true
1390,216,94,0.031859,0.011851,1.220325,16.972790,0.002060,true,true
1388,227,139,0.030132,0.011849,1.903333,26.751651,0.003247,true,true
1393,258,65,0.031720,0.011864,0.870943,11.985163,0.001455,true,true
1391,347,135,0.044770,0.011855,1.763557,24.546431,0.002980,true,true
1392,194,105,0.027553,0.011858,1.368770,19.154251,0.002325,true,true
1395,293,77,0.068199,0.011856,1.014212,13.510243,0.001640,true,true
1394,491,103,0.057457,0.011857,1.434288,19.662860,0.002387,true,true
1399,222,81,0.031035,0.011867,1.004006,13.895237,0.001687,true,true
1396,448,141,0.046601,0.011859,1.846646,25.706894,0.003121,true,true
1398,490,145,0.058387,0.011866,1.876559,25.965769,0.003152,true,true
1397,421,155,0.047468,0.011865,2.062591,28.778477,0.003493,true,true
1401,334,87,0.041617,0.011831,1.115002,15.329275,0.001861,true,true
1400,209,170,0.030236,0.011828,2.119956,29.843814,0.003623,true,true
1403,278,119,0.037510,0.011802,1.430094,19.887841,0.002414,true,true
1402,237,148,0.030774,0.011804,1.840346,25.842945,0.003137,true,true
1404,444,185,0.055890,0.011748,2.217602,30.871950,0.003748,true,true
1405,460,66,0.046042,0.011809,0.891537,12.074723,0.001466,true,true
1407,456,126,0.055113,0.011799,1.529969,21.062794,0.002557,true,true
1406,305,178,0.040849,0.011801,2.333810,32.746344,0.003975,true,true
1408,477,146,0.052103,0.011997,2.059286,28.665088,0.003480,true,true
1415,403,65,0.052906,0.012189,0.858965,11.511521,0.001397,true,true
1410,498,136,0.053223,0.012036,1.874687,26.012784,0.003158,true,true
1409,186,162,0.022205,0.012008,2.201565,31.123978,0.003778,true,true
1414,170,88,0.031840,0.012118,1.153065,16.012488,0.001944,true,true
1411,392,159,0.080698,0.012015,2.135637,29.347103,0.003562,true,true
1413,279,113,0.037778,0.012068,1.476476,20.546404,0.002494,true,true
1412,388,178,0.044060,0.011983,2.366202,33.163084,0.004026,true,true
1416,235,118,0.029546,0.011975,1.514855,21.212064,0.002575,true,true
1417,345,90,0.039826,0.011850,1.286086,17.798157,0.002160,true,true
1421,165,77,0.065626,0.011901,1.061660,14.224617,0.001727,true,true
1422,256,82,0.031055,0.011906,1.076247,14.926650,0.001812,true,true
1419,164,103,0.028039,0.011905,1.419916,19.877745,0.002413,true,true
1418,487,175,0.055878,0.011885,2.361831,32.931886,0.003998,true,true
1420,495,148,0.065204,0.011905,1.984362,27.407980,0.003327,true,true
1423,244,130,0.034248,0.011901,1.708886,23.915921,0.002903,true,true
1426,401,65,0.048505,0.011870,0.852791,11.486217,0.001394,true,true
1424,358,167,0.047283,0.011877,2.164444,30.235700,0.003670,true,true
1425,136,163,0.019315,0.011864,2.069795,29.283424,0.003555,true,true
1427,444,80,0.055546,0.011828,1.033075,13.960343,0.001695,true,true
1428,427,75,0.044141,0.011777,0.935395,12.728217,0.001545,true,true
1429,165,155,0.026031,0.011738,1.854850,26.117816,0.003170,true,true
1430,182,138,0.022011,0.011789,1.825240,25.752363,0.003126,true,true
1431,282,86,0.030665,0.011838,1.194901,16.626750,0.002018,true,true
1433,466,71,0.050311,0.011870,0.956229,12.937644,0.001570,true,true
1432,352,161,0.042824,0.011838,2.058563,28.787265,0.003494,true,true
1434,401,120,0.042106,0.011846,1.486063,20.621503,0.002503,true,true
1435,328,139,0.038704,0.011830,1.694204,23.642600,0.002870,true,true
1436,201,140,0.024177,0.011759,1.708339,24.051941,0.002920,true,true
1437,501,159,0.059652,0.011773,1.953202,27.042261,0.003283,true,true
1438,133,100,0.017021,0.011829,1.372146,19.352879,0.002349,true,true
1444,220,77,0.024843,0.011891,0.928572,12.906389,0.001567,true,true
1442,458,100,0.050940,0.011891,1.320756,18.134559,0.002201,true,true
1439,130,164,0.026695,0.011858,2.168477,30.587316,0.003713,true,true
1440,171,142,0.026812,0.011876,1.890021,26.608951,0.003230,true,true
1443,241,128,0.037013,0.011887,1.632519,22.785811,0.002766,true,true
1441,507,152,0.053273,0.011876,2.004797,27.870209,0.003383,true,true
1447,256,89,0.031539,0.011829,1.115445,15.479539,0.001879,true,true
1446,165,138,0.030215,0.011815,1.719664,24.127450,0.002929,true,true
1445,409,182,0.052522,0.011830,2.284277,31.872238,0.003869,true,true
1448,425,188,0.047113,0.011804,2.333755,32.656098,0.003964,true,true
1449,310,96,0.042339,0.011798,1.246757,17.200589,0.002088,true,true
1450,248,89,0.031651,0.011808,1.157548,16.079215,0.001952,true,true
1451,163,113,0.025068,0.011809,1.448019,20.321517,0.002467,true,true
1453,284,103,0.035905,0.011812,1.273785,17.678484,0.002146,true,true
1452,358,148,0.047813,0.011809,1.847065,25.695566,0.003119,true,true
1454,314,144,0.041806,0.011781,1.750571,24.403307,0.002962,true,true
1455,214,65,0.028252,0.011769,0.840810,11.604346,0.001409,true,true
1457,312,98,0.043294,0.011796,1.273084,17.562934,0.002132,true,true
1456,241,175,0.031457,0.011805,2.223999,31.312247,0.003801,true,true
1460,183,108,0.024027,0.011826,1.309476,18.357807,0.002228,true,true
1459,311,142,0.040720,0.011825,1.749442,24.402677,0.002962,true,true
1458,297,186,0.035758,0.011817,2.363708,33.246033,0.004036,true,true
1461,169,135,0.021891,0.011811,1.672230,23.568913,0.002861,true,true
1463,448,83,0.045740,0.011788,1.029613,14.050931,0.001706,true,true
1462,199,114,0.023785,0.011781,1.417285,19.900920,0.002416,true,true
1464,137,71,0.026080,0.011759,0.892025,12.366770,0.001501,true,true
1466,236,73,0.028763,0.011794,0.919181,12.716283,0.001544,true,true
1465,424,167,0.042862,0.011787,2.172531,30.414327,0.003692,true,true
1471,385,66,0.044456,0.011904,0.862636,11.684638,0.001418,true,true
1470,384,87,0.044102,0.011899,1.151177,15.810407,0.001919,true,true
1467,406,184,0.045664,0.011865,2.429297,34.041253,0.004132,true,true
1468,204,157,0.034472,0.011881,2.119232,29.772984,0.003614,true,true
1469,429,138,0.053024,0.011891,1.870032,25.949142,0.003150,true,true
1472,442,106,0.044745,0.011873,1.356336,18.731159,0.002274,true,true
1474,417,101,0.053001,0.012224,1.529911,21.092125,0.002560,true,true
1479,360,75,0.039975,0.012515,1.080627,14.861802,0.001804,true,true
1473,199,178,0.026193,0.012255,2.554086,36.101471,0.004382,true,true
1476,377,123,0.058460,0.012452,1.817041,25.114733,0.003049,true,true
1477,317,123,0.080132,0.012452,1.784641,24.342514,0.002955,true,true
1481,394,134,0.051371,0.012418,1.784831,24.755967,0.003005,true,true
1475,375,155,0.040523,0.012347,2.266467,31.789261,0.003859,true,true
1478,233,156,0.058232,0.012344,2.203364,30.635162,0.003719,true,true
1480,460,146,0.065618,0.012374,2.008535,27.747291,0.003368,true,true
1482,262,108,0.040002,0.012152,1.452557,20.173054,0.002449,true,true
1483,321,157,0.034576,0.012004,2.029828,28.494693,0.003459,true,true
1484,167,128,0.025577,0.011858,1.656995,23.298698,0.002828,true,true
1487,437,65,0.049702,0.011873,0.926303,12.518962,0.001520,true,true
1485,242,167,0.031281,0.011855,2.192117,30.859440,0.003746,true,true
1486,304,188,0.035342,0.011862,2.449504,34.477252,0.004185,true,true
1490,223,104,0.034005,0.011883,1.342453,18.686281,0.002268,true,true
1491,495,94,0.060120,0.011882,1.238884,16.834227,0.002043,true,true
1489,167,135,0.021262,0.011873,1.760030,24.831776,0.003014,true,true
1488,199,176,0.032622,0.011865,2.320066,32.667558,0.003965,true,true
1492,340,148,0.041784,0.011863,1.964594,27.460123,0.003333,true,true
1494,430,105,0.050165,0.011870,1.381844,19.018042,0.002309,true,true
1495,338,69,0.037917,0.011887,0.908241,12.429318,0.001509,true,true
1497,390,74,0.042182,0.011872,0.908874,12.377437,0.001502,true,true
1496,193,105,0.027268,0.011851,1.347294,18.851616,0.002288,true,true
1493,374,186,0.049003,0.011843,2.428263,33.978814,0.004125,true,true
1498,203,78,0.024890,0.011779,0.998644,13.906422,0.001688,true,true
1500,416,68,0.049465,0.011782,0.838879,11.273810,0.001369,true,true
1499,220,167,0.029409,0.011773,2.075509,29.220868,0.003547,true,true
1501,500,136,0.057576,0.011766,1.672229,23.059263,0.002799,true,true
1504,338,100,0.042806,0.011822,1.285628,17.749041,0.002155,true,true
1502,238,178,0.036078,0.011811,2.272152,31.933923,0.003876,true,true
1503,369,187,0.042422,0.011829,2.393925,33.582401,0.004077,true,true
1505,221,131,0.031095,0.011853,1.722929,24.161503,0.002933,true,true
1506,479,151,0.058028,0.011854,1.939319,26.867176,0.003261,true,true
1507,433,81,0.044317,0.011840,1.051114,14.378323,0.001745,true,true
1508,325,97,0.042823,0.011836,1.293185,17.856745,0.002168,true,true
1511,442,73,0.048898,0.011825,0.900310,12.159216,0.001476,true,true
1510,438,88,0.054930,0.011819,1.127660,15.319918,0.001860,true,true
1509,231,171,0.034648,0.011822,2.173634,30.547384,0.003708,true,true
1514,436,64,0.046837,0.011810,0.790875,10.625792,0.001290,true,true
1512,400,192,0.043332,0.011777,2.357275,33.046005,0.004011,true,true
1513,175,187,0.023873,0.011789,2.341204,33.094382,0.004017,true,true
1516,317,75,0.037381,0.011804,0.946823,12.987955,0.001577,true,true
1515,475,174,0.055325,0.011795,2.165043,30.129410,0.003657,true,true
1517,347,122,0.041541,0.011791,1.506577,20.922542,0.002540,true,true
1519,507,89,0.052976,0.011810,1.140464,15.530688,0.001885,true,true
1518,374,161,0.042092,0.011810,2.087862,29.216147,0.003547,true,true
1523,130,65,0.026893,0.011842,0.832339,11.502779,0.001396,true,true
1520,258,186,0.039525,0.011827,2.374395,33.344858,0.004048,true,true
1521,170,136,0.030771,0.011834,1.755038,24.624687,0.002989,true,true
1524,188,65,0.031656,0.011849,0.880090,12.116696,0.001471,true,true
1522,406,168,0.052848,0.011861,2.247304,31.339576,0.003804,true,true
1526,182,103,0.031064,0.011879,1.371084,19.137153,0.002323,true,true
1525,233,144,0.035412,0.011875,1.883129,26.387709,0.003203,true,true
1527,427,128,0.045316,0.011876,1.638786,22.756755,0.002762,true,true
1529,441,134,0.049802,0.011851,1.626037,22.510596,0.002733,true,true
1528,402,172,0.041304,0.011852,2.112379,29.577534,0.003590,true,true
1530,331,116,0.034533,0.011826,1.543299,21.547065,0.002616,true,true
1533,285,152,0.037259,0.011862,1.909395,26.736442,0.003246,true,true
1534,331,99,0.038183,0.011877,1.248614,17.286465,0.002098,true,true
1531,413,187,0.044503,0.011857,2.403362,33.687457,0.004089,true,true
1532,414,187,0.046913,0.011858,2.363985,33.090687,0.004017,true,true
1535,465,94,0.056814,0.011830,1.233432,16.803569,0.002040,true,true
1536,356,105,0.044072,0.011825,1.400426,19.370427,0.002351,true,true
1539,453,65,0.050037,0.011850,0.808441,10.830954,0.001315,true,true
1538,409,77,0.044934,0.011844,1.013549,13.833030,0.001679,true,true
1537,388,166,0.042575,0.011818,2.102403,29.416919,0.003571,true,true
1540,202,184,0.027459,0.011767,2.261744,31.908384,0.003873,true,true
1541,350,86,0.042911,0.011800,1.090555,14.961670,0.001816,true,true
1542,241,158,0.036313,0.011790,1.940214,27.190073,0.003301,true,true
1543,147,162,0.024417,0.011790,1.957249,27.603257,0.003351,true,true
1545,433,78,0.044682,0.011779,0.951693,12.953256,0.001572,true,true
1544,333,137,0.045068,0.011781,1.690866,23.504050,0.002853,true,true
1549,473,73,0.054260,0.011877,0.955749,12.874390,0.001563,true,true
1550,463,64,0.055288,0.011885,0.804028,10.692940,0.001298,true,true
1548,434,123,0.048349,0.011847,1.587167,21.976252,0.002668,true,true
1547,231,137,0.030676,0.011838,1.777874,24.952167,0.003029,true,true
1546,217,190,0.024361,0.011809,2.419081,34.199589,0.004151,true,true
1551,172,134,0.020346,0.011749,1.640925,23.143897,0.002809,true,true
1553,230,67,0.035657,0.011779,0.832599,11.381333,0.001382,true,true
1554,163,87,0.023530,0.011806,1.142582,15.981451,0.001940,true,true
1552,308,165,0.034921,0.011791,2.117567,29.742792,0.003610,true,true
1556,269,121,0.031653,0.011817,1.474912,20.611536,0.002502,true,true
1555,499,153,0.050765,0.011813,1.900542,26.417120,0.003207,true,true
1558,422,65,0.053355,0.011821,0.905891,12.175276,0.001478,true,true
1557,227,180,0.028575,0.011808,2.280821,32.164890,0.003904,true,true
1559,336,91,0.043011,0.011817,1.167602,16.060565,0.001950,true,true
1560,385,139,0.039452,0.011803,1.732645,24.180910,0.002935,true,true
1561,187,129,0.031059,0.011797,1.583721,22.173952,0.002692,true,true
1562,422,128,0.043567,0.011793,1.606734,22.323988,0.002710,true,true
1565,428,71,0.044934,0.011845,0.928665,12.620793,0.001532,true,true
1563,321,187,0.039504,0.011810,2.365815,33.222629,0.004033,true,true
1566,260,81,0.039563,0.011840,1.013156,13.904128,0.001688,true,true
1564,301,181,0.043348,0.011818,2.303585,32.279015,0.003918,true,true
1567,240,122,0.037993,0.011818,1.540618,21.459359,0.002605,true,true
1568,339,154,0.037425,0.011815,2.015961,28.255969,0.003430,true,true
1569,132,131,0.021331,0.011820,1.711982,24.144617,0.002931,true,true
1571,303,83,0.043038,0.011852,1.141786,15.691496,0.001905,true,true
1570,175,166,0.028936,0.011833,2.140261,30.152359,0.003660,true,true
1574,510,112,0.053783,0.011876,1.475043,20.297373,0.002464,true,true
1573,239,132,0.032980,0.011875,1.742087,24.408184,0.002963,true,true
1575,230,124,0.031289,0.011864,1.567960,21.945579,0.002664,true,true
1572,219,185,0.029316,0.011863,2.391978,33.741773,0.004096,true,true
1578,182,94,0.023312,0.011845,1.124851,15.731357,0.001910,true,true
1576,263,116,0.034962,0.011842,1.445802,20.148559,0.002446,true,true
1577,255,155,0.039300,0.011823,1.969733,27.569000,0.003347,true,true
1580,405,74,0.050540,0.011793,0.911428,12.294555,0.001492,true,true
1579,474,190,0.049310,0.011808,2.524169,35.344075,0.004290,true,true
1581,318,144,0.038176,0.011865,1.903555,26.639940,0.003234,true,true
1582,422,134,0.048279,0.011883,1.754747,24.370501,0.002958,true,true
1584,512,96,0.056987,0.011897,1.222865,16.650196,0.002021,true,true
1583,389,135,0.046234,0.011877,1.741968,24.217201,0.002940,true,true
1585,344,186,0.064880,0.011854,2.362045,32.806384,0.003982,true,true
1589,132,67,0.024662,0.011836,0.912262,12.676041,0.001539,true,true
1587,479,108,0.055765,0.011832,1.466860,20.152196,0.002446,true,true
1590,322,89,0.041683,0.012206,1.397575,19.363835,0.002351,true,true
1586,144,192,0.021246,0.012019,2.718755,38.523803,0.004676,true,true
1588,189,181,0.031864,0.012067,2.536276,35.766132,0.004342,true,true
1592,262,124,0.039244,0.012205,1.749582,24.425765,0.002965,true,true
1591,441,130,0.055003,0.012192,1.865161,25.851319,0.003138,true,true
1593,441,151,0.045510,0.012159,2.034104,28.399616,0.003447,true,true
1597,420,97,0.053092,0.012040,1.208974,16.507445,0.002004,true,true
1596,333,135,0.036274,0.012173,1.709988,23.902737,0.002902,true,true
1595,486,159,0.048941,0.012135,2.043380,28.483072,0.003458,true,true
1594,383,172,0.047169,0.012112,2.243869,31.371617,0.003808,true,true
1598,479,122,0.047737,0.011771,1.521411,21.045905,0.002555,true,true
1599,497,133,0.054493,0.011793,1.652894,22.827158,0.002771,true,true
1600,412,174,0.047739,0.011788,2.179299,30.441334,0.003695,true,true
1601,228,101,0.034121,0.011789,1.279976,17.792361,0.002160,true,true
1602,506,102,0.056364,0.011798,1.287215,17.578101,0.002134,true,true
1603,132,109,0.024867,0.011784,1.350057,18.925380,0.002297,true,true
1604,196,144,0.033201,0.011801,1.868980,26.217225,0.003182,true,true
1606,418,76,0.054052,0.011847,1.018538,13.774076,0.001672,true,true
1605,281,128,0.036228,0.011823,1.676823,23.429741,0.002844,true,true
1607,481,105,0.048454,0.011839,1.328470,18.280231,0.002219,true,true
1608,258,185,0.045573,0.011827,2.395179,33.555314,0.004073,true,true
1609,177,179,0.030309,0.011848,2.337966,32.956226,0.004001,true,true
1612,338,95,0.044645,0.011903,1.256919,17.312783,0.002102,true,true
1611,413,129,0.042979,0.011891,1.693566,23.572446,0.002861,true,true
1610,261,156,0.035944,0.011876,2.047200,28.723251,0.003487,true,true
1613,475,114,0.053782,0.011895,1.443924,19.852973,0.002410,true,true
1614,460,108,0.050153,0.011863,1.319533,18.128344,0.002201,true,true
1615,273,154,0.029358,0.011802,1.964020,27.629393,0.003354,true,true
1617,356,84,0.046106,0.011842,1.081424,14.785631,0.001795,true,true
1616,389,188,0.048443,0.011814,2.378748,33.279675,0.004040,true,true
1619,202,106,0.033545,0.011835,1.350467,18.807291,0.002283,true,true
1618,274,182,0.036430,0.011832,2.275332,31.974329,0.003881,true,true
1620,300,171,0.039284,0.011827,2.168533,30.408343,0.003691,true,true
1622,164,84,0.028648,0.011849,1.103031,15.343530,0.001863,true,true
1621,420,167,0.044184,0.011834,2.119135,29.632888,0.003597,true,true
1623,244,144,0.037945,0.011831,1.826847,25.547757,0.003101,true,true
1624,277,132,0.030815,0.011831,1.648056,23.096221,0.002804,true,true
1625,330,133,0.039036,0.011815,1.683415,23.483791,0.002851,true,true
1627,222,69,0.035924,0.011795,0.865124,11.842002,0.001437,true,true
1628,248,128,0.031637,0.011791,1.763267,24.729839,0.003002,true,true
1626,313,179,0.042616,0.011834,2.507391,35.200063,0.004273,true,true
1629,486,84,0.048385,0.012522,1.402568,19.339427,0.002348,true,true
1631,370,77,0.047174,0.012601,1.247213,17.138052,0.002080,true,true
1632,331,85,0.068307,0.012542,1.329692,18.014158,0.002187,true,true
1630,331,90,0.035655,0.012507,1.429159,19.900972,0.002416,true,true
1633,444,103,0.058022,0.012433,1.489425,20.442236,0.002481,true,true
1636,192,97,0.033201,0.012434,1.283725,17.859039,0.002168,true,true
1637,215,71,0.033209,0.012562,0.945206,13.024455,0.001581,true,true
1634,327,143,0.048197,0.012274,1.957871,27.272524,0.003311,true,true
1635,505,136,0.051693,0.012290,1.827571,25.361746,0.003079,true,true
1638,310,147,0.047968,0.012168,1.921954,26.762870,0.003249,true,true
1639,367,133,0.049509,0.011814,1.714297,23.775261,0.002886,true,true
1640,197,109,0.028505,0.011817,1.387583,19.409328,0.002356,true,true
1642,455,143,0.049031,0.011820,1.765780,24.517325,0.002976,true,true
1641,361,175,0.043636,0.011816,2.183648,30.562048,0.003710,true,true
1643,374,122,0.047150,0.011808,1.595100,22.106658,0.002684,true,true
1647,368,66,0.040610,0.011841,0.885154,12.061150,0.001464,true,true
1645,261,103,0.035371,0.011835,1.371694,19.084359,0.002317,true,true
1646,128,98,0.024353,0.011840,1.285487,18.010571,0.002186,true,true
1644,354,142,0.046334,0.011828,1.888117,26.302974,0.003193,true,true
1649,348,138,0.041757,0.011851,1.819324,25.385883,0.003082,true,true
1648,379,186,0.041443,0.011867,2.521560,35.419169,0.004299,true,true
1650,131,159,0.018816,0.011884,2.147964,30.406897,0.003691,true,true
1651,415,175,0.050806,0.011901,2.352401,32.869652,0.003990,true,true
1652,211,163,0.024742,0.011910,2.161129,30.510280,0.003704,true,true
1654,448,125,0.050974,0.012323,1.871558,26.000206,0.003156,true,true
1653,240,131,0.035293,0.012399,1.984674,27.839597,0.003379,true,true
1655,441,133,0.053508,0.012648,1.971324,27.388819,0.003325,true,true
1657,163,110,0.024613,0.012792,1.597365,22.460863,0.002726,true,true
1656,508,132,0.055937,0.012654,1.938575,26.886430,0.003264,true,true
1661,401,69,0.047139,0.013294,1.087195,14.853298,0.001803,true,true
1660,137,102,0.019799,0.012849,1.525040,21.496717,0.002609,true,true
1658,184,180,0.032445,0.012457,2.515758,35.464812,0.004305,true,true
1662,180,136,0.030524,0.012578,1.874215,26.330211,0.003196,true,true
1664,247,87,0.031703,0.011935,1.127606,15.650861,0.001900,true,true
1659,267,189,0.034906,0.012414,2.593435,36.538997,0.004435,true,true
1665,380,119,0.048695,0.011914,1.485180,20.514807,0.002490,true,true
1663,494,176,0.052249,0.012286,2.298783,32.083301,0.003895,true,true
1666,287,191,0.037026,0.011838,2.286170,32.120595,0.003899,true,true
1667,365,72,0.037566,0.011811,0.985733,13.541013,0.001644,true,true
1669,328,82,0.057558,0.011825,1.039977,14.030176,0.001703,true,true
1668,512,101,0.052093,0.011817,1.292691,17.717297,0.002151,true,true
1670,220,113,0.033149,0.011791,1.381574,19.257191,0.002338,true,true
1671,256,161,0.027865,0.011764,1.986647,27.973859,0.003396,true,true
1672,190,127,0.025950,0.011791,1.634307,22.969356,0.002788,true,true
1673,354,127,0.042842,0.011802,1.615992,22.466549,0.002727,true,true
1674,145,114,0.028507,0.011804,1.430562,20.023090,0.002431,true,true
1675,176,117,0.023587,0.011798,1.439667,20.223391,0.002455,true,true
1676,476,143,0.057847,0.011787,1.755209,24.240452,0.002943,true,true
1677,209,74,0.025770,0.011763,0.990182,13.773013,0.001672,true,true
1678,409,95,0.042822,0.011797,1.216000,16.754454,0.002034,true,true
1680,154,119,0.026934,0.011792,1.418332,19.870909,0.002412,true,true
1679,454,140,0.048133,0.011789,1.705508,23.669392,0.002873,true,true
1682,213,134,0.030868,0.011800,1.676461,23.501123,0.002853,true,true
1681,248,175,0.027127,0.011800,2.208332,31.150330,0.003781,true,true
1683,330,126,0.037168,0.011823,1.584555,22.098620,0.002683,true,true
1684,149,185,0.051062,0.011822,2.325251,32.478273,0.003943,true,true
1685,207,159,0.034199,0.011828,1.978438,27.766165,0.003371,true,true
1686,255,104,0.035420,0.011823,1.300877,18.072306,0.002194,true,true
1687,479,150,0.056051,0.011811,1.906729,26.430000,0.003208,true,true
1688,448,79,0.051486,0.011827,1.071996,14.574160,0.001769,true,true
1689,458,103,0.066550,0.011821,1.324404,17.963734,0.002181,true,true
1690,182,96,0.027936,0.011790,1.248918,17.437143,0.002117,true,true
1691,290,152,0.031317,0.011802,1.947761,27.369218,0.003322,true,true
1692,352,113,0.038326,0.011827,1.499572,20.868422,0.002533,true,true
1694,256,74,0.034687,0.011847,0.974653,13.423883,0.001630,true,true
1693,321,155,0.061167,0.011831,2.065081,28.618399,0.003474,true,true
1695,352,139,0.046754,0.011850,1.799789,25.035521,0.003039,true,true
1696,378,112,0.049792,0.011850,1.444082,19.912201,0.002417,true,true
1698,367,134,0.047999,0.011859,1.766276,24.539154,0.002979,true,true
1697,406,153,0.051617,0.011860,2.033124,28.298392,0.003435,true,true
1699,434,105,0.051534,0.011871,1.400715,19.268000,0.002339,true,true
1701,262,157,0.034573,0.011859,1.974675,27.707086,0.003363,true,true
1700,207,179,0.039303,0.011857,2.268328,31.833271,0.003864,true,true
1702,454,161,0.050635,0.011850,1.991129,27.712677,0.003364,true,true
1703,137,157,0.023869,0.011834,1.991397,28.098765,0.003411,true,true
1704,250,146,0.037047,0.011847,1.980513,27.755129,0.003369,true,true
1709,395,81,0.044505,0.011930,1.021199,13.948403,0.001693,true,true
1705,465,163,0.048595,0.011885,2.178800,30.421979,0.003693,true,true
1710,194,109,0.044514,0.011919,1.357421,18.749949,0.002276,true,true
1706,477,191,0.049844,0.011887,2.486557,34.799306,0.004224,true,true
1707,206,136,0.034047,0.011908,1.796341,25.167764,0.003055,true,true
1708,456,146,0.050966,0.011896,1.918946,26.677091,0.003238,true,true
1711,231,91,0.026460,0.011829,1.241862,17.357472,0.002107,true,true
1712,178,72,0.024272,0.011810,0.992698,13.830334,0.001679,true,true
1715,241,82,0.076485,0.011829,1.034661,13.683955,0.001661,true,true
1714,487,129,0.054205,0.011831,1.635983,22.589772,0.002742,true,true
1713,326,189,0.037110,0.011819,2.374850,33.385844,0.004053,true,true
1716,234,189,0.069885,0.011817,2.330566,32.285341,0.003919,true,true
1717,168,183,0.025260,0.011789,2.244388,31.691921,0.003847,true,true
1718,159,156,0.028296,0.011789,1.959799,27.584284,0.003348,true,true
1719,340,158,0.043403,0.011801,1.965001,27.442811,0.003331,true,true
1721,503,82,0.053190,0.011815,1.030082,13.951242,0.001694,true,true
1720,157,132,0.025806,0.011801,1.641526,23.074499,0.002801,true,true
1722,167,119,0.024616,0.011734,1.409237,19.774111,0.002400,true,true
1723,177,89,0.020792,0.011751,1.135962,15.926015,0.001933,true,true
1725,397,127,0.042993,0.011818,1.602119,22.266272,0.002703,true,true
1724,400,162,0.048751,0.011824,2.111410,29.457349,0.003576,true,true
1726,219,170,0.034836,0.011833,2.128512,29.900317,0.003630,true,true
1727,454,155,0.055834,0.011840,1.951599,27.073905,0.003286,true,true
1728,487,173,0.052824,0.011830,2.191772,30.546842,0.003708,true,true
1729,213,110,0.034520,0.011821,1.403181,19.546191,0.002373,true,true
1730,386,150,0.041106,0.011806,1.840912,25.703480,0.003120,true,true
1731,401,177,0.042413,0.011792,2.148535,30.078061,0.003651,true,true
1732,289,147,0.039256,0.011771,1.793118,25.047348,0.003040,true,true
1733,339,174,0.037547,0.011784,2.183803,30.651209,0.003721,true,true
1734,293,125,0.041246,0.011803,1.618374,22.523354,0.002734,true,true
1735,237,160,0.029924,0.011815,1.996021,28.078317,0.003408,true,true
1736,509,129,0.050726,0.011821,1.600830,22.137424,0.002687,true,true
1737,359,178,0.042312,0.011796,2.146678,30.052978,0.003648,true,true
1738,128,72,0.021824,0.011747,0.855873,11.911266,0.001446,true,true
1739,433,68,0.043633,0.011771,0.888986,12.072689,0.001465,true,true
1740,282,65,0.038178,0.011778,0.818480,11.143694,0.001353,true,true
1741,241,118,0.027352,0.011759,1.420514,19.896098,0.002415,true,true
1742,139,134,0.017816,0.011749,1.685985,23.823538,0.002892,true,true
1743,389,103,0.043845,0.011810,1.342038,18.539817,0.002251,true,true
1744,363,155,0.043496,0.011821,1.992661,27.836503,0.003379,true,true
1745,263,157,0.034247,0.011823,1.978798,27.770622,0.003371,true,true
1747,281,87,0.035027,0.011831,1.094887,15.136124,0.001837,true,true
1746,255,123,0.034667,0.011829,1.599747,22.351290,0.002713,true,true
1748,419,119,0.045203,0.011819,1.513608,20.970665,0.002546,true,true
1749,498,147,0.059120,0.011796,1.853509,25.626114,0.003111,true,true
1751,481,88,0.050719,0.011803,1.107628,15.093986,0.001832,true,true
1752,281,73,0.041447,0.011812,0.989805,13.543734,0.001644,true,true
1750,216,188,0.028236,0.011797,2.410131,34.016440,0.004129,true,true
1754,156,149,0.031857,0.011808,1.837575,25.787913,0.003130,true,true
1753,423,161,0.053739,0.011809,2.020214,28.083733,0.003409,true,true
1755,350,170,0.043432,0.011803,2.103895,29.425988,0.003572,true,true
1756,189,122,0.031938,0.011811,1.680973,23.550295,0.002859,true,true
1757,436,66,0.048552,0.011813,0.992473,13.480383,0.001636,true,true
1759,396,74,0.062926,0.011898,1.069051,14.368729,0.001744,true,true
1760,417,102,0.043178,0.011899,1.340400,18.525951,0.002249,true,true
1761,485,120,0.060033,0.011889,1.521900,20.877288,0.002534,true,true
1758,451,161,0.050494,0.011879,2.128985,29.683445,0.003603,true,true
1762,472,164,0.047855,0.011864,2.086632,29.116276,0.003534,true,true
1763,432,87,0.053207,0.011844,1.248196,17.065937,0.002072,true,true
1765,300,85,0.038911,0.011852,1.149504,15.860661,0.001925,true,true
1766,509,76,0.061658,0.011864,1.016070,13.630202,0.001655,true,true
1767,262,85,0.036513,0.011845,1.106049,15.274310,0.001854,true,true
1764,276,164,0.039937,0.011838,2.200770,30.859405,0.003746,true,true
1768,350,97,0.044350,0.011830,1.264511,17.425431,0.002115,true,true
1769,374,114,0.039300,0.011864,1.653843,23.057700,0.002799,true,true
1770,461,114,0.046428,0.011897,1.618551,22.451877,0.002725,true,true
1773,422,86,0.048446,0.011952,1.171015,16.031685,0.001946,true,true
1776,463,70,0.051118,0.011946,0.899505,12.116034,0.001471,true,true
1771,504,127,0.050626,0.011929,1.755574,24.348778,0.002956,true,true
1772,264,174,0.035044,0.011910,2.332505,32.810612,0.003983,true,true
1775,225,146,0.036542,0.011911,1.897674,26.579297,0.003226,true,true
1774,339,172,0.035895,0.011909,2.231492,31.355872,0.003806,true,true
1778,354,101,0.042574,0.011838,1.295736,17.896719,0.002172,true,true
1777,214,153,0.034233,0.011841,1.939919,27.215585,0.003304,true,true
1779,247,115,0.028596,0.011817,1.418056,19.843239,0.002409,true,true
1780,207,85,0.029867,0.011798,1.039730,14.422115,0.001751,true,true
1781,155,126,0.024553,0.011773,1.496151,21.016252,0.002551,true,true
1784,369,69,0.041663,0.011882,0.984823,13.469505,0.001635,true,true
1783,483,92,0.068057,0.011874,1.321700,17.903588,0.002173,true,true
1782,203,137,0.074957,0.011888,1.977506,27.170779,0.003298,true,true
1785,506,118,0.055356,0.011939,1.791023,24.787491,0.003009,true,true
1786,395,130,0.040954,0.011954,1.881603,26.286771,0.003191,true,true
1787,446,100,0.056301,0.011975,1.495598,20.554962,0.002495,true,true
1788,470,68,0.057231,0.012015,1.069038,14.449874,0.001754,true,true
1789,467,75,0.058222,0.012014,1.153917,15.647896,0.001899,true,true
1792,463,66,0.076511,0.012014,0.950493,12.481555,0.001515,true,true
1790,158,136,0.025522,0.011947,1.843093,25.957184,0.003151,true,true
1791,484,133,0.057501,0.011942,1.790479,24.749096,0.003004,true,true
1793,466,133,0.088688,0.011942,1.728779,23.422547,0.002843,true,true
1794,465,156,0.049946,0.011844,1.902923,26.462830,0.003212,true,true
1795,137,138,0.019909,0.011788,1.714680,24.203453,0.002938,true,true
1797,322,89,0.042028,0.011792,1.079734,14.819734,0.001799,true,true
1796,460,162,0.057328,0.011816,2.242746,31.210492,0.003789,true,true
1798,376,86,0.041327,0.011898,1.293570,17.883586,0.002171,true,true
1800,492,69,0.052327,0.011953,1.017873,13.789199,0.001674,true,true
1802,329,104,0.035106,0.011935,1.342247,18.667607,0.002266,true,true
1801,399,142,0.072627,0.011924,1.866059,25.612459,0.003109,true,true
1804,282,124,0.039835,0.011915,1.505430,20.930525,0.002541,true,true
1799,384,181,0.048132,0.011903,2.392353,33.478403,0.004064,true,true
1803,478,154,0.073555,0.011904,1.925071,26.441963,0.003210,true,true
1805,384,134,0.039261,0.011764,1.648873,22.987263,0.002790,true,true
1806,448,129,0.047269,0.011782,1.605116,22.248009,0.002701,true,true
1807,143,135,0.023442,0.011810,1.778766,25.068221,0.003043,true,true
1808,302,164,0.033389,0.011833,2.125441,29.877109,0.003627,true,true
1811,421,103,0.043663,0.011894,1.352760,18.695542,0.002269,true,true
1810,475,122,0.058411,0.011883,1.634744,22.512006,0.002733,true,true
1809,172,161,0.025593,0.011859,2.108924,29.752574,0.003612,true,true
1813,195,116,0.031390,0.011858,1.438033,20.088618,0.002439,true,true
1812,287,148,0.033671,0.011860,1.872881,26.266209,0.003188,true,true
1814,425,115,0.045487,0.011818,1.446327,20.005745,0.002428,true,true
1815,286,98,0.042065,0.011801,1.274626,17.602512,0.002137,true,true
1818,202,71,0.027469,0.011813,0.889648,12.312992,0.001495,true,true
1816,202,104,0.031239,0.011817,1.441467,20.139814,0.002445,true,true
1817,413,94,0.047185,0.011822,1.297926,17.862137,0.002168,true,true
1821,224,91,0.036020,0.011862,1.192455,16.515332,0.002005,true,true
1820,509,134,0.057877,0.011893,1.845259,25.526053,0.003099,true,true
1822,141,132,0.018728,0.011895,1.740103,24.583385,0.002984,true,true
1824,246,70,0.036463,0.011944,0.985883,13.558908,0.001646,true,true
1819,339,169,0.046365,0.011892,2.333747,32.666679,0.003965,true,true
1823,441,123,0.047641,0.011916,1.653620,22.935379,0.002784,true,true
1827,319,111,0.044991,0.011868,1.431478,19.800769,0.002404,true,true
1825,480,186,0.052156,0.011896,2.411301,33.691547,0.004090,true,true
1826,437,184,0.048006,0.011895,2.339301,32.722552,0.003972,true,true
1829,226,121,0.027326,0.011840,1.465193,20.534542,0.002493,true,true
1830,135,133,0.028071,0.011835,1.616849,22.689734,0.002754,true,true
1828,379,185,0.040521,0.011820,2.284132,32.041565,0.003889,true,true
1831,241,115,0.034366,0.011763,1.394686,19.427066,0.002358,true,true
1832,161,109,0.027863,0.011738,1.295550,18.104150,0.002198,true,true
1834,362,127,0.043232,0.011816,1.621689,22.542335,0.002736,true,true
1833,352,189,0.036406,0.011799,2.381544,33.491500,0.004065,true,true
1836,329,73,0.040629,0.011850,0.930845,12.713400,0.001543,true,true
1835,149,161,0.029880,0.011814,2.009748,28.274993,0.003432,true,true
1839,330,74,0.043751,0.011835,0.984174,13.430417,0.001630,true,true
1837,359,180,0.041358,0.011820,2.286328,32.060972,0.003892,true,true
1838,149,126,0.021983,0.011815,1.609805,22.676074,0.002753,true,true
1840,392,76,0.041428,0.011839,0.965824,13.201522,0.001603,true,true
1841,353,165,0.043745,0.011812,2.062996,28.837426,0.003501,true,true
1843,278,77,0.031975,0.011806,0.952042,13.139711,0.001595,true,true
1842,274,182,0.034416,0.011792,2.280025,32.070108,0.003893,true,true
1845,359,87,0.047071,0.011798,1.083189,14.797069,0.001796,true,true
1844,200,182,0.023751,0.011787,2.215815,31.305427,0.003800,true,true
1846,185,110,0.029207,0.011791,1.430885,20.017726,0.002430,true,true
1847,484,98,0.053273,0.011815,1.267611,17.342263,0.002105,true,true
1849,360,115,0.059369,0.011820,1.473393,20.194036,0.002451,true,true
1848,293,179,0.034949,0.011828,2.351789,33.087377,0.004016,true,true
1851,460,105,0.052780,0.011852,1.393087,19.141264,0.002324,true,true
1850,174,128,0.025712,0.011847,1.723690,24.249247,0.002944,true,true
1852,191,87,0.031959,0.011882,1.212921,16.865612,0.002047,true,true
1856,322,75,0.042578,0.011880,0.976397,13.336095,0.001619,true,true
1855,389,104,0.045094,0.011879,1.357075,18.736726,0.002274,true,true
1853,358,156,0.043689,0.011883,2.062436,28.830219,0.003500,true,true
1854,490,162,0.059773,0.011880,2.100636,29.146073,0.003538,true,true
1857,299,102,0.043458,0.011824,1.353815,18.713529,0.002272,true,true
1858,202,109,0.025709,0.011821,1.395403,19.560944,0.002374,true,true
1861,220,94,0.035723,0.011804,1.133535,15.678126,0.001903,true,true
1859,154,171,0.020935,0.011806,2.155876,30.489626,0.003701,true,true
1862,231,64,0.026831,0.011814,0.799050,11.028263,0.001339,true,true
1860,501,178,0.051311,0.011810,2.259039,31.529118,0.003827,true,true
1863,257,67,0.028002,0.011801,0.884925,12.237928,0.001486,true,true
1864,383,65,0.044222,0.011797,0.884598,12.001612,0.001457,true,true
1867,354,84,0.040169,0.011830,1.038788,14.261526,0.001731,true,true
1865,380,124,0.039089,0.011825,1.593376,22.197162,0.002694,true,true
1868,131,126,0.022632,0.011817,1.551932,21.840312,0.002651,true,true
1866,465,185,0.057672,0.011817,2.337558,32.559620,0.003952,true,true
1870,203,78,0.032014,0.011795,0.958282,13.228266,0.001606,true,true
1869,270,117,0.034002,0.011782,1.441796,20.105059,0.002441,true,true
1871,146,101,0.028469,0.011763,1.296508,18.109184,0.002198,true,true
1873,172,76,0.026779,0.011806,0.981008,13.627594,0.001654,true,true
1874,219,105,0.029079,0.011812,1.301780,18.175762,0.002206,true,true
1872,469,140,0.054526,0.011806,1.784739,24.709603,0.002999,true,true
1875,440,109,0.046318,0.011804,1.321123,18.205820,0.002210,true,true
1876,511,156,0.050593,0.011765,1.928514,26.819061,0.003256,true,true
1878,322,81,0.038952,0.011792,1.046300,14.386190,0.001746,true,true
1877,175,140,0.023471,0.011791,1.789029,25.214371,0.003061,true,true
1879,409,80,0.041886,0.011799,1.025382,14.045551,0.001705,true,true
1880,196,95,0.032765,0.011793,1.210560,16.820379,0.002042,true,true
1882,396,117,0.042573,0.011854,1.590419,22.105172,0.002683,true,true
1881,268,148,0.034770,0.011842,1.988643,27.903757,0.003387,true,true
1883,441,78,0.045442,0.011906,1.135451,15.566693,0.001890,true,true
1884,501,86,0.060874,0.011904,1.196310,16.215441,0.001968,true,true
1885,480,137,0.051001,0.011868,1.740793,24.132351,0.002929,true,true
1886,290,130,0.041654,0.011853,1.615571,22.477498,0.002729,true,true
1887,447,154,0.048280,0.011821,1.946620,27.110671,0.003291,true,true
1891,227,64,0.026143,0.011884,0.838352,11.599357,0.001408,true,true
1890,220,123,0.026801,0.011856,1.561961,21.924004,0.002661,true,true
1888,442,191,0.048540,0.011847,2.489655,34.862163,0.004232,true,true
1892,366,94,0.048287,0.011886,1.211136,16.606934,0.002016,true,true
1889,451,191,0.045643,0.011853,2.508900,35.178377,0.004270,true,true
1893,234,170,0.035203,0.011894,2.275028,31.987497,0.003883,true,true
1895,454,118,0.072128,0.011904,1.596828,21.774625,0.002643,true,true
1894,298,153,0.037628,0.011894,2.043569,28.647337,0.003477,true,true
1896,231,136,0.066428,0.011901,1.804985,24.828775,0.003014,true,true
1897,162,142,0.022179,0.011897,1.812226,25.564106,0.003103,true,true
1900,498,71,0.052976,0.011897,0.885734,11.892831,0.001444,true,true
1898,409,146,0.050948,0.011893,1.871769,26.003599,0.003157,true,true
1899,186,149,0.033378,0.011839,1.860290,26.090586,0.003167,true,true
1901,227,148,0.030767,0.011763,1.806989,25.366672,0.003079,true,true
1902,472,186,0.050001,0.011784,2.293136,32.034762,0.003889,true,true
1903,146,98,0.029129,0.011798,1.218549,16.986400,0.002062,true,true
1904,449,181,0.051840,0.011806,2.253063,31.436221,0.003816,true,true
1906,339,78,0.037254,0.011821,0.977579,13.429016,0.001630,true,true
1905,402,149,0.041221,0.011805,1.870847,26.129349,0.003172,true,true
1907,281,144,0.040940,0.011788,1.798592,25.101457,0.003047,true,true
1908,137,117,0.018252,0.011791,1.472605,20.769973,0.002521,true,true
1910,204,135,0.031950,0.011803,1.690942,23.692477,0.002876,true,true
1909,297,154,0.043049,0.011804,1.949741,27.229943,0.003305,true,true
1911,301,160,0.041847,0.011815,2.017124,28.209419,0.003424,true,true
1914,289,72,0.032709,0.011828,0.892834,12.283658,0.001491,true,true
1913,187,142,0.022211,0.011816,1.739361,24.523056,0.002977,true,true
1912,212,163,0.033395,0.011812,2.053188,28.845163,0.003501,true,true
1915,172,191,0.024602,0.011793,2.353093,33.253763,0.004037,true,true
1916,318,179,0.037864,0.011788,2.208681,31.001990,0.003763,true,true
1917,282,119,0.030587,0.011802,1.465718,20.495463,0.002488,true,true
1918,217,92,0.024745,0.011803,1.116926,15.597716,0.001893,true,true
1919,147,115,0.020784,0.011780,1.400363,19.702115,0.002392,true,true
1920,355,70,0.048090,0.011745,0.897744,12.134121,0.001473,true,true
1921,384,103,0.048326,0.011785,1.311837,18.044518,0.002190,true,true
1922,375,143,0.040144,0.011784,1.794458,25.053801,0.003041,true,true
1923,201,89,0.034374,0.011790,1.129933,15.645952,0.001899,true,true
1924,392,97,0.047853,0.011913,1.419876,19.594193,0.002379,true,true
1927,150,86,0.057118,0.011953,1.224781,16.675689,0.002024,true,true
1926,395,93,0.040835,0.011950,1.310306,18.129632,0.002201,true,true
1928,151,90,0.026408,0.011963,1.224306,17.107477,0.002077,true,true
1930,287,117,0.067595,0.011968,1.562372,21.347288,0.002591,true,true
1925,146,181,0.021950,0.011913,2.426975,34.346759,0.004169,true,true
1934,186,67,0.029350,0.011899,0.814690,11.215642,0.001361,true,true
1929,465,143,0.048388,0.011950,1.882485,26.193199,0.003180,true,true
1931,226,137,0.030236,0.011949,1.736615,24.369226,0.002958,true,true
1933,267,102,0.033904,0.011867,1.254090,17.425790,0.002115,true,true
1932,291,176,0.042506,0.011894,2.174311,30.444837,0.003696,true,true
1935,414,90,0.041938,0.011831,1.249532,17.245946,0.002093,true,true
1938,215,82,0.024590,0.011866,1.035253,14.433530,0.001752,true,true
1936,307,145,0.040932,0.011846,1.869017,26.107345,0.003169,true,true
1937,488,136,0.049096,0.011851,1.722734,23.901647,0.002901,true,true
1939,301,177,0.035763,0.011841,2.255616,31.702276,0.003848,true,true
1940,142,184,0.027433,0.011841,2.312571,32.634629,0.003961,true,true
1941,153,91,0.028086,0.011824,1.191762,16.618743,0.002017,true,true
1942,172,173,0.030294,0.011833,2.193740,30.896714,0.003751,true,true
1943,488,178,0.054320,0.011839,2.229389,31.062706,0.003771,true,true
1944,287,149,0.032467,0.011834,1.832952,25.713181,0.003121,true,true
1945,493,84,0.058233,0.011846,1.041437,14.041389,0.001704,true,true
1946,366,97,0.037655,0.011828,1.278542,17.721410,0.002151,true,true
1949,242,100,0.032073,0.011839,1.248702,17.374983,0.002109,true,true
1947,485,183,0.048967,0.011835,2.304512,32.211997,0.003910,true,true
1948,286,183,0.040067,0.011835,2.265106,31.776348,0.003857,true,true
1950,443,130,0.048289,0.011814,1.606510,22.253349,0.002701,true,true
1951,328,110,0.044587,0.011775,1.374817,18.997352,0.002306,true,true
1952,468,148,0.054805,0.011802,1.878549,26.045344,0.003162,true,true
1953,294,180,0.039103,0.011833,2.361287,33.163692,0.004026,true,true
1954,161,185,0.030471,0.011854,2.396482,33.789597,0.004102,true,true
1955,373,182,0.044251,0.011855,2.336582,32.737341,0.003974,true,true
1957,193,90,0.033806,0.011892,1.187263,16.472814,0.002000,true,true
1958,493,91,0.059808,0.011894,1.216957,16.525532,0.002006,true,true
1959,460,82,0.051589,0.011889,1.090524,14.837290,0.001801,true,true
1956,272,153,0.037574,0.011872,2.035249,28.529296,0.003463,true,true
1961,339,125,0.036463,0.011805,1.541719,21.496933,0.002609,true,true
1962,408,104,0.052264,0.011814,1.269075,17.377578,0.002109,true,true
1960,400,182,0.043644,0.011805,2.257072,31.610513,0.003837,true,true
1963,324,80,0.033908,0.011774,1.048375,14.487859,0.001759,true,true
1964,483,174,0.049744,0.011817,2.276691,31.803581,0.003861,true,true
1966,248,108,0.037062,0.011865,1.473505,20.514196,0.002490,true,true
1965,350,151,0.037607,0.011856,2.078572,29.147533,0.003538,true,true
1970,335,81,0.039772,0.011923,1.109867,15.282295,0.001855,true,true
1973,199,64,0.026111,0.011931,0.824325,11.399496,0.001384,true,true
1972,458,79,0.050855,0.011934,1.051032,14.283771,0.001734,true,true
1968,433,182,0.051927,0.011923,2.458215,34.364795,0.004172,true,true
1967,167,188,0.021631,0.011921,2.542709,36.004145,0.004371,true,true
1969,177,177,0.030366,0.011925,2.393327,33.746047,0.004096,true,true
1971,478,161,0.048264,0.011925,2.168795,30.283841,0.003676,true,true
1974,466,102,0.056977,0.011916,1.405210,19.254448,0.002337,true,true
1976,356,114,0.048136,0.011860,1.466611,20.257584,0.002459,true,true
1975,277,163,0.036054,0.011874,2.074722,29.114719,0.003534,true,true
1977,290,140,0.035272,0.011847,1.765647,24.711916,0.003000,true,true
1978,475,141,0.052524,0.011825,1.744226,24.159620,0.002933,true,true
1979,350,152,0.042439,0.011755,1.817429,25.349067,0.003077,true,true
1980,426,66,0.043009,0.011761,0.847163,11.484327,0.001394,true,true
1982,278,79,0.038947,0.011898,1.172049,16.182104,0.001964,true,true
1985,272,71,0.057903,0.011940,1.027273,13.843816,0.001680,true,true
1981,389,167,0.044562,0.011839,2.280909,31.937823,0.003877,true,true
1983,409,77,0.087134,0.011940,1.157391,15.284608,0.001855,true,true
1984,414,155,0.086734,0.011931,2.158965,29.594046,0.003592,true,true
1986,487,164,0.055376,0.011933,2.157584,30.022148,0.003644,true,true
1988,350,118,0.046138,0.011925,1.513366,20.953858,0.002544,true,true
1989,371,99,0.041266,0.011915,1.266243,17.494205,0.002124,true,true
1987,492,161,0.054653,0.011919,2.093389,29.115696,0.003534,true,true
1990,324,156,0.042406,0.011855,1.903277,26.575569,0.003226,true,true
1991,206,137,0.032331,0.011765,1.632328,22.849965,0.002774,true,true
1993,164,68,0.029802,0.011795,0.858706,11.837791,0.001437,true,true
1992,471,96,0.047024,0.011793,1.225640,16.832115,0.002043,true,true
1994,377,175,0.049559,0.011778,2.156909,30.095598,0.003653,true,true
1995,197,85,0.029831,0.011768,1.053688,14.621963,0.001775,true,true
1996,340,180,0.038456,0.011791,2.271316,31.888036,0.003871,true,true
1997,484,172,0.048905,0.011823,2.144676,29.930235,0.003633,true,true
1998,360,172,0.045918,0.011823,2.104617,29.400794,0.003569,true,true
1999,358,162,0.047902,0.011813,1.949796,27.161431,0.003297,true,true
