label,policy,hour,requests,workload,seed,lambda,n_finished,mean_ttft_s,p99_ttft_s,mean_tpot_s,p99_tpot_s,mean_e2e_s,slo_attainment,total_energy_kwh,total_carbon_kg,wall_ms
LATENCY_GREEDY-h0-short-s43,LATENCY_GREEDY,0,500,short,43,0.0050,500,0.0404,0.0602,0.012226,0.012428,2.0231,1.0000,0.004131,0.032084,150
LATENCY_GREEDY-h0-short-s44,LATENCY_GREEDY,0,500,short,44,0.0050,500,0.0405,0.0593,0.012160,0.012298,1.9429,1.0000,0.003963,0.030198,157
LATENCY_GREEDY-h0-short-s45,LATENCY_GREEDY,0,500,short,45,0.0050,500,0.0401,0.0600,0.012134,0.012326,1.9471,1.0000,0.003973,0.030366,165
LATENCY_GREEDY-h0-short-s42,LATENCY_GREEDY,0,500,short,42,0.0050,500,0.0388,0.0597,0.012147,0.012331,1.9484,1.0000,0.003978,0.029898,165
LATENCY_GREEDY-h0-short-s46,LATENCY_GREEDY,0,500,short,46,0.0050,500,0.0395,0.0605,0.012150,0.012340,1.9564,1.0000,0.003993,0.030913,174
LATENCY_GREEDY-h0-short-s47,LATENCY_GREEDY,0,500,short,47,0.0050,500,0.0394,0.0605,0.012175,0.012372,1.9657,1.0000,0.004013,0.030970,164
LATENCY_GREEDY-h0-short-s48,LATENCY_GREEDY,0,500,short,48,0.0050,500,0.0388,0.0607,0.012179,0.012349,1.9750,1.0000,0.004034,0.030894,164
LATENCY_GREEDY-h0-short-s49,LATENCY_GREEDY,0,500,short,49,0.0050,500,0.0404,0.0600,0.012204,0.012460,2.0156,1.0000,0.004115,0.031835,172
LATENCY_GREEDY-h0-short-s52,LATENCY_GREEDY,0,500,short,52,0.0050,500,0.0401,0.0601,0.012185,0.012439,2.0055,1.0000,0.004095,0.031744,169
LATENCY_GREEDY-h0-short-s51,LATENCY_GREEDY,0,500,short,51,0.0050,500,0.0395,0.0597,0.012186,0.012406,2.0204,1.0000,0.004127,0.031948,170
LATENCY_GREEDY-h0-short-s50,LATENCY_GREEDY,0,500,short,50,0.0050,500,0.0389,0.0598,0.012175,0.012460,1.9883,1.0000,0.004061,0.030967,168
LATENCY_GREEDY-h0-short-s53,LATENCY_GREEDY,0,500,short,53,0.0050,500,0.0399,0.0610,0.012150,0.012313,1.9251,1.0000,0.003928,0.029693,166
LATENCY_GREEDY-h0-short-s55,LATENCY_GREEDY,0,500,short,55,0.0050,500,0.0397,0.0590,0.012237,0.012456,2.0979,1.0000,0.004288,0.032423,173
LATENCY_GREEDY-h0-short-s57,LATENCY_GREEDY,0,500,short,57,0.0050,500,0.0397,0.0605,0.012229,0.012442,2.0222,1.0000,0.004130,0.030761,174
LATENCY_GREEDY-h0-short-s54,LATENCY_GREEDY,0,500,short,54,0.0050,500,0.0393,0.0593,0.012164,0.012329,2.0130,1.0000,0.004112,0.030937,175
LATENCY_GREEDY-h0-short-s56,LATENCY_GREEDY,0,500,short,56,0.0050,500,0.0393,0.0610,0.012173,0.012369,1.9873,1.0000,0.004058,0.030310,178
LATENCY_GREEDY-h0-short-s60,LATENCY_GREEDY,0,500,short,60,0.0050,500,0.0391,0.0601,0.012126,0.012310,1.9338,1.0000,0.003947,0.030048,163
LATENCY_GREEDY-h0-short-s58,LATENCY_GREEDY,0,500,short,58,0.0050,500,0.0387,0.0598,0.012157,0.012342,1.9950,1.0000,0.004076,0.030896,176
LATENCY_GREEDY-h0-short-s59,LATENCY_GREEDY,0,500,short,59,0.0050,500,0.0396,0.0606,0.012164,0.012370,1.9961,1.0000,0.004076,0.030629,184
LATENCY_GREEDY-h0-short-s61,LATENCY_GREEDY,0,500,short,61,0.0050,500,0.0395,0.0589,0.012178,0.012342,1.9674,1.0000,0.004016,0.031098,183
CARBON_AWARE-h0-short-s42,CARBON_AWARE,0,500,short,42,0.0050,500,0.7685,2.1471,0.016585,0.018131,4.2372,0.5940,0.007435,0.004350,174
CARBON_AWARE-h0-short-s43,CARBON_AWARE,0,500,short,43,0.0050,500,0.9863,2.6192,0.016764,0.018131,4.4956,0.5240,0.007519,0.004615,167
CARBON_AWARE-h0-short-s45,CARBON_AWARE,0,500,short,45,0.0050,500,0.7066,1.9542,0.016381,0.018131,4.2316,0.6280,0.007552,0.004344,169
CARBON_AWARE-h0-short-s44,CARBON_AWARE,0,500,short,44,0.0050,500,0.7578,2.2931,0.016604,0.018131,4.2913,0.6440,0.007570,0.004406,172
CARBON_AWARE-h0-short-s47,CARBON_AWARE,0,500,short,47,0.0050,500,0.8256,2.3323,0.016606,0.018131,4.2917,0.5920,0.007429,0.004406,172
CARBON_AWARE-h0-short-s48,CARBON_AWARE,0,500,short,48,0.0050,500,0.8717,2.4354,0.016683,0.018131,4.3142,0.5420,0.007380,0.004429,168
CARBON_AWARE-h0-short-s49,CARBON_AWARE,0,500,short,49,0.0050,500,0.9453,2.5465,0.016768,0.018131,4.5191,0.5320,0.007654,0.004639,170
CARBON_AWARE-h0-short-s46,CARBON_AWARE,0,500,short,46,0.0050,500,0.7587,2.2535,0.016560,0.018131,4.2856,0.6000,0.007556,0.004400,186
CARBON_AWARE-h0-short-s52,CARBON_AWARE,0,500,short,52,0.0050,500,0.8359,2.4357,0.016627,0.018131,4.4198,0.6040,0.007675,0.004537,176
CARBON_AWARE-h0-short-s53,CARBON_AWARE,0,500,short,53,0.0050,500,0.7807,2.1151,0.016651,0.018131,4.2672,0.5740,0.007472,0.004381,179
CARBON_AWARE-h0-short-s51,CARBON_AWARE,0,500,short,51,0.0050,500,0.8541,2.5746,0.016580,0.018131,4.4082,0.5600,0.007613,0.004526,181
CARBON_AWARE-h0-short-s50,CARBON_AWARE,0,500,short,50,0.0050,500,0.8661,2.5131,0.016734,0.018131,4.3755,0.5500,0.007520,0.004492,183
CARBON_AWARE-h0-short-s57,CARBON_AWARE,0,500,short,57,0.0050,500,0.9961,2.6278,0.016823,0.018131,4.5129,0.5300,0.007535,0.004633,191
CARBON_AWARE-h0-short-s54,CARBON_AWARE,0,500,short,54,0.0050,500,0.7948,2.1471,0.016637,0.018131,4.3735,0.6000,0.007664,0.004490,187
CARBON_AWARE-h0-short-s56,CARBON_AWARE,0,500,short,56,0.0050,500,0.8282,2.3518,0.016566,0.018131,4.3345,0.5760,0.007513,0.004450,195
CARBON_AWARE-h0-short-s55,CARBON_AWARE,0,500,short,55,0.0050,500,1.0249,2.5921,0.016817,0.018131,4.6508,0.5240,0.007762,0.004775,203
CARBON_AWARE-h0-short-s59,CARBON_AWARE,0,500,short,59,0.0050,500,0.7961,2.1920,0.016606,0.018131,4.3487,0.5860,0.007610,0.004465,169
CARBON_AWARE-h0-short-s60,CARBON_AWARE,0,500,short,60,0.0050,500,0.6746,1.9408,0.016429,0.018131,4.1748,0.6460,0.007500,0.004286,168
CARBON_AWARE-h0-short-s58,CARBON_AWARE,0,500,short,58,0.0050,500,0.7995,2.1724,0.016534,0.018131,4.3342,0.5820,0.007572,0.004450,166
CARBON_AWARE-h0-short-s61,CARBON_AWARE,0,500,short,61,0.0050,500,0.8193,2.4160,0.016586,0.018131,4.3057,0.5880,0.007472,0.004420,169
BLENDED-h0-short-s45,BLENDED,0,500,short,45,0.0050,500,0.7066,1.9542,0.016381,0.018131,4.2316,0.6280,0.007552,0.004344,162
BLENDED-h0-short-s42,BLENDED,0,500,short,42,0.0050,500,0.7685,2.1471,0.016585,0.018131,4.2372,0.5940,0.007435,0.004350,185
BLENDED-h0-short-s44,BLENDED,0,500,short,44,0.0050,500,0.7578,2.2931,0.016604,0.018131,4.2913,0.6440,0.007570,0.004406,193
BLENDED-h0-short-s43,BLENDED,0,500,short,43,0.0050,500,0.9863,2.6192,0.016764,0.018131,4.4956,0.5240,0.007519,0.004615,193
BLENDED-h0-short-s48,BLENDED,0,500,short,48,0.0050,500,0.8717,2.4354,0.016683,0.018131,4.3142,0.5420,0.007380,0.004429,167
BLENDED-h0-short-s49,BLENDED,0,500,short,49,0.0050,500,0.9453,2.5465,0.016768,0.018131,4.5191,0.5320,0.007654,0.004639,177
BLENDED-h0-short-s47,BLENDED,0,500,short,47,0.0050,500,0.8256,2.3323,0.016606,0.018131,4.2917,0.5920,0.007429,0.004406,181
BLENDED-h0-short-s46,BLENDED,0,500,short,46,0.0050,500,0.7587,2.2535,0.016560,0.018131,4.2856,0.6000,0.007556,0.004400,193
BLENDED-h0-short-s52,BLENDED,0,500,short,52,0.0050,500,0.8359,2.4357,0.016627,0.018131,4.4198,0.6040,0.007675,0.004537,169
BLENDED-h0-short-s51,BLENDED,0,500,short,51,0.0050,500,0.8541,2.5746,0.016580,0.018131,4.4082,0.5600,0.007613,0.004526,177
BLENDED-h0-short-s53,BLENDED,0,500,short,53,0.0050,500,0.7807,2.1151,0.016651,0.018131,4.2672,0.5740,0.007472,0.004381,174
BLENDED-h0-short-s50,BLENDED,0,500,short,50,0.0050,500,0.8661,2.5131,0.016734,0.018131,4.3755,0.5500,0.007520,0.004492,196
BLENDED-h0-short-s57,BLENDED,0,500,short,57,0.0050,500,0.9961,2.6278,0.016823,0.018131,4.5129,0.5300,0.007535,0.004633,176
BLENDED-h0-short-s54,BLENDED,0,500,short,54,0.0050,500,0.7948,2.1471,0.016637,0.018131,4.3735,0.6000,0.007664,0.004490,187
BLENDED-h0-short-s55,BLENDED,0,500,short,55,0.0050,500,1.0249,2.5921,0.016817,0.018131,4.6508,0.5240,0.007762,0.004775,191
BLENDED-h0-short-s56,BLENDED,0,500,short,56,0.0050,500,0.8282,2.3518,0.016566,0.018131,4.3345,0.5760,0.007513,0.004450,191
BLENDED-h0-short-s60,BLENDED,0,500,short,60,0.0050,500,0.6746,1.9408,0.016429,0.018131,4.1748,0.6460,0.007500,0.004286,176
BLENDED-h0-short-s58,BLENDED,0,500,short,58,0.0050,500,0.7995,2.1724,0.016534,0.018131,4.3342,0.5820,0.007572,0.004450,180
BLENDED-h0-short-s59,BLENDED,0,500,short,59,0.0050,500,0.7961,2.1920,0.016606,0.018131,4.3487,0.5860,0.007610,0.004465,178
BLENDED-h0-short-s61,BLENDED,0,500,short,61,0.0050,500,0.8193,2.4160,0.016586,0.018131,4.3057,0.5880,0.007472,0.004420,181
LATENCY_GREEDY-h3-short-s44,LATENCY_GREEDY,3,500,short,44,0.0050,500,0.0405,0.0593,0.012160,0.012298,1.9429,1.0000,0.003963,0.029621,173
LATENCY_GREEDY-h3-short-s45,LATENCY_GREEDY,3,500,short,45,0.0050,500,0.0401,0.0600,0.012134,0.012326,1.9471,1.0000,0.003973,0.029780,172
LATENCY_GREEDY-h3-short-s43,LATENCY_GREEDY,3,500,short,43,0.0050,500,0.0404,0.0602,0.012226,0.012428,2.0231,1.0000,0.004131,0.031491,174
LATENCY_GREEDY-h3-short-s42,LATENCY_GREEDY,3,500,short,42,0.0050,500,0.0388,0.0597,0.012147,0.012331,1.9484,1.0000,0.003978,0.029325,182
LATENCY_GREEDY-h3-short-s48,LATENCY_GREEDY,3,500,short,48,0.0050,500,0.0388,0.0607,0.012179,0.012349,1.9750,1.0000,0.004034,0.030319,165
LATENCY_GREEDY-h3-short-s47,LATENCY_GREEDY,3,500,short,47,0.0050,500,0.0394,0.0605,0.012175,0.012372,1.9657,1.0000,0.004013,0.030379,168
LATENCY_GREEDY-h3-short-s49,LATENCY_GREEDY,3,500,short,49,0.0050,500,0.0404,0.0600,0.012204,0.012460,2.0156,1.0000,0.004115,0.031266,166
LATENCY_GREEDY-h3-short-s46,LATENCY_GREEDY,3,500,short,46,0.0050,500,0.0395,0.0605,0.012150,0.012340,1.9564,1.0000,0.003993,0.030341,170
LATENCY_GREEDY-h3-short-s53,LATENCY_GREEDY,3,500,short,53,0.0050,500,0.0399,0.0610,0.012150,0.012313,1.9251,1.0000,0.003928,0.029099,165
LATENCY_GREEDY-h3-short-s51,LATENCY_GREEDY,3,500,short,51,0.0050,500,0.0395,0.0597,0.012186,0.012406,2.0204,1.0000,0.004127,0.031323,165
LATENCY_GREEDY-h3-short-s50,LATENCY_GREEDY,3,500,short,50,0.0050,500,0.0389,0.0598,0.012175,0.012460,1.9883,1.0000,0.004061,0.030376,162
LATENCY_GREEDY-h3-short-s52,LATENCY_GREEDY,3,500,short,52,0.0050,500,0.0401,0.0601,0.012185,0.012439,2.0055,1.0000,0.004095,0.031134,166
LATENCY_GREEDY-h3-short-s54,LATENCY_GREEDY,3,500,short,54,0.0050,500,0.0393,0.0593,0.012164,0.012329,2.0130,1.0000,0.004112,0.030329,166
LATENCY_GREEDY-h3-short-s56,LATENCY_GREEDY,3,500,short,56,0.0050,500,0.0393,0.0610,0.012173,0.012369,1.9873,1.0000,0.004058,0.029683,168
LATENCY_GREEDY-h3-short-s57,LATENCY_GREEDY,3,500,short,57,0.0050,500,0.0397,0.0605,0.012229,0.012442,2.0222,1.0000,0.004130,0.030156,171
LATENCY_GREEDY-h3-short-s55,LATENCY_GREEDY,3,500,short,55,0.0050,500,0.0397,0.0590,0.012237,0.012456,2.0979,1.0000,0.004288,0.031807,184
LATENCY_GREEDY-h3-short-s59,LATENCY_GREEDY,3,500,short,59,0.0050,500,0.0396,0.0606,0.012164,0.012370,1.9961,1.0000,0.004076,0.030008,173
LATENCY_GREEDY-h3-short-s61,LATENCY_GREEDY,3,500,short,61,0.0050,500,0.0395,0.0589,0.012178,0.012342,1.9674,1.0000,0.004016,0.030506,173
LATENCY_GREEDY-h3-short-s58,LATENCY_GREEDY,3,500,short,58,0.0050,500,0.0387,0.0598,0.012157,0.012342,1.9950,1.0000,0.004076,0.030284,179
LATENCY_GREEDY-h3-short-s60,LATENCY_GREEDY,3,500,short,60,0.0050,500,0.0391,0.0601,0.012126,0.012310,1.9338,1.0000,0.003947,0.029475,179
CARBON_AWARE-h3-short-s43,CARBON_AWARE,3,500,short,43,0.0050,500,0.9863,2.6192,0.016764,0.018131,4.4956,0.5240,0.007519,0.004615,178
CARBON_AWARE-h3-short-s45,CARBON_AWARE,3,500,short,45,0.0050,500,0.7066,1.9542,0.016381,0.018131,4.2316,0.6280,0.007552,0.004344,176
CARBON_AWARE-h3-short-s44,CARBON_AWARE,3,500,short,44,0.0050,500,0.7578,2.2931,0.016604,0.018131,4.2913,0.6440,0.007570,0.004406,181
CARBON_AWARE-h3-short-s42,CARBON_AWARE,3,500,short,42,0.0050,500,0.7685,2.1471,0.016585,0.018131,4.2372,0.5940,0.007435,0.004350,179
CARBON_AWARE-h3-short-s49,CARBON_AWARE,3,500,short,49,0.0050,500,0.9453,2.5465,0.016768,0.018131,4.5191,0.5320,0.007654,0.004640,175
CARBON_AWARE-h3-short-s46,CARBON_AWARE,3,500,short,46,0.0050,500,0.7587,2.2535,0.016560,0.018131,4.2856,0.6000,0.007556,0.004400,175
CARBON_AWARE-h3-short-s48,CARBON_AWARE,3,500,short,48,0.0050,500,0.8717,2.4354,0.016683,0.018131,4.3142,0.5420,0.007380,0.004429,181
CARBON_AWARE-h3-short-s47,CARBON_AWARE,3,500,short,47,0.0050,500,0.8256,2.3323,0.016606,0.018131,4.2917,0.5920,0.007429,0.004406,184
CARBON_AWARE-h3-short-s53,CARBON_AWARE,3,500,short,53,0.0050,500,0.7807,2.1151,0.016651,0.018131,4.2672,0.5740,0.007472,0.004381,170
CARBON_AWARE-h3-short-s52,CARBON_AWARE,3,500,short,52,0.0050,500,0.8359,2.4357,0.016627,0.018131,4.4198,0.6040,0.007675,0.004538,176
CARBON_AWARE-h3-short-s50,CARBON_AWARE,3,500,short,50,0.0050,500,0.8661,2.5131,0.016734,0.018131,4.3755,0.5500,0.007520,0.004492,170
CARBON_AWARE-h3-short-s51,CARBON_AWARE,3,500,short,51,0.0050,500,0.8541,2.5746,0.016580,0.018131,4.4082,0.5600,0.007613,0.004526,170
CARBON_AWARE-h3-short-s54,CARBON_AWARE,3,500,short,54,0.0050,500,0.7948,2.1471,0.016637,0.018131,4.3735,0.6000,0.007664,0.004490,179
CARBON_AWARE-h3-short-s57,CARBON_AWARE,3,500,short,57,0.0050,500,0.9961,2.6278,0.016823,0.018131,4.5129,0.5300,0.007535,0.004633,209
CARBON_AWARE-h3-short-s55,CARBON_AWARE,3,500,short,55,0.0050,500,1.0249,2.5921,0.016817,0.018131,4.6508,0.5240,0.007762,0.004775,209
CARBON_AWARE-h3-short-s56,CARBON_AWARE,3,500,short,56,0.0050,500,0.8282,2.3518,0.016566,0.018131,4.3345,0.5760,0.007513,0.004450,215
CARBON_AWARE-h3-short-s58,CARBON_AWARE,3,500,short,58,0.0050,500,0.7995,2.1724,0.016534,0.018131,4.3342,0.5820,0.007572,0.004450,185
CARBON_AWARE-h3-short-s59,CARBON_AWARE,3,500,short,59,0.0050,500,0.7961,2.1920,0.016606,0.018131,4.3487,0.5860,0.007610,0.004465,175
CARBON_AWARE-h3-short-s61,CARBON_AWARE,3,500,short,61,0.0050,500,0.8193,2.4160,0.016586,0.018131,4.3057,0.5880,0.007472,0.004421,178
CARBON_AWARE-h3-short-s60,CARBON_AWARE,3,500,short,60,0.0050,500,0.6746,1.9408,0.016429,0.018131,4.1748,0.6460,0.007500,0.004286,179
BLENDED-h3-short-s42,BLENDED,3,500,short,42,0.0050,500,0.7685,2.1471,0.016585,0.018131,4.2372,0.5940,0.007435,0.004350,176
BLENDED-h3-short-s44,BLENDED,3,500,short,44,0.0050,500,0.7578,2.2931,0.016604,0.018131,4.2913,0.6440,0.007570,0.004406,166
BLENDED-h3-short-s43,BLENDED,3,500,short,43,0.0050,500,0.9863,2.6192,0.016764,0.018131,4.4956,0.5240,0.007519,0.004615,166
BLENDED-h3-short-s45,BLENDED,3,500,short,45,0.0050,500,0.7066,1.9542,0.016381,0.018131,4.2316,0.6280,0.007552,0.004344,187
BLENDED-h3-short-s47,BLENDED,3,500,short,47,0.0050,500,0.8256,2.3323,0.016606,0.018131,4.2917,0.5920,0.007429,0.004406,173
BLENDED-h3-short-s46,BLENDED,3,500,short,46,0.0050,500,0.7587,2.2535,0.016560,0.018131,4.2856,0.6000,0.007556,0.004400,180
BLENDED-h3-short-s48,BLENDED,3,500,short,48,0.0050,500,0.8717,2.4354,0.016683,0.018131,4.3142,0.5420,0.007380,0.004429,179
BLENDED-h3-short-s49,BLENDED,3,500,short,49,0.0050,500,0.9453,2.5465,0.016768,0.018131,4.5191,0.5320,0.007654,0.004640,167
BLENDED-h3-short-s52,BLENDED,3,500,short,52,0.0050,500,0.8359,2.4357,0.016627,0.018131,4.4198,0.6040,0.007675,0.004538,175
BLENDED-h3-short-s51,BLENDED,3,500,short,51,0.0050,500,0.8541,2.5746,0.016580,0.018131,4.4082,0.5600,0.007613,0.004526,174
BLENDED-h3-short-s53,BLENDED,3,500,short,53,0.0050,500,0.7807,2.1151,0.016651,0.018131,4.2672,0.5740,0.007472,0.004381,174
BLENDED-h3-short-s50,BLENDED,3,500,short,50,0.0050,500,0.8661,2.5131,0.016734,0.018131,4.3755,0.5500,0.007520,0.004492,193
BLENDED-h3-short-s57,BLENDED,3,500,short,57,0.0050,500,0.9961,2.6278,0.016823,0.018131,4.5129,0.5300,0.007535,0.004633,174
BLENDED-h3-short-s54,BLENDED,3,500,short,54,0.0050,500,0.7948,2.1471,0.016637,0.018131,4.3735,0.6000,0.007664,0.004490,178
BLENDED-h3-short-s56,BLENDED,3,500,short,56,0.0050,500,0.8282,2.3518,0.016566,0.018131,4.3345,0.5760,0.007513,0.004450,184
BLENDED-h3-short-s55,BLENDED,3,500,short,55,0.0050,500,1.0249,2.5921,0.016817,0.018131,4.6508,0.5240,0.007762,0.004775,180
BLENDED-h3-short-s59,BLENDED,3,500,short,59,0.0050,500,0.7961,2.1920,0.016606,0.018131,4.3487,0.5860,0.007610,0.004465,178
BLENDED-h3-short-s60,BLENDED,3,500,short,60,0.0050,500,0.6746,1.9408,0.016429,0.018131,4.1748,0.6460,0.007500,0.004286,171
BLENDED-h3-short-s61,BLENDED,3,500,short,61,0.0050,500,0.8193,2.4160,0.016586,0.018131,4.3057,0.5880,0.007472,0.004421,179
BLENDED-h3-short-s58,BLENDED,3,500,short,58,0.0050,500,0.7995,2.1724,0.016534,0.018131,4.3342,0.5820,0.007572,0.004450,183
LATENCY_GREEDY-h6-short-s45,LATENCY_GREEDY,6,500,short,45,0.0050,500,0.0401,0.0600,0.012134,0.012326,1.9471,1.0000,0.003973,0.030414,165
LATENCY_GREEDY-h6-short-s43,LATENCY_GREEDY,6,500,short,43,0.0050,500,0.0404,0.0602,0.012226,0.012428,2.0231,1.0000,0.004131,0.032132,164
LATENCY_GREEDY-h6-short-s44,LATENCY_GREEDY,6,500,short,44,0.0050,500,0.0405,0.0593,0.012160,0.012298,1.9429,1.0000,0.003963,0.030246,166
LATENCY_GREEDY-h6-short-s42,LATENCY_GREEDY,6,500,short,42,0.0050,500,0.0388,0.0597,0.012147,0.012331,1.9484,1.0000,0.003978,0.029948,172
LATENCY_GREEDY-h6-short-s48,LATENCY_GREEDY,6,500,short,48,0.0050,500,0.0388,0.0607,0.012179,0.012349,1.9750,1.0000,0.004034,0.030943,162
LATENCY_GREEDY-h6-short-s47,LATENCY_GREEDY,6,500,short,47,0.0050,500,0.0394,0.0605,0.012175,0.012372,1.9657,1.0000,0.004013,0.031017,166
LATENCY_GREEDY-h6-short-s46,LATENCY_GREEDY,6,500,short,46,0.0050,500,0.0395,0.0605,0.012150,0.012340,1.9564,1.0000,0.003993,0.030961,166
LATENCY_GREEDY-h6-short-s49,LATENCY_GREEDY,6,500,short,49,0.0050,500,0.0404,0.0600,0.012204,0.012460,2.0156,1.0000,0.004115,0.031885,168
LATENCY_GREEDY-h6-short-s50,LATENCY_GREEDY,6,500,short,50,0.0050,500,0.0389,0.0598,0.012175,0.012460,1.9883,1.0000,0.004061,0.031017,165
LATENCY_GREEDY-h6-short-s52,LATENCY_GREEDY,6,500,short,52,0.0050,500,0.0401,0.0601,0.012185,0.012439,2.0055,1.0000,0.004095,0.031792,166
LATENCY_GREEDY-h6-short-s51,LATENCY_GREEDY,6,500,short,51,0.0050,500,0.0395,0.0597,0.012186,0.012406,2.0204,1.0000,0.004127,0.031996,168
LATENCY_GREEDY-h6-short-s53,LATENCY_GREEDY,6,500,short,53,0.0050,500,0.0399,0.0610,0.012150,0.012313,1.9251,1.0000,0.003928,0.029740,171
LATENCY_GREEDY-h6-short-s57,LATENCY_GREEDY,6,500,short,57,0.0050,500,0.0397,0.0605,0.012229,0.012442,2.0222,1.0000,0.004130,0.030813,163
LATENCY_GREEDY-h6-short-s56,LATENCY_GREEDY,6,500,short,56,0.0050,500,0.0393,0.0610,0.012173,0.012369,1.9873,1.0000,0.004058,0.030360,169
LATENCY_GREEDY-h6-short-s54,LATENCY_GREEDY,6,500,short,54,0.0050,500,0.0393,0.0593,0.012164,0.012329,2.0130,1.0000,0.004112,0.030988,172
LATENCY_GREEDY-h6-short-s55,LATENCY_GREEDY,6,500,short,55,0.0050,500,0.0397,0.0590,0.012237,0.012456,2.0979,1.0000,0.004288,0.032475,169
LATENCY_GREEDY-h6-short-s61,LATENCY_GREEDY,6,500,short,61,0.0050,500,0.0395,0.0589,0.012178,0.012342,1.9674,1.0000,0.004016,0.031145,174
LATENCY_GREEDY-h6-short-s59,LATENCY_GREEDY,6,500,short,59,0.0050,500,0.0396,0.0606,0.012164,0.012370,1.9961,1.0000,0.004076,0.030678,177
LATENCY_GREEDY-h6-short-s60,LATENCY_GREEDY,6,500,short,60,0.0050,500,0.0391,0.0601,0.012126,0.012310,1.9338,1.0000,0.003947,0.030097,177
LATENCY_GREEDY-h6-short-s58,LATENCY_GREEDY,6,500,short,58,0.0050,500,0.0387,0.0598,0.012157,0.012342,1.9950,1.0000,0.004076,0.030946,184
CARBON_AWARE-h6-short-s43,CARBON_AWARE,6,500,short,43,0.0050,500,0.9863,2.6192,0.016764,0.018131,4.4956,0.5240,0.007519,0.004945,162
CARBON_AWARE-h6-short-s42,CARBON_AWARE,6,500,short,42,0.0050,500,0.7685,2.1471,0.016585,0.018131,4.2372,0.5940,0.007435,0.004661,180
CARBON_AWARE-h6-short-s44,CARBON_AWARE,6,500,short,44,0.0050,500,0.7578,2.2931,0.016604,0.018131,4.2913,0.6440,0.007570,0.004721,186
CARBON_AWARE-h6-short-s45,CARBON_AWARE,6,500,short,45,0.0050,500,0.7066,1.9542,0.016381,0.018131,4.2316,0.6280,0.007552,0.004655,183
CARBON_AWARE-h6-short-s46,CARBON_AWARE,6,500,short,46,0.0050,500,0.7587,2.2535,0.016560,0.018131,4.2856,0.6000,0.007556,0.004714,178
CARBON_AWARE-h6-short-s48,CARBON_AWARE,6,500,short,48,0.0050,500,0.8717,2.4354,0.016683,0.018131,4.3142,0.5420,0.007380,0.004746,168
CARBON_AWARE-h6-short-s47,CARBON_AWARE,6,500,short,47,0.0050,500,0.8256,2.3323,0.016606,0.018131,4.2917,0.5920,0.007429,0.004721,168
CARBON_AWARE-h6-short-s49,CARBON_AWARE,6,500,short,49,0.0050,500,0.9453,2.5465,0.016768,0.018131,4.5191,0.5320,0.007654,0.004971,173
CARBON_AWARE-h6-short-s52,CARBON_AWARE,6,500,short,52,0.0050,500,0.8359,2.4357,0.016627,0.018131,4.4198,0.6040,0.007675,0.004862,177
CARBON_AWARE-h6-short-s50,CARBON_AWARE,6,500,short,50,0.0050,500,0.8661,2.5131,0.016734,0.018131,4.3755,0.5500,0.007520,0.004813,184
CARBON_AWARE-h6-short-s51,CARBON_AWARE,6,500,short,51,0.0050,500,0.8541,2.5746,0.016580,0.018131,4.4082,0.5600,0.007613,0.004849,186
CARBON_AWARE-h6-short-s53,CARBON_AWARE,6,500,short,53,0.0050,500,0.7807,2.1151,0.016651,0.018131,4.2672,0.5740,0.007472,0.004694,193
CARBON_AWARE-h6-short-s56,CARBON_AWARE,6,500,short,56,0.0050,500,0.8282,2.3518,0.016566,0.018131,4.3345,0.5760,0.007513,0.004768,171
CARBON_AWARE-h6-short-s55,CARBON_AWARE,6,500,short,55,0.0050,500,1.0249,2.5921,0.016817,0.018131,4.6508,0.5240,0.007762,0.005116,182
CARBON_AWARE-h6-short-s54,CARBON_AWARE,6,500,short,54,0.0050,500,0.7948,2.1471,0.016637,0.018131,4.3735,0.6000,0.007664,0.004811,182
CARBON_AWARE-h6-short-s57,CARBON_AWARE,6,500,short,57,0.0050,500,0.9961,2.6278,0.016823,0.018131,4.5129,0.5300,0.007535,0.004964,186
CARBON_AWARE-h6-short-s59,CARBON_AWARE,6,500,short,59,0.0050,500,0.7961,2.1920,0.016606,0.018131,4.3487,0.5860,0.007610,0.004784,173
CARBON_AWARE-h6-short-s61,CARBON_AWARE,6,500,short,61,0.0050,500,0.8193,2.4160,0.016586,0.018131,4.3057,0.5880,0.007472,0.004737,168
CARBON_AWARE-h6-short-s60,CARBON_AWARE,6,500,short,60,0.0050,500,0.6746,1.9408,0.016429,0.018131,4.1748,0.6460,0.007500,0.004593,173
CARBON_AWARE-h6-short-s58,CARBON_AWARE,6,500,short,58,0.0050,500,0.7995,2.1724,0.016534,0.018131,4.3342,0.5820,0.007572,0.004768,195
BLENDED-h6-short-s42,BLENDED,6,500,short,42,0.0050,500,0.7685,2.1471,0.016585,0.018131,4.2372,0.5940,0.007435,0.004661,167
BLENDED-h6-short-s44,BLENDED,6,500,short,44,0.0050,500,0.7578,2.2931,0.016604,0.018131,4.2913,0.6440,0.007570,0.004721,171
BLENDED-h6-short-s45,BLENDED,6,500,short,45,0.0050,500,0.7066,1.9542,0.016381,0.018131,4.2316,0.6280,0.007552,0.004655,174
BLENDED-h6-short-s43,BLENDED,6,500,short,43,0.0050,500,0.9863,2.6192,0.016764,0.018131,4.4956,0.5240,0.007519,0.004945,171
BLENDED-h6-short-s47,BLENDED,6,500,short,47,0.0050,500,0.8256,2.3323,0.016606,0.018131,4.2917,0.5920,0.007429,0.004721,173
BLENDED-h6-short-s46,BLENDED,6,500,short,46,0.0050,500,0.7587,2.2535,0.016560,0.018131,4.2856,0.6000,0.007556,0.004714,175
BLENDED-h6-short-s49,BLENDED,6,500,short,49,0.0050,500,0.9453,2.5465,0.016768,0.018131,4.5191,0.5320,0.007654,0.004971,168
BLENDED-h6-short-s48,BLENDED,6,500,short,48,0.0050,500,0.8717,2.4354,0.016683,0.018131,4.3142,0.5420,0.007380,0.004746,170
BLENDED-h6-short-s52,BLENDED,6,500,short,52,0.0050,500,0.8359,2.4357,0.016627,0.018131,4.4198,0.6040,0.007675,0.004862,171
BLENDED-h6-short-s53,BLENDED,6,500,short,53,0.0050,500,0.7807,2.1151,0.016651,0.018131,4.2672,0.5740,0.007472,0.004694,171
BLENDED-h6-short-s50,BLENDED,6,500,short,50,0.0050,500,0.8661,2.5131,0.016734,0.018131,4.3755,0.5500,0.007520,0.004813,176
BLENDED-h6-short-s51,BLENDED,6,500,short,51,0.0050,500,0.8541,2.5746,0.016580,0.018131,4.4082,0.5600,0.007613,0.004849,183
BLENDED-h6-short-s57,BLENDED,6,500,short,57,0.0050,500,0.9961,2.6278,0.016823,0.018131,4.5129,0.5300,0.007535,0.004964,169
BLENDED-h6-short-s56,BLENDED,6,500,short,56,0.0050,500,0.8282,2.3518,0.016566,0.018131,4.3345,0.5760,0.007513,0.004768,178
BLENDED-h6-short-s55,BLENDED,6,500,short,55,0.0050,500,1.0249,2.5921,0.016817,0.018131,4.6508,0.5240,0.007762,0.005116,181
BLENDED-h6-short-s54,BLENDED,6,500,short,54,0.0050,500,0.7948,2.1471,0.016637,0.018131,4.3735,0.6000,0.007664,0.004811,186
BLENDED-h6-short-s58,BLENDED,6,500,short,58,0.0050,500,0.7995,2.1724,0.016534,0.018131,4.3342,0.5820,0.007572,0.004768,169
BLENDED-h6-short-s61,BLENDED,6,500,short,61,0.0050,500,0.8193,2.4160,0.016586,0.018131,4.3057,0.5880,0.007472,0.004737,171
BLENDED-h6-short-s60,BLENDED,6,500,short,60,0.0050,500,0.6746,1.9408,0.016429,0.018131,4.1748,0.6460,0.007500,0.004593,180
BLENDED-h6-short-s59,BLENDED,6,500,short,59,0.0050,500,0.7961,2.1920,0.016606,0.018131,4.3487,0.5860,0.007610,0.004784,177
LATENCY_GREEDY-h9-short-s45,LATENCY_GREEDY,9,500,short,45,0.0050,500,0.0401,0.0600,0.012134,0.012326,1.9471,1.0000,0.003973,0.028694,165
LATENCY_GREEDY-h9-short-s44,LATENCY_GREEDY,9,500,short,44,0.0050,500,0.0405,0.0593,0.012160,0.012298,1.9429,1.0000,0.003963,0.028545,164
LATENCY_GREEDY-h9-short-s43,LATENCY_GREEDY,9,500,short,43,0.0050,500,0.0404,0.0602,0.012226,0.012428,2.0231,1.0000,0.004131,0.030343,168
LATENCY_GREEDY-h9-short-s42,LATENCY_GREEDY,9,500,short,42,0.0050,500,0.0388,0.0597,0.012147,0.012331,1.9484,1.0000,0.003978,0.028266,170
LATENCY_GREEDY-h9-short-s48,LATENCY_GREEDY,9,500,short,48,0.0050,500,0.0388,0.0607,0.012179,0.012349,1.9750,1.0000,0.004034,0.029219,166
LATENCY_GREEDY-h9-short-s46,LATENCY_GREEDY,9,500,short,46,0.0050,500,0.0395,0.0605,0.012150,0.012340,1.9564,1.0000,0.003993,0.029236,164
LATENCY_GREEDY-h9-short-s47,LATENCY_GREEDY,9,500,short,47,0.0050,500,0.0394,0.0605,0.012175,0.012372,1.9657,1.0000,0.004013,0.029268,164
LATENCY_GREEDY-h9-short-s49,LATENCY_GREEDY,9,500,short,49,0.0050,500,0.0404,0.0600,0.012204,0.012460,2.0156,1.0000,0.004115,0.030135,173
LATENCY_GREEDY-h9-short-s52,LATENCY_GREEDY,9,500,short,52,0.0050,500,0.0401,0.0601,0.012185,0.012439,2.0055,1.0000,0.004095,0.029992,161
LATENCY_GREEDY-h9-short-s53,LATENCY_GREEDY,9,500,short,53,0.0050,500,0.0399,0.0610,0.012150,0.012313,1.9251,1.0000,0.003928,0.028036,167
LATENCY_GREEDY-h9-short-s51,LATENCY_GREEDY,9,500,short,51,0.0050,500,0.0395,0.0597,0.012186,0.012406,2.0204,1.0000,0.004127,0.030170,180
LATENCY_GREEDY-h9-short-s50,LATENCY_GREEDY,9,500,short,50,0.0050,500,0.0389,0.0598,0.012175,0.012460,1.9883,1.0000,0.004061,0.029271,173
LATENCY_GREEDY-h9-short-s56,LATENCY_GREEDY,9,500,short,56,0.0050,500,0.0393,0.0610,0.012173,0.012369,1.9873,1.0000,0.004058,0.028597,163
LATENCY_GREEDY-h9-short-s54,LATENCY_GREEDY,9,500,short,54,0.0050,500,0.0393,0.0593,0.012164,0.012329,2.0130,1.0000,0.004112,0.029227,163
LATENCY_GREEDY-h9-short-s57,LATENCY_GREEDY,9,500,short,57,0.0050,500,0.0397,0.0605,0.012229,0.012442,2.0222,1.0000,0.004130,0.029065,161
LATENCY_GREEDY-h9-short-s55,LATENCY_GREEDY,9,500,short,55,0.0050,500,0.0397,0.0590,0.012237,0.012456,2.0979,1.0000,0.004288,0.030656,166
LATENCY_GREEDY-h9-short-s61,LATENCY_GREEDY,9,500,short,61,0.0050,500,0.0395,0.0589,0.012178,0.012342,1.9674,1.0000,0.004016,0.029390,163
LATENCY_GREEDY-h9-short-s59,LATENCY_GREEDY,9,500,short,59,0.0050,500,0.0396,0.0606,0.012164,0.012370,1.9961,1.0000,0.004076,0.028912,165
LATENCY_GREEDY-h9-short-s58,LATENCY_GREEDY,9,500,short,58,0.0050,500,0.0387,0.0598,0.012157,0.012342,1.9950,1.0000,0.004076,0.029177,168
LATENCY_GREEDY-h9-short-s60,LATENCY_GREEDY,9,500,short,60,0.0050,500,0.0391,0.0601,0.012126,0.012310,1.9338,1.0000,0.003947,0.028404,169
CARBON_AWARE-h9-short-s44,CARBON_AWARE,9,500,short,44,0.0050,500,0.7578,2.2931,0.016604,0.018131,4.2913,0.6440,0.007570,0.005350,164
CARBON_AWARE-h9-short-s45,CARBON_AWARE,9,500,short,45,0.0050,500,0.7066,1.9542,0.016381,0.018131,4.2316,0.6280,0.007552,0.005275,168
CARBON_AWARE-h9-short-s43,CARBON_AWARE,9,500,short,43,0.0050,500,0.9863,2.6192,0.016764,0.018131,4.4956,0.5240,0.007519,0.005605,169
CARBON_AWARE-h9-short-s42,CARBON_AWARE,9,500,short,42,0.0050,500,0.7685,2.1471,0.016585,0.018131,4.2372,0.5940,0.007435,0.005282,171
CARBON_AWARE-h9-short-s47,CARBON_AWARE,9,500,short,47,0.0050,500,0.8256,2.3323,0.016606,0.018131,4.2917,0.5920,0.007429,0.005350,173
CARBON_AWARE-h9-short-s49,CARBON_AWARE,9,500,short,49,0.0050,500,0.9453,2.5465,0.016768,0.018131,4.5191,0.5320,0.007654,0.005634,176
CARBON_AWARE-h9-short-s48,CARBON_AWARE,9,500,short,48,0.0050,500,0.8717,2.4354,0.016683,0.018131,4.3142,0.5420,0.007380,0.005378,178
CARBON_AWARE-h9-short-s46,CARBON_AWARE,9,500,short,46,0.0050,500,0.7587,2.2535,0.016560,0.018131,4.2856,0.6000,0.007556,0.005343,175
CARBON_AWARE-h9-short-s53,CARBON_AWARE,9,500,short,53,0.0050,500,0.7807,2.1151,0.016651,0.018131,4.2672,0.5740,0.007472,0.005320,173
CARBON_AWARE-h9-short-s51,CARBON_AWARE,9,500,short,51,0.0050,500,0.8541,2.5746,0.016580,0.018131,4.4082,0.5600,0.007613,0.005495,185
CARBON_AWARE-h9-short-s52,CARBON_AWARE,9,500,short,52,0.0050,500,0.8359,2.4357,0.016627,0.018131,4.4198,0.6040,0.007675,0.005510,193
CARBON_AWARE-h9-short-s50,CARBON_AWARE,9,500,short,50,0.0050,500,0.8661,2.5131,0.016734,0.018131,4.3755,0.5500,0.007520,0.005455,195
CARBON_AWARE-h9-short-s57,CARBON_AWARE,9,500,short,57,0.0050,500,0.9961,2.6278,0.016823,0.018131,4.5129,0.5300,0.007535,0.005626,166
CARBON_AWARE-h9-short-s54,CARBON_AWARE,9,500,short,54,0.0050,500,0.7948,2.1471,0.016637,0.018131,4.3735,0.6000,0.007664,0.005452,193
CARBON_AWARE-h9-short-s56,CARBON_AWARE,9,500,short,56,0.0050,500,0.8282,2.3518,0.016566,0.018131,4.3345,0.5760,0.007513,0.005404,179
CARBON_AWARE-h9-short-s55,CARBON_AWARE,9,500,short,55,0.0050,500,1.0249,2.5921,0.016817,0.018131,4.6508,0.5240,0.007762,0.005798,184
CARBON_AWARE-h9-short-s58,CARBON_AWARE,9,500,short,58,0.0050,500,0.7995,2.1724,0.016534,0.018131,4.3342,0.5820,0.007572,0.005403,210
CARBON_AWARE-h9-short-s61,CARBON_AWARE,9,500,short,61,0.0050,500,0.8193,2.4160,0.016586,0.018131,4.3057,0.5880,0.007472,0.005368,202
CARBON_AWARE-h9-short-s60,CARBON_AWARE,9,500,short,60,0.0050,500,0.6746,1.9408,0.016429,0.018131,4.1748,0.6460,0.007500,0.005205,231
CARBON_AWARE-h9-short-s59,CARBON_AWARE,9,500,short,59,0.0050,500,0.7961,2.1920,0.016606,0.018131,4.3487,0.5860,0.007610,0.005421,231
BLENDED-h9-short-s43,BLENDED,9,500,short,43,0.0050,500,0.9863,2.6192,0.016764,0.018131,4.4956,0.5240,0.007519,0.005605,176
BLENDED-h9-short-s42,BLENDED,9,500,short,42,0.0050,500,0.7685,2.1471,0.016585,0.018131,4.2372,0.5940,0.007435,0.005282,196
BLENDED-h9-short-s44,BLENDED,9,500,short,44,0.0050,500,0.7578,2.2931,0.016604,0.018131,4.2913,0.6440,0.007570,0.005350,174
BLENDED-h9-short-s45,BLENDED,9,500,short,45,0.0050,500,0.7066,1.9542,0.016381,0.018131,4.2316,0.6280,0.007552,0.005275,175
BLENDED-h9-short-s46,BLENDED,9,500,short,46,0.0050,500,0.7587,2.2535,0.016560,0.018131,4.2856,0.6000,0.007556,0.005343,173
BLENDED-h9-short-s49,BLENDED,9,500,short,49,0.0050,500,0.9453,2.5465,0.016768,0.018131,4.5191,0.5320,0.007654,0.005634,170
BLENDED-h9-short-s47,BLENDED,9,500,short,47,0.0050,500,0.8256,2.3323,0.016606,0.018131,4.2917,0.5920,0.007429,0.005350,169
BLENDED-h9-short-s48,BLENDED,9,500,short,48,0.0050,500,0.8717,2.4354,0.016683,0.018131,4.3142,0.5420,0.007380,0.005378,174
BLENDED-h9-short-s53,BLENDED,9,500,short,53,0.0050,500,0.7807,2.1151,0.016651,0.018131,4.2672,0.5740,0.007472,0.005320,169
BLENDED-h9-short-s50,BLENDED,9,500,short,50,0.0050,500,0.8661,2.5131,0.016734,0.018131,4.3755,0.5500,0.007520,0.005455,166
BLENDED-h9-short-s51,BLENDED,9,500,short,51,0.0050,500,0.8541,2.5746,0.016580,0.018131,4.4082,0.5600,0.007613,0.005495,170
BLENDED-h9-short-s52,BLENDED,9,500,short,52,0.0050,500,0.8359,2.4357,0.016627,0.018131,4.4198,0.6040,0.007675,0.005510,196
BLENDED-h9-short-s54,BLENDED,9,500,short,54,0.0050,500,0.7948,2.1471,0.016637,0.018131,4.3735,0.6000,0.007664,0.005452,176
BLENDED-h9-short-s55,BLENDED,9,500,short,55,0.0050,500,1.0249,2.5921,0.016817,0.018131,4.6508,0.5240,0.007762,0.005798,177
BLENDED-h9-short-s56,BLENDED,9,500,short,56,0.0050,500,0.8282,2.3518,0.016566,0.018131,4.3345,0.5760,0.007513,0.005404,175
BLENDED-h9-short-s57,BLENDED,9,500,short,57,0.0050,500,0.9961,2.6278,0.016823,0.018131,4.5129,0.5300,0.007535,0.005626,174
BLENDED-h9-short-s58,BLENDED,9,500,short,58,0.0050,500,0.7995,2.1724,0.016534,0.018131,4.3342,0.5820,0.007572,0.005403,165
BLENDED-h9-short-s60,BLENDED,9,500,short,60,0.0050,500,0.6746,1.9408,0.016429,0.018131,4.1748,0.6460,0.007500,0.005205,168
BLENDED-h9-short-s59,BLENDED,9,500,short,59,0.0050,500,0.7961,2.1920,0.016606,0.018131,4.3487,0.5860,0.007610,0.005421,175
BLENDED-h9-short-s61,BLENDED,9,500,short,61,0.0050,500,0.8193,2.4160,0.016586,0.018131,4.3057,0.5880,0.007472,0.005368,168
LATENCY_GREEDY-h12-short-s43,LATENCY_GREEDY,12,500,short,43,0.0050,500,0.0404,0.0602,0.012226,0.012428,2.0231,1.0000,0.004131,0.026877,159
LATENCY_GREEDY-h12-short-s44,LATENCY_GREEDY,12,500,short,44,0.0050,500,0.0405,0.0593,0.012160,0.012298,1.9429,1.0000,0.003963,0.025227,154
LATENCY_GREEDY-h12-short-s42,LATENCY_GREEDY,12,500,short,42,0.0050,500,0.0388,0.0597,0.012147,0.012331,1.9484,1.0000,0.003978,0.024974,167
LATENCY_GREEDY-h12-short-s45,LATENCY_GREEDY,12,500,short,45,0.0050,500,0.0401,0.0600,0.012134,0.012326,1.9471,1.0000,0.003973,0.025338,170
LATENCY_GREEDY-h12-short-s47,LATENCY_GREEDY,12,500,short,47,0.0050,500,0.0394,0.0605,0.012175,0.012372,1.9657,1.0000,0.004013,0.025867,171
LATENCY_GREEDY-h12-short-s48,LATENCY_GREEDY,12,500,short,48,0.0050,500,0.0388,0.0607,0.012179,0.012349,1.9750,1.0000,0.004034,0.025867,170
LATENCY_GREEDY-h12-short-s46,LATENCY_GREEDY,12,500,short,46,0.0050,500,0.0395,0.0605,0.012150,0.012340,1.9564,1.0000,0.003993,0.025891,173
LATENCY_GREEDY-h12-short-s49,LATENCY_GREEDY,12,500,short,49,0.0050,500,0.0404,0.0600,0.012204,0.012460,2.0156,1.0000,0.004115,0.026749,164
LATENCY_GREEDY-h12-short-s53,LATENCY_GREEDY,12,500,short,53,0.0050,500,0.0399,0.0610,0.012150,0.012313,1.9251,1.0000,0.003928,0.024696,153
LATENCY_GREEDY-h12-short-s50,LATENCY_GREEDY,12,500,short,50,0.0050,500,0.0389,0.0598,0.012175,0.012460,1.9883,1.0000,0.004061,0.025868,164
LATENCY_GREEDY-h12-short-s51,LATENCY_GREEDY,12,500,short,51,0.0050,500,0.0395,0.0597,0.012186,0.012406,2.0204,1.0000,0.004127,0.026616,166
LATENCY_GREEDY-h12-short-s52,LATENCY_GREEDY,12,500,short,52,0.0050,500,0.0401,0.0601,0.012185,0.012439,2.0055,1.0000,0.004095,0.026495,161
LATENCY_GREEDY-h12-short-s57,LATENCY_GREEDY,12,500,short,57,0.0050,500,0.0397,0.0605,0.012229,0.012442,2.0222,1.0000,0.004130,0.025632,171
LATENCY_GREEDY-h12-short-s55,LATENCY_GREEDY,12,500,short,55,0.0050,500,0.0397,0.0590,0.012237,0.012456,2.0979,1.0000,0.004288,0.027105,172
LATENCY_GREEDY-h12-short-s56,LATENCY_GREEDY,12,500,short,56,0.0050,500,0.0393,0.0610,0.012173,0.012369,1.9873,1.0000,0.004058,0.025126,182
LATENCY_GREEDY-h12-short-s54,LATENCY_GREEDY,12,500,short,54,0.0050,500,0.0393,0.0593,0.012164,0.012329,2.0130,1.0000,0.004112,0.025776,179
LATENCY_GREEDY-h12-short-s58,LATENCY_GREEDY,12,500,short,58,0.0050,500,0.0387,0.0598,0.012157,0.012342,1.9950,1.0000,0.004076,0.025716,163
LATENCY_GREEDY-h12-short-s59,LATENCY_GREEDY,12,500,short,59,0.0050,500,0.0396,0.0606,0.012164,0.012370,1.9961,1.0000,0.004076,0.025444,171
LATENCY_GREEDY-h12-short-s61,LATENCY_GREEDY,12,500,short,61,0.0050,500,0.0395,0.0589,0.012178,0.012342,1.9674,1.0000,0.004016,0.025980,167
LATENCY_GREEDY-h12-short-s60,LATENCY_GREEDY,12,500,short,60,0.0050,500,0.0391,0.0601,0.012126,0.012310,1.9338,1.0000,0.003947,0.025103,170
CARBON_AWARE-h12-short-s45,CARBON_AWARE,12,500,short,45,0.0050,500,0.7066,1.9542,0.016381,0.018131,4.2316,0.6280,0.007552,0.004965,176
CARBON_AWARE-h12-short-s42,CARBON_AWARE,12,500,short,42,0.0050,500,0.7685,2.1471,0.016585,0.018131,4.2372,0.5940,0.007435,0.004972,180
CARBON_AWARE-h12-short-s43,CARBON_AWARE,12,500,short,43,0.0050,500,0.9863,2.6192,0.016764,0.018131,4.4956,0.5240,0.007519,0.005275,181
CARBON_AWARE-h12-short-s44,CARBON_AWARE,12,500,short,44,0.0050,500,0.7578,2.2931,0.016604,0.018131,4.2913,0.6440,0.007570,0.005035,182
CARBON_AWARE-h12-short-s48,CARBON_AWARE,12,500,short,48,0.0050,500,0.8717,2.4354,0.016683,0.018131,4.3142,0.5420,0.007380,0.005062,172
CARBON_AWARE-h12-short-s46,CARBON_AWARE,12,500,short,46,0.0050,500,0.7587,2.2535,0.016560,0.018131,4.2856,0.6000,0.007556,0.005028,175
CARBON_AWARE-h12-short-s49,CARBON_AWARE,12,500,short,49,0.0050,500,0.9453,2.5465,0.016768,0.018131,4.5191,0.5320,0.007654,0.005302,177
CARBON_AWARE-h12-short-s47,CARBON_AWARE,12,500,short,47,0.0050,500,0.8256,2.3323,0.016606,0.018131,4.2917,0.5920,0.007429,0.005036,182
CARBON_AWARE-h12-short-s52,CARBON_AWARE,12,500,short,52,0.0050,500,0.8359,2.4357,0.016627,0.018131,4.4198,0.6040,0.007675,0.005186,174
CARBON_AWARE-h12-short-s50,CARBON_AWARE,12,500,short,50,0.0050,500,0.8661,2.5131,0.016734,0.018131,4.3755,0.5500,0.007520,0.005134,176
CARBON_AWARE-h12-short-s51,CARBON_AWARE,12,500,short,51,0.0050,500,0.8541,2.5746,0.016580,0.018131,4.4082,0.5600,0.007613,0.005172,174
CARBON_AWARE-h12-short-s53,CARBON_AWARE,12,500,short,53,0.0050,500,0.7807,2.1151,0.016651,0.018131,4.2672,0.5740,0.007472,0.005007,171
CARBON_AWARE-h12-short-s55,CARBON_AWARE,12,500,short,55,0.0050,500,1.0249,2.5921,0.016817,0.018131,4.6508,0.5240,0.007762,0.005457,183
CARBON_AWARE-h12-short-s54,CARBON_AWARE,12,500,short,54,0.0050,500,0.7948,2.1471,0.016637,0.018131,4.3735,0.6000,0.007664,0.005132,184
CARBON_AWARE-h12-short-s56,CARBON_AWARE,12,500,short,56,0.0050,500,0.8282,2.3518,0.016566,0.018131,4.3345,0.5760,0.007513,0.005086,185
CARBON_AWARE-h12-short-s57,CARBON_AWARE,12,500,short,57,0.0050,500,0.9961,2.6278,0.016823,0.018131,4.5129,0.5300,0.007535,0.005295,184
CARBON_AWARE-h12-short-s59,CARBON_AWARE,12,500,short,59,0.0050,500,0.7961,2.1920,0.016606,0.018131,4.3487,0.5860,0.007610,0.005102,176
CARBON_AWARE-h12-short-s58,CARBON_AWARE,12,500,short,58,0.0050,500,0.7995,2.1724,0.016534,0.018131,4.3342,0.5820,0.007572,0.005085,172
CARBON_AWARE-h12-short-s61,CARBON_AWARE,12,500,short,61,0.0050,500,0.8193,2.4160,0.016586,0.018131,4.3057,0.5880,0.007472,0.005052,180
CARBON_AWARE-h12-short-s60,CARBON_AWARE,12,500,short,60,0.0050,500,0.6746,1.9408,0.016429,0.018131,4.1748,0.6460,0.007500,0.004898,178
BLENDED-h12-short-s43,BLENDED,12,500,short,43,0.0050,500,0.9863,2.6192,0.016764,0.018131,4.4956,0.5240,0.007519,0.005275,181
BLENDED-h12-short-s42,BLENDED,12,500,short,42,0.0050,500,0.7685,2.1471,0.016585,0.018131,4.2372,0.5940,0.007435,0.004972,183
BLENDED-h12-short-s44,BLENDED,12,500,short,44,0.0050,500,0.7578,2.2931,0.016604,0.018131,4.2913,0.6440,0.007570,0.005035,181
BLENDED-h12-short-s45,BLENDED,12,500,short,45,0.0050,500,0.7066,1.9542,0.016381,0.018131,4.2316,0.6280,0.007552,0.004965,182
BLENDED-h12-short-s49,BLENDED,12,500,short,49,0.0050,500,0.9453,2.5465,0.016768,0.018131,4.5191,0.5320,0.007654,0.005302,174
BLENDED-h12-short-s47,BLENDED,12,500,short,47,0.0050,500,0.8256,2.3323,0.016606,0.018131,4.2917,0.5920,0.007429,0.005036,177
BLENDED-h12-short-s48,BLENDED,12,500,short,48,0.0050,500,0.8717,2.4354,0.016683,0.018131,4.3142,0.5420,0.007380,0.005062,176
BLENDED-h12-short-s46,BLENDED,12,500,short,46,0.0050,500,0.7587,2.2535,0.016560,0.018131,4.2856,0.6000,0.007556,0.005028,174
BLENDED-h12-short-s53,BLENDED,12,500,short,53,0.0050,500,0.7807,2.1151,0.016651,0.018131,4.2672,0.5740,0.007472,0.005007,170
BLENDED-h12-short-s52,BLENDED,12,500,short,52,0.0050,500,0.8359,2.4357,0.016627,0.018131,4.4198,0.6040,0.007675,0.005186,181
BLENDED-h12-short-s51,BLENDED,12,500,short,51,0.0050,500,0.8541,2.5746,0.016580,0.018131,4.4082,0.5600,0.007613,0.005172,185
BLENDED-h12-short-s50,BLENDED,12,500,short,50,0.0050,500,0.8661,2.5131,0.016734,0.018131,4.3755,0.5500,0.007520,0.005134,188
BLENDED-h12-short-s54,BLENDED,12,500,short,54,0.0050,500,0.7948,2.1471,0.016637,0.018131,4.3735,0.6000,0.007664,0.005132,171
BLENDED-h12-short-s56,BLENDED,12,500,short,56,0.0050,500,0.8282,2.3518,0.016566,0.018131,4.3345,0.5760,0.007513,0.005086,164
BLENDED-h12-short-s57,BLENDED,12,500,short,57,0.0050,500,0.9961,2.6278,0.016823,0.018131,4.5129,0.5300,0.007535,0.005295,166
BLENDED-h12-short-s55,BLENDED,12,500,short,55,0.0050,500,1.0249,2.5921,0.016817,0.018131,4.6508,0.5240,0.007762,0.005457,171
BLENDED-h12-short-s59,BLENDED,12,500,short,59,0.0050,500,0.7961,2.1920,0.016606,0.018131,4.3487,0.5860,0.007610,0.005102,179
BLENDED-h12-short-s60,BLENDED,12,500,short,60,0.0050,500,0.6746,1.9408,0.016429,0.018131,4.1748,0.6460,0.007500,0.004898,181
BLENDED-h12-short-s61,BLENDED,12,500,short,61,0.0050,500,0.8193,2.4160,0.016586,0.018131,4.3057,0.5880,0.007472,0.005052,184
BLENDED-h12-short-s58,BLENDED,12,500,short,58,0.0050,500,0.7995,2.1724,0.016534,0.018131,4.3342,0.5820,0.007572,0.005085,184
LATENCY_GREEDY-h15-short-s44,LATENCY_GREEDY,15,500,short,44,0.0050,500,0.0405,0.0593,0.012160,0.012298,1.9429,1.0000,0.003963,0.027267,171
LATENCY_GREEDY-h15-short-s42,LATENCY_GREEDY,15,500,short,42,0.0050,500,0.0388,0.0597,0.012147,0.012331,1.9484,1.0000,0.003978,0.026998,177
LATENCY_GREEDY-h15-short-s45,LATENCY_GREEDY,15,500,short,45,0.0050,500,0.0401,0.0600,0.012134,0.012326,1.9471,1.0000,0.003973,0.027399,174
LATENCY_GREEDY-h15-short-s43,LATENCY_GREEDY,15,500,short,43,0.0050,500,0.0404,0.0602,0.012226,0.012428,2.0231,1.0000,0.004131,0.029013,175
LATENCY_GREEDY-h15-short-s47,LATENCY_GREEDY,15,500,short,47,0.0050,500,0.0394,0.0605,0.012175,0.012372,1.9657,1.0000,0.004013,0.027957,165
LATENCY_GREEDY-h15-short-s46,LATENCY_GREEDY,15,500,short,46,0.0050,500,0.0395,0.0605,0.012150,0.012340,1.9564,1.0000,0.003993,0.027952,172
LATENCY_GREEDY-h15-short-s49,LATENCY_GREEDY,15,500,short,49,0.0050,500,0.0404,0.0600,0.012204,0.012460,2.0156,1.0000,0.004115,0.028841,168
LATENCY_GREEDY-h15-short-s48,LATENCY_GREEDY,15,500,short,48,0.0050,500,0.0388,0.0607,0.012179,0.012349,1.9750,1.0000,0.004034,0.027932,170
LATENCY_GREEDY-h15-short-s52,LATENCY_GREEDY,15,500,short,52,0.0050,500,0.0401,0.0601,0.012185,0.012439,2.0055,1.0000,0.004095,0.028643,169
LATENCY_GREEDY-h15-short-s50,LATENCY_GREEDY,15,500,short,50,0.0050,500,0.0389,0.0598,0.012175,0.012460,1.9883,1.0000,0.004061,0.027960,173
LATENCY_GREEDY-h15-short-s51,LATENCY_GREEDY,15,500,short,51,0.0050,500,0.0395,0.0597,0.012186,0.012406,2.0204,1.0000,0.004127,0.028795,185
LATENCY_GREEDY-h15-short-s53,LATENCY_GREEDY,15,500,short,53,0.0050,500,0.0399,0.0610,0.012150,0.012313,1.9251,1.0000,0.003928,0.026742,180
LATENCY_GREEDY-h15-short-s54,LATENCY_GREEDY,15,500,short,54,0.0050,500,0.0393,0.0593,0.012164,0.012329,2.0130,1.0000,0.004112,0.027893,163
LATENCY_GREEDY-h15-short-s55,LATENCY_GREEDY,15,500,short,55,0.0050,500,0.0397,0.0590,0.012237,0.012456,2.0979,1.0000,0.004288,0.029290,168
LATENCY_GREEDY-h15-short-s56,LATENCY_GREEDY,15,500,short,56,0.0050,500,0.0393,0.0610,0.012173,0.012369,1.9873,1.0000,0.004058,0.027247,162
LATENCY_GREEDY-h15-short-s57,LATENCY_GREEDY,15,500,short,57,0.0050,500,0.0397,0.0605,0.012229,0.012442,2.0222,1.0000,0.004130,0.027738,174
LATENCY_GREEDY-h15-short-s58,LATENCY_GREEDY,15,500,short,58,0.0050,500,0.0387,0.0598,0.012157,0.012342,1.9950,1.0000,0.004076,0.027838,167
LATENCY_GREEDY-h15-short-s60,LATENCY_GREEDY,15,500,short,60,0.0050,500,0.0391,0.0601,0.012126,0.012310,1.9338,1.0000,0.003947,0.027133,170
LATENCY_GREEDY-h15-short-s61,LATENCY_GREEDY,15,500,short,61,0.0050,500,0.0395,0.0589,0.012178,0.012342,1.9674,1.0000,0.004016,0.028076,166
LATENCY_GREEDY-h15-short-s59,LATENCY_GREEDY,15,500,short,59,0.0050,500,0.0396,0.0606,0.012164,0.012370,1.9961,1.0000,0.004076,0.027567,172
CARBON_AWARE-h15-short-s45,CARBON_AWARE,15,500,short,45,0.0050,500,0.7066,1.9542,0.016381,0.018131,4.2316,0.6280,0.007552,0.005276,181
CARBON_AWARE-h15-short-s43,CARBON_AWARE,15,500,short,43,0.0050,500,0.9863,2.6192,0.016764,0.018131,4.4956,0.5240,0.007519,0.005605,184
CARBON_AWARE-h15-short-s42,CARBON_AWARE,15,500,short,42,0.0050,500,0.7685,2.1471,0.016585,0.018131,4.2372,0.5940,0.007435,0.005282,187
CARBON_AWARE-h15-short-s44,CARBON_AWARE,15,500,short,44,0.0050,500,0.7578,2.2931,0.016604,0.018131,4.2913,0.6440,0.007570,0.005350,188
CARBON_AWARE-h15-short-s46,CARBON_AWARE,15,500,short,46,0.0050,500,0.7587,2.2535,0.016560,0.018131,4.2856,0.6000,0.007556,0.005343,183
CARBON_AWARE-h15-short-s47,CARBON_AWARE,15,500,short,47,0.0050,500,0.8256,2.3323,0.016606,0.018131,4.2917,0.5920,0.007429,0.005350,185
CARBON_AWARE-h15-short-s48,CARBON_AWARE,15,500,short,48,0.0050,500,0.8717,2.4354,0.016683,0.018131,4.3142,0.5420,0.007380,0.005378,184
CARBON_AWARE-h15-short-s49,CARBON_AWARE,15,500,short,49,0.0050,500,0.9453,2.5465,0.016768,0.018131,4.5191,0.5320,0.007654,0.005634,192
CARBON_AWARE-h15-short-s52,CARBON_AWARE,15,500,short,52,0.0050,500,0.8359,2.4357,0.016627,0.018131,4.4198,0.6040,0.007675,0.005510,177
CARBON_AWARE-h15-short-s53,CARBON_AWARE,15,500,short,53,0.0050,500,0.7807,2.1151,0.016651,0.018131,4.2672,0.5740,0.007472,0.005320,176
CARBON_AWARE-h15-short-s50,CARBON_AWARE,15,500,short,50,0.0050,500,0.8661,2.5131,0.016734,0.018131,4.3755,0.5500,0.007520,0.005455,179
CARBON_AWARE-h15-short-s51,CARBON_AWARE,15,500,short,51,0.0050,500,0.8541,2.5746,0.016580,0.018131,4.4082,0.5600,0.007613,0.005496,173
CARBON_AWARE-h15-short-s55,CARBON_AWARE,15,500,short,55,0.0050,500,1.0249,2.5921,0.016817,0.018131,4.6508,0.5240,0.007762,0.005798,177
CARBON_AWARE-h15-short-s57,CARBON_AWARE,15,500,short,57,0.0050,500,0.9961,2.6278,0.016823,0.018131,4.5129,0.5300,0.007535,0.005626,178
CARBON_AWARE-h15-short-s54,CARBON_AWARE,15,500,short,54,0.0050,500,0.7948,2.1471,0.016637,0.018131,4.3735,0.6000,0.007664,0.005452,180
CARBON_AWARE-h15-short-s56,CARBON_AWARE,15,500,short,56,0.0050,500,0.8282,2.3518,0.016566,0.018131,4.3345,0.5760,0.007513,0.005404,183
CARBON_AWARE-h15-short-s59,CARBON_AWARE,15,500,short,59,0.0050,500,0.7961,2.1920,0.016606,0.018131,4.3487,0.5860,0.007610,0.005421,169
CARBON_AWARE-h15-short-s58,CARBON_AWARE,15,500,short,58,0.0050,500,0.7995,2.1724,0.016534,0.018131,4.3342,0.5820,0.007572,0.005403,180
CARBON_AWARE-h15-short-s61,CARBON_AWARE,15,500,short,61,0.0050,500,0.8193,2.4160,0.016586,0.018131,4.3057,0.5880,0.007472,0.005368,181
CARBON_AWARE-h15-short-s60,CARBON_AWARE,15,500,short,60,0.0050,500,0.6746,1.9408,0.016429,0.018131,4.1748,0.6460,0.007500,0.005205,189
BLENDED-h15-short-s42,BLENDED,15,500,short,42,0.0050,500,0.7685,2.1471,0.016585,0.018131,4.2372,0.5940,0.007435,0.005282,182
BLENDED-h15-short-s44,BLENDED,15,500,short,44,0.0050,500,0.7578,2.2931,0.016604,0.018131,4.2913,0.6440,0.007570,0.005350,174
BLENDED-h15-short-s45,BLENDED,15,500,short,45,0.0050,500,0.7066,1.9542,0.016381,0.018131,4.2316,0.6280,0.007552,0.005276,176
BLENDED-h15-short-s43,BLENDED,15,500,short,43,0.0050,500,0.9863,2.6192,0.016764,0.018131,4.4956,0.5240,0.007519,0.005605,188
BLENDED-h15-short-s47,BLENDED,15,500,short,47,0.0050,500,0.8256,2.3323,0.016606,0.018131,4.2917,0.5920,0.007429,0.005350,168
BLENDED-h15-short-s46,BLENDED,15,500,short,46,0.0050,500,0.7587,2.2535,0.016560,0.018131,4.2856,0.6000,0.007556,0.005343,174
BLENDED-h15-short-s49,BLENDED,15,500,short,49,0.0050,500,0.9453,2.5465,0.016768,0.018131,4.5191,0.5320,0.007654,0.005634,178
BLENDED-h15-short-s48,BLENDED,15,500,short,48,0.0050,500,0.8717,2.4354,0.016683,0.018131,4.3142,0.5420,0.007380,0.005378,186
BLENDED-h15-short-s50,BLENDED,15,500,short,50,0.0050,500,0.8661,2.5131,0.016734,0.018131,4.3755,0.5500,0.007520,0.005455,169
BLENDED-h15-short-s51,BLENDED,15,500,short,51,0.0050,500,0.8541,2.5746,0.016580,0.018131,4.4082,0.5600,0.007613,0.005496,171
BLENDED-h15-short-s53,BLENDED,15,500,short,53,0.0050,500,0.7807,2.1151,0.016651,0.018131,4.2672,0.5740,0.007472,0.005320,181
BLENDED-h15-short-s52,BLENDED,15,500,short,52,0.0050,500,0.8359,2.4357,0.016627,0.018131,4.4198,0.6040,0.007675,0.005510,174
BLENDED-h15-short-s54,BLENDED,15,500,short,54,0.0050,500,0.7948,2.1471,0.016637,0.018131,4.3735,0.6000,0.007664,0.005452,181
BLENDED-h15-short-s56,BLENDED,15,500,short,56,0.0050,500,0.8282,2.3518,0.016566,0.018131,4.3345,0.5760,0.007513,0.005404,177
BLENDED-h15-short-s55,BLENDED,15,500,short,55,0.0050,500,1.0249,2.5921,0.016817,0.018131,4.6508,0.5240,0.007762,0.005798,172
BLENDED-h15-short-s57,BLENDED,15,500,short,57,0.0050,500,0.9961,2.6278,0.016823,0.018131,4.5129,0.5300,0.007535,0.005626,165
BLENDED-h15-short-s59,BLENDED,15,500,short,59,0.0050,500,0.7961,2.1920,0.016606,0.018131,4.3487,0.5860,0.007610,0.005421,172
BLENDED-h15-short-s60,BLENDED,15,500,short,60,0.0050,500,0.6746,1.9408,0.016429,0.018131,4.1748,0.6460,0.007500,0.005205,170
BLENDED-h15-short-s61,BLENDED,15,500,short,61,0.0050,500,0.8193,2.4160,0.016586,0.018131,4.3057,0.5880,0.007472,0.005368,176
BLENDED-h15-short-s58,BLENDED,15,500,short,58,0.0050,500,0.7995,2.1724,0.016534,0.018131,4.3342,0.5820,0.007572,0.005403,180
LATENCY_GREEDY-h18-short-s43,LATENCY_GREEDY,18,500,short,43,0.0050,500,0.0404,0.0602,0.012226,0.012428,2.0231,1.0000,0.004131,0.035778,158
LATENCY_GREEDY-h18-short-s44,LATENCY_GREEDY,18,500,short,44,0.0050,500,0.0405,0.0593,0.012160,0.012298,1.9429,1.0000,0.003963,0.033740,160
LATENCY_GREEDY-h18-short-s42,LATENCY_GREEDY,18,500,short,42,0.0050,500,0.0388,0.0597,0.012147,0.012331,1.9484,1.0000,0.003978,0.033418,165
LATENCY_GREEDY-h18-short-s45,LATENCY_GREEDY,18,500,short,45,0.0050,500,0.0401,0.0600,0.012134,0.012326,1.9471,1.0000,0.003973,0.033945,166
LATENCY_GREEDY-h18-short-s46,LATENCY_GREEDY,18,500,short,46,0.0050,500,0.0395,0.0605,0.012150,0.012340,1.9564,1.0000,0.003993,0.034481,168
LATENCY_GREEDY-h18-short-s49,LATENCY_GREEDY,18,500,short,49,0.0050,500,0.0404,0.0600,0.012204,0.012460,2.0156,1.0000,0.004115,0.035452,170
LATENCY_GREEDY-h18-short-s48,LATENCY_GREEDY,18,500,short,48,0.0050,500,0.0388,0.0607,0.012179,0.012349,1.9750,1.0000,0.004034,0.034474,169
LATENCY_GREEDY-h18-short-s47,LATENCY_GREEDY,18,500,short,47,0.0050,500,0.0394,0.0605,0.012175,0.012372,1.9657,1.0000,0.004013,0.034593,169
LATENCY_GREEDY-h18-short-s53,LATENCY_GREEDY,18,500,short,53,0.0050,500,0.0399,0.0610,0.012150,0.012313,1.9251,1.0000,0.003928,0.033254,150
LATENCY_GREEDY-h18-short-s51,LATENCY_GREEDY,18,500,short,51,0.0050,500,0.0395,0.0597,0.012186,0.012406,2.0204,1.0000,0.004127,0.035726,162
LATENCY_GREEDY-h18-short-s50,LATENCY_GREEDY,18,500,short,50,0.0050,500,0.0389,0.0598,0.012175,0.012460,1.9883,1.0000,0.004061,0.034599,177
LATENCY_GREEDY-h18-short-s52,LATENCY_GREEDY,18,500,short,52,0.0050,500,0.0401,0.0601,0.012185,0.012439,2.0055,1.0000,0.004095,0.035465,183
LATENCY_GREEDY-h18-short-s54,LATENCY_GREEDY,18,500,short,54,0.0050,500,0.0393,0.0593,0.012164,0.012329,2.0130,1.0000,0.004112,0.034621,154
LATENCY_GREEDY-h18-short-s55,LATENCY_GREEDY,18,500,short,55,0.0050,500,0.0397,0.0590,0.012237,0.012456,2.0979,1.0000,0.004288,0.036219,166
LATENCY_GREEDY-h18-short-s56,LATENCY_GREEDY,18,500,short,56,0.0050,500,0.0393,0.0610,0.012173,0.012369,1.9873,1.0000,0.004058,0.034011,156
LATENCY_GREEDY-h18-short-s57,LATENCY_GREEDY,18,500,short,57,0.0050,500,0.0397,0.0605,0.012229,0.012442,2.0222,1.0000,0.004130,0.034433,168
LATENCY_GREEDY-h18-short-s58,LATENCY_GREEDY,18,500,short,58,0.0050,500,0.0387,0.0598,0.012157,0.012342,1.9950,1.0000,0.004076,0.034585,171
LATENCY_GREEDY-h18-short-s59,LATENCY_GREEDY,18,500,short,59,0.0050,500,0.0396,0.0606,0.012164,0.012370,1.9961,1.0000,0.004076,0.034327,175
LATENCY_GREEDY-h18-short-s61,LATENCY_GREEDY,18,500,short,61,0.0050,500,0.0395,0.0589,0.012178,0.012342,1.9674,1.0000,0.004016,0.034729,154
LATENCY_GREEDY-h18-short-s60,LATENCY_GREEDY,18,500,short,60,0.0050,500,0.0391,0.0601,0.012126,0.012310,1.9338,1.0000,0.003947,0.033573,163
CARBON_AWARE-h18-short-s45,CARBON_AWARE,18,500,short,45,0.0050,500,0.7066,1.9542,0.016381,0.018131,4.2316,0.6280,0.007552,0.005896,181
CARBON_AWARE-h18-short-s42,CARBON_AWARE,18,500,short,42,0.0050,500,0.7685,2.1471,0.016585,0.018131,4.2372,0.5940,0.007435,0.005904,180
CARBON_AWARE-h18-short-s44,CARBON_AWARE,18,500,short,44,0.0050,500,0.7578,2.2931,0.016604,0.018131,4.2913,0.6440,0.007570,0.005979,184
CARBON_AWARE-h18-short-s43,CARBON_AWARE,18,500,short,43,0.0050,500,0.9863,2.6192,0.016764,0.018131,4.4956,0.5240,0.007519,0.006264,182
CARBON_AWARE-h18-short-s49,CARBON_AWARE,18,500,short,49,0.0050,500,0.9453,2.5465,0.016768,0.018131,4.5191,0.5320,0.007654,0.006297,168
CARBON_AWARE-h18-short-s47,CARBON_AWARE,18,500,short,47,0.0050,500,0.8256,2.3323,0.016606,0.018131,4.2917,0.5920,0.007429,0.005980,171
CARBON_AWARE-h18-short-s46,CARBON_AWARE,18,500,short,46,0.0050,500,0.7587,2.2535,0.016560,0.018131,4.2856,0.6000,0.007556,0.005971,173
CARBON_AWARE-h18-short-s48,CARBON_AWARE,18,500,short,48,0.0050,500,0.8717,2.4354,0.016683,0.018131,4.3142,0.5420,0.007380,0.006011,178
CARBON_AWARE-h18-short-s53,CARBON_AWARE,18,500,short,53,0.0050,500,0.7807,2.1151,0.016651,0.018131,4.2672,0.5740,0.007472,0.005946,168
CARBON_AWARE-h18-short-s52,CARBON_AWARE,18,500,short,52,0.0050,500,0.8359,2.4357,0.016627,0.018131,4.4198,0.6040,0.007675,0.006158,170
CARBON_AWARE-h18-short-s50,CARBON_AWARE,18,500,short,50,0.0050,500,0.8661,2.5131,0.016734,0.018131,4.3755,0.5500,0.007520,0.006097,169
CARBON_AWARE-h18-short-s51,CARBON_AWARE,18,500,short,51,0.0050,500,0.8541,2.5746,0.016580,0.018131,4.4082,0.5600,0.007613,0.006142,172
CARBON_AWARE-h18-short-s57,CARBON_AWARE,18,500,short,57,0.0050,500,0.9961,2.6278,0.016823,0.018131,4.5129,0.5300,0.007535,0.006288,172
CARBON_AWARE-h18-short-s56,CARBON_AWARE,18,500,short,56,0.0050,500,0.8282,2.3518,0.016566,0.018131,4.3345,0.5760,0.007513,0.006039,172
CARBON_AWARE-h18-short-s55,CARBON_AWARE,18,500,short,55,0.0050,500,1.0249,2.5921,0.016817,0.018131,4.6508,0.5240,0.007762,0.006480,173
CARBON_AWARE-h18-short-s54,CARBON_AWARE,18,500,short,54,0.0050,500,0.7948,2.1471,0.016637,0.018131,4.3735,0.6000,0.007664,0.006094,180
CARBON_AWARE-h18-short-s59,CARBON_AWARE,18,500,short,59,0.0050,500,0.7961,2.1920,0.016606,0.018131,4.3487,0.5860,0.007610,0.006059,169
CARBON_AWARE-h18-short-s58,CARBON_AWARE,18,500,short,58,0.0050,500,0.7995,2.1724,0.016534,0.018131,4.3342,0.5820,0.007572,0.006039,172
CARBON_AWARE-h18-short-s61,CARBON_AWARE,18,500,short,61,0.0050,500,0.8193,2.4160,0.016586,0.018131,4.3057,0.5880,0.007472,0.005999,177
CARBON_AWARE-h18-short-s60,CARBON_AWARE,18,500,short,60,0.0050,500,0.6746,1.9408,0.016429,0.018131,4.1748,0.6460,0.007500,0.005817,173
BLENDED-h18-short-s44,BLENDED,18,500,short,44,0.0050,500,0.7578,2.2931,0.016604,0.018131,4.2913,0.6440,0.007570,0.005979,173
BLENDED-h18-short-s45,BLENDED,18,500,short,45,0.0050,500,0.7066,1.9542,0.016381,0.018131,4.2316,0.6280,0.007552,0.005896,174
BLENDED-h18-short-s43,BLENDED,18,500,short,43,0.0050,500,0.9863,2.6192,0.016764,0.018131,4.4956,0.5240,0.007519,0.006264,181
BLENDED-h18-short-s42,BLENDED,18,500,short,42,0.0050,500,0.7685,2.1471,0.016585,0.018131,4.2372,0.5940,0.007435,0.005904,190
BLENDED-h18-short-s48,BLENDED,18,500,short,48,0.0050,500,0.8717,2.4354,0.016683,0.018131,4.3142,0.5420,0.007380,0.006011,169
BLENDED-h18-short-s49,BLENDED,18,500,short,49,0.0050,500,0.9453,2.5465,0.016768,0.018131,4.5191,0.5320,0.007654,0.006297,176
BLENDED-h18-short-s47,BLENDED,18,500,short,47,0.0050,500,0.8256,2.3323,0.016606,0.018131,4.2917,0.5920,0.007429,0.005980,186
BLENDED-h18-short-s46,BLENDED,18,500,short,46,0.0050,500,0.7587,2.2535,0.016560,0.018131,4.2856,0.6000,0.007556,0.005971,189
BLENDED-h18-short-s50,BLENDED,18,500,short,50,0.0050,500,0.8661,2.5131,0.016734,0.018131,4.3755,0.5500,0.007520,0.006097,190
BLENDED-h18-short-s52,BLENDED,18,500,short,52,0.0050,500,0.8359,2.4357,0.016627,0.018131,4.4198,0.6040,0.007675,0.006158,175
BLENDED-h18-short-s51,BLENDED,18,500,short,51,0.0050,500,0.8541,2.5746,0.016580,0.018131,4.4082,0.5600,0.007613,0.006142,192
BLENDED-h18-short-s53,BLENDED,18,500,short,53,0.0050,500,0.7807,2.1151,0.016651,0.018131,4.2672,0.5740,0.007472,0.005946,198
BLENDED-h18-short-s55,BLENDED,18,500,short,55,0.0050,500,1.0249,2.5921,0.016817,0.018131,4.6508,0.5240,0.007762,0.006480,176
BLENDED-h18-short-s57,BLENDED,18,500,short,57,0.0050,500,0.9961,2.6278,0.016823,0.018131,4.5129,0.5300,0.007535,0.006288,167
BLENDED-h18-short-s56,BLENDED,18,500,short,56,0.0050,500,0.8282,2.3518,0.016566,0.018131,4.3345,0.5760,0.007513,0.006039,177
BLENDED-h18-short-s54,BLENDED,18,500,short,54,0.0050,500,0.7948,2.1471,0.016637,0.018131,4.3735,0.6000,0.007664,0.006094,200
BLENDED-h18-short-s61,BLENDED,18,500,short,61,0.0050,500,0.8193,2.4160,0.016586,0.018131,4.3057,0.5880,0.007472,0.005999,168
BLENDED-h18-short-s60,BLENDED,18,500,short,60,0.0050,500,0.6746,1.9408,0.016429,0.018131,4.1748,0.6460,0.007500,0.005817,183
BLENDED-h18-short-s58,BLENDED,18,500,short,58,0.0050,500,0.7995,2.1724,0.016534,0.018131,4.3342,0.5820,0.007572,0.006039,187
BLENDED-h18-short-s59,BLENDED,18,500,short,59,0.0050,500,0.7961,2.1920,0.016606,0.018131,4.3487,0.5860,0.007610,0.006059,187
LATENCY_GREEDY-h21-short-s43,LATENCY_GREEDY,21,500,short,43,0.0050,500,0.0404,0.0602,0.012226,0.012428,2.0231,1.0000,0.004131,0.034778,164
LATENCY_GREEDY-h21-short-s44,LATENCY_GREEDY,21,500,short,44,0.0050,500,0.0405,0.0593,0.012160,0.012298,1.9429,1.0000,0.003963,0.032783,167
LATENCY_GREEDY-h21-short-s45,LATENCY_GREEDY,21,500,short,45,0.0050,500,0.0401,0.0600,0.012134,0.012326,1.9471,1.0000,0.003973,0.032980,164
LATENCY_GREEDY-h21-short-s42,LATENCY_GREEDY,21,500,short,42,0.0050,500,0.0388,0.0597,0.012147,0.012331,1.9484,1.0000,0.003978,0.032468,163
LATENCY_GREEDY-h21-short-s49,LATENCY_GREEDY,21,500,short,49,0.0050,500,0.0404,0.0600,0.012204,0.012460,2.0156,1.0000,0.004115,0.034469,165
LATENCY_GREEDY-h21-short-s46,LATENCY_GREEDY,21,500,short,46,0.0050,500,0.0395,0.0605,0.012150,0.012340,1.9564,1.0000,0.003993,0.033515,172
LATENCY_GREEDY-h21-short-s48,LATENCY_GREEDY,21,500,short,48,0.0050,500,0.0388,0.0607,0.012179,0.012349,1.9750,1.0000,0.004034,0.033505,166
LATENCY_GREEDY-h21-short-s47,LATENCY_GREEDY,21,500,short,47,0.0050,500,0.0394,0.0605,0.012175,0.012372,1.9657,1.0000,0.004013,0.033615,166
LATENCY_GREEDY-h21-short-s53,LATENCY_GREEDY,21,500,short,53,0.0050,500,0.0399,0.0610,0.012150,0.012313,1.9251,1.0000,0.003928,0.032297,161
LATENCY_GREEDY-h21-short-s50,LATENCY_GREEDY,21,500,short,50,0.0050,500,0.0389,0.0598,0.012175,0.012460,1.9883,1.0000,0.004061,0.033618,163
LATENCY_GREEDY-h21-short-s52,LATENCY_GREEDY,21,500,short,52,0.0050,500,0.0401,0.0601,0.012185,0.012439,2.0055,1.0000,0.004095,0.034461,165
LATENCY_GREEDY-h21-short-s51,LATENCY_GREEDY,21,500,short,51,0.0050,500,0.0395,0.0597,0.012186,0.012406,2.0204,1.0000,0.004127,0.034709,175
LATENCY_GREEDY-h21-short-s54,LATENCY_GREEDY,21,500,short,54,0.0050,500,0.0393,0.0593,0.012164,0.012329,2.0130,1.0000,0.004112,0.033630,174
LATENCY_GREEDY-h21-short-s57,LATENCY_GREEDY,21,500,short,57,0.0050,500,0.0397,0.0605,0.012229,0.012442,2.0222,1.0000,0.004130,0.033445,176
LATENCY_GREEDY-h21-short-s56,LATENCY_GREEDY,21,500,short,56,0.0050,500,0.0393,0.0610,0.012173,0.012369,1.9873,1.0000,0.004058,0.033021,181
LATENCY_GREEDY-h21-short-s55,LATENCY_GREEDY,21,500,short,55,0.0050,500,0.0397,0.0590,0.012237,0.012456,2.0979,1.0000,0.004288,0.035193,193
LATENCY_GREEDY-h21-short-s59,LATENCY_GREEDY,21,500,short,59,0.0050,500,0.0396,0.0606,0.012164,0.012370,1.9961,1.0000,0.004076,0.033335,167
LATENCY_GREEDY-h21-short-s60,LATENCY_GREEDY,21,500,short,60,0.0050,500,0.0391,0.0601,0.012126,0.012310,1.9338,1.0000,0.003947,0.032621,170
LATENCY_GREEDY-h21-short-s58,LATENCY_GREEDY,21,500,short,58,0.0050,500,0.0387,0.0598,0.012157,0.012342,1.9950,1.0000,0.004076,0.033594,173
LATENCY_GREEDY-h21-short-s61,LATENCY_GREEDY,21,500,short,61,0.0050,500,0.0395,0.0589,0.012178,0.012342,1.9674,1.0000,0.004016,0.033748,172
CARBON_AWARE-h21-short-s42,CARBON_AWARE,21,500,short,42,0.0050,500,0.7685,2.1471,0.016585,0.018131,4.2372,0.5940,0.007435,0.005437,168
CARBON_AWARE-h21-short-s43,CARBON_AWARE,21,500,short,43,0.0050,500,0.9863,2.6192,0.016764,0.018131,4.4956,0.5240,0.007519,0.005769,163
CARBON_AWARE-h21-short-s44,CARBON_AWARE,21,500,short,44,0.0050,500,0.7578,2.2931,0.016604,0.018131,4.2913,0.6440,0.007570,0.005507,168
CARBON_AWARE-h21-short-s45,CARBON_AWARE,21,500,short,45,0.0050,500,0.7066,1.9542,0.016381,0.018131,4.2316,0.6280,0.007552,0.005430,165
CARBON_AWARE-h21-short-s49,CARBON_AWARE,21,500,short,49,0.0050,500,0.9453,2.5465,0.016768,0.018131,4.5191,0.5320,0.007654,0.005799,174
CARBON_AWARE-h21-short-s46,CARBON_AWARE,21,500,short,46,0.0050,500,0.7587,2.2535,0.016560,0.018131,4.2856,0.6000,0.007556,0.005500,174
CARBON_AWARE-h21-short-s47,CARBON_AWARE,21,500,short,47,0.0050,500,0.8256,2.3323,0.016606,0.018131,4.2917,0.5920,0.007429,0.005507,175
CARBON_AWARE-h21-short-s48,CARBON_AWARE,21,500,short,48,0.0050,500,0.8717,2.4354,0.016683,0.018131,4.3142,0.5420,0.007380,0.005536,178
CARBON_AWARE-h21-short-s51,CARBON_AWARE,21,500,short,51,0.0050,500,0.8541,2.5746,0.016580,0.018131,4.4082,0.5600,0.007613,0.005657,169
CARBON_AWARE-h21-short-s52,CARBON_AWARE,21,500,short,52,0.0050,500,0.8359,2.4357,0.016627,0.018131,4.4198,0.6040,0.007675,0.005672,178
CARBON_AWARE-h21-short-s53,CARBON_AWARE,21,500,short,53,0.0050,500,0.7807,2.1151,0.016651,0.018131,4.2672,0.5740,0.007472,0.005476,177
CARBON_AWARE-h21-short-s50,CARBON_AWARE,21,500,short,50,0.0050,500,0.8661,2.5131,0.016734,0.018131,4.3755,0.5500,0.007520,0.005615,181
CARBON_AWARE-h21-short-s57,CARBON_AWARE,21,500,short,57,0.0050,500,0.9961,2.6278,0.016823,0.018131,4.5129,0.5300,0.007535,0.005791,163
CARBON_AWARE-h21-short-s56,CARBON_AWARE,21,500,short,56,0.0050,500,0.8282,2.3518,0.016566,0.018131,4.3345,0.5760,0.007513,0.005562,173
CARBON_AWARE-h21-short-s54,CARBON_AWARE,21,500,short,54,0.0050,500,0.7948,2.1471,0.016637,0.018131,4.3735,0.6000,0.007664,0.005612,180
CARBON_AWARE-h21-short-s55,CARBON_AWARE,21,500,short,55,0.0050,500,1.0249,2.5921,0.016817,0.018131,4.6508,0.5240,0.007762,0.005968,186
CARBON_AWARE-h21-short-s60,CARBON_AWARE,21,500,short,60,0.0050,500,0.6746,1.9408,0.016429,0.018131,4.1748,0.6460,0.007500,0.005357,172
CARBON_AWARE-h21-short-s61,CARBON_AWARE,21,500,short,61,0.0050,500,0.8193,2.4160,0.016586,0.018131,4.3057,0.5880,0.007472,0.005525,184
CARBON_AWARE-h21-short-s59,CARBON_AWARE,21,500,short,59,0.0050,500,0.7961,2.1920,0.016606,0.018131,4.3487,0.5860,0.007610,0.005580,184
CARBON_AWARE-h21-short-s58,CARBON_AWARE,21,500,short,58,0.0050,500,0.7995,2.1724,0.016534,0.018131,4.3342,0.5820,0.007572,0.005562,189
BLENDED-h21-short-s44,BLENDED,21,500,short,44,0.0050,500,0.7578,2.2931,0.016604,0.018131,4.2913,0.6440,0.007570,0.005507,208
BLENDED-h21-short-s45,BLENDED,21,500,short,45,0.0050,500,0.7066,1.9542,0.016381,0.018131,4.2316,0.6280,0.007552,0.005430,208
BLENDED-h21-short-s42,BLENDED,21,500,short,42,0.0050,500,0.7685,2.1471,0.016585,0.018131,4.2372,0.5940,0.007435,0.005437,210
BLENDED-h21-short-s43,BLENDED,21,500,short,43,0.0050,500,0.9863,2.6192,0.016764,0.018131,4.4956,0.5240,0.007519,0.005769,222
BLENDED-h21-short-s47,BLENDED,21,500,short,47,0.0050,500,0.8256,2.3323,0.016606,0.018131,4.2917,0.5920,0.007429,0.005507,162
BLENDED-h21-short-s48,BLENDED,21,500,short,48,0.0050,500,0.8717,2.4354,0.016683,0.018131,4.3142,0.5420,0.007380,0.005536,165
BLENDED-h21-short-s46,BLENDED,21,500,short,46,0.0050,500,0.7587,2.2535,0.016560,0.018131,4.2856,0.6000,0.007556,0.005500,168
BLENDED-h21-short-s49,BLENDED,21,500,short,49,0.0050,500,0.9453,2.5465,0.016768,0.018131,4.5191,0.5320,0.007654,0.005799,173
BLENDED-h21-short-s51,BLENDED,21,500,short,51,0.0050,500,0.8541,2.5746,0.016580,0.018131,4.4082,0.5600,0.007613,0.005657,168
BLENDED-h21-short-s52,BLENDED,21,500,short,52,0.0050,500,0.8359,2.4357,0.016627,0.018131,4.4198,0.6040,0.007675,0.005672,168
BLENDED-h21-short-s50,BLENDED,21,500,short,50,0.0050,500,0.8661,2.5131,0.016734,0.018131,4.3755,0.5500,0.007520,0.005615,175
BLENDED-h21-short-s53,BLENDED,21,500,short,53,0.0050,500,0.7807,2.1151,0.016651,0.018131,4.2672,0.5740,0.007472,0.005476,166
BLENDED-h21-short-s56,BLENDED,21,500,short,56,0.0050,500,0.8282,2.3518,0.016566,0.018131,4.3345,0.5760,0.007513,0.005562,171
BLENDED-h21-short-s54,BLENDED,21,500,short,54,0.0050,500,0.7948,2.1471,0.016637,0.018131,4.3735,0.6000,0.007664,0.005612,175
BLENDED-h21-short-s57,BLENDED,21,500,short,57,0.0050,500,0.9961,2.6278,0.016823,0.018131,4.5129,0.5300,0.007535,0.005791,176
BLENDED-h21-short-s55,BLENDED,21,500,short,55,0.0050,500,1.0249,2.5921,0.016817,0.018131,4.6508,0.5240,0.007762,0.005968,174
BLENDED-h21-short-s59,BLENDED,21,500,short,59,0.0050,500,0.7961,2.1920,0.016606,0.018131,4.3487,0.5860,0.007610,0.005580,180
BLENDED-h21-short-s60,BLENDED,21,500,short,60,0.0050,500,0.6746,1.9408,0.016429,0.018131,4.1748,0.6460,0.007500,0.005357,184
BLENDED-h21-short-s58,BLENDED,21,500,short,58,0.0050,500,0.7995,2.1724,0.016534,0.018131,4.3342,0.5820,0.007572,0.005562,185
BLENDED-h21-short-s61,BLENDED,21,500,short,61,0.0050,500,0.8193,2.4160,0.016586,0.018131,4.3057,0.5880,0.007472,0.005525,188
LATENCY_GREEDY-h0-medium-s45,LATENCY_GREEDY,0,500,medium,45,0.0050,500,0.1246,0.1914,0.013318,0.013966,7.3160,1.0000,0.014982,0.115334,162
LATENCY_GREEDY-h0-medium-s43,LATENCY_GREEDY,0,500,medium,43,0.0050,500,0.1255,0.1954,0.013736,0.014656,7.7846,1.0000,0.015956,0.122303,183
LATENCY_GREEDY-h0-medium-s42,LATENCY_GREEDY,0,500,medium,42,0.0050,500,0.1266,0.1958,0.013536,0.014371,7.7020,1.0000,0.015782,0.120894,183
LATENCY_GREEDY-h0-medium-s44,LATENCY_GREEDY,0,500,medium,44,0.0050,500,0.1263,0.1943,0.013468,0.014265,7.5461,1.0000,0.015458,0.116508,192
LATENCY_GREEDY-h0-medium-s48,LATENCY_GREEDY,0,500,medium,48,0.0050,500,0.1242,0.1947,0.013570,0.014441,7.6263,1.0000,0.015629,0.117156,164
LATENCY_GREEDY-h0-medium-s47,LATENCY_GREEDY,0,500,medium,47,0.0050,500,0.1211,0.1933,0.013549,0.014592,7.6309,1.0000,0.015645,0.117699,161
LATENCY_GREEDY-h0-medium-s46,LATENCY_GREEDY,0,500,medium,46,0.0050,500,0.1257,0.1933,0.013515,0.014242,7.6229,1.0000,0.015619,0.119495,184
LATENCY_GREEDY-h0-medium-s49,LATENCY_GREEDY,0,500,medium,49,0.0050,500,0.1252,0.1970,0.013612,0.014278,7.7378,1.0000,0.015860,0.121323,167
LATENCY_GREEDY-h0-medium-s53,LATENCY_GREEDY,0,500,medium,53,0.0050,500,0.1286,0.1966,0.013521,0.014276,7.6495,1.0000,0.015668,0.116155,169
LATENCY_GREEDY-h0-medium-s51,LATENCY_GREEDY,0,500,medium,51,0.0050,500,0.1230,0.1948,0.013400,0.014086,7.3751,1.0000,0.015109,0.113018,168
LATENCY_GREEDY-h0-medium-s50,LATENCY_GREEDY,0,500,medium,50,0.0050,500,0.1238,0.1935,0.013594,0.014447,7.7476,1.0000,0.015883,0.117983,175
LATENCY_GREEDY-h0-medium-s52,LATENCY_GREEDY,0,500,medium,52,0.0050,500,0.1272,0.1933,0.013616,0.014501,7.9288,1.0000,0.016253,0.122050,176
LATENCY_GREEDY-h0-medium-s54,LATENCY_GREEDY,0,500,medium,54,0.0050,500,0.1230,0.1939,0.013386,0.014003,7.4810,1.0000,0.015329,0.118905,174
LATENCY_GREEDY-h0-medium-s57,LATENCY_GREEDY,0,500,medium,57,0.0050,500,0.1278,0.1925,0.013798,0.014620,7.9832,1.0000,0.016365,0.123487,177
LATENCY_GREEDY-h0-medium-s56,LATENCY_GREEDY,0,500,medium,56,0.0050,500,0.1258,0.1936,0.013562,0.014596,7.6519,1.0000,0.015679,0.118320,178
LATENCY_GREEDY-h0-medium-s55,LATENCY_GREEDY,0,500,medium,55,0.0050,500,0.1281,0.1946,0.013699,0.014511,7.8661,1.0000,0.016121,0.123688,176
LATENCY_GREEDY-h0-medium-s59,LATENCY_GREEDY,0,500,medium,59,0.0050,500,0.1255,0.1962,0.013461,0.014241,7.5205,1.0000,0.015406,0.116640,166
LATENCY_GREEDY-h0-medium-s60,LATENCY_GREEDY,0,500,medium,60,0.0050,500,0.1280,0.1930,0.013421,0.014036,7.4868,1.0000,0.015331,0.114958,171
LATENCY_GREEDY-h0-medium-s58,LATENCY_GREEDY,0,500,medium,58,0.0050,500,0.1254,0.1934,0.013468,0.014125,7.5481,1.0000,0.015464,0.118159,174
LATENCY_GREEDY-h0-medium-s61,LATENCY_GREEDY,0,500,medium,61,0.0050,500,0.1273,0.1940,0.013625,0.014418,7.6878,1.0000,0.015751,0.118977,168
CARBON_AWARE-h0-medium-s42,CARBON_AWARE,0,500,medium,42,0.0050,500,3.4212,9.6711,0.020383,0.023512,18.1000,0.5880,0.030789,0.018581,178
CARBON_AWARE-h0-medium-s45,CARBON_AWARE,0,500,medium,45,0.0050,500,2.3930,7.7472,0.019654,0.022495,16.5395,0.7800,0.029680,0.016979,179
CARBON_AWARE-h0-medium-s43,CARBON_AWARE,0,500,medium,43,0.0050,500,3.8913,11.0861,0.020645,0.023297,18.3569,0.5620,0.030345,0.018845,181
CARBON_AWARE-h0-medium-s44,CARBON_AWARE,0,500,medium,44,0.0050,500,3.0427,9.1505,0.020217,0.023136,17.6031,0.6580,0.030543,0.018071,179
CARBON_AWARE-h0-medium-s48,CARBON_AWARE,0,500,medium,48,0.0050,500,3.3273,10.8211,0.020251,0.023150,17.6594,0.6260,0.030067,0.018128,184
CARBON_AWARE-h0-medium-s49,CARBON_AWARE,0,500,medium,49,0.0050,500,3.5873,9.6603,0.020429,0.023319,18.1300,0.6000,0.030506,0.018612,190
CARBON_AWARE-h0-medium-s47,CARBON_AWARE,0,500,medium,47,0.0050,500,3.2561,10.0674,0.020065,0.023253,17.4965,0.6380,0.029876,0.017961,185
CARBON_AWARE-h0-medium-s46,CARBON_AWARE,0,500,medium,46,0.0050,500,3.0700,9.6725,0.020190,0.022824,17.6099,0.6440,0.030500,0.018078,189
CARBON_AWARE-h0-medium-s52,CARBON_AWARE,0,500,medium,52,0.0050,500,3.4042,10.3368,0.020405,0.023539,18.4053,0.6320,0.031460,0.018894,180
CARBON_AWARE-h0-medium-s51,CARBON_AWARE,0,500,medium,51,0.0050,500,2.8425,8.9923,0.019834,0.022450,16.8634,0.7140,0.029419,0.017311,179
CARBON_AWARE-h0-medium-s53,CARBON_AWARE,0,500,medium,53,0.0050,500,3.2832,9.2659,0.020472,0.023199,18.0577,0.6000,0.030988,0.018537,184
CARBON_AWARE-h0-medium-s50,CARBON_AWARE,0,500,medium,50,0.0050,500,3.4995,10.1582,0.020367,0.022781,18.0156,0.5680,0.030450,0.018494,186
CARBON_AWARE-h0-medium-s57,CARBON_AWARE,0,500,medium,57,0.0050,500,4.1309,11.2675,0.020841,0.023947,19.0211,0.5620,0.031229,0.019526,189
CARBON_AWARE-h0-medium-s56,CARBON_AWARE,0,500,medium,56,0.0050,500,3.2872,11.0844,0.020285,0.023950,17.8122,0.6620,0.030469,0.018285,192
CARBON_AWARE-h0-medium-s54,CARBON_AWARE,0,500,medium,54,0.0050,500,2.6664,7.6994,0.019920,0.022477,16.9858,0.7440,0.030040,0.017437,192
CARBON_AWARE-h0-medium-s55,CARBON_AWARE,0,500,medium,55,0.0050,500,3.8657,10.4945,0.020818,0.023921,18.7308,0.5480,0.031177,0.019229,196
CARBON_AWARE-h0-medium-s58,CARBON_AWARE,0,500,medium,58,0.0050,500,3.1376,8.8376,0.020137,0.023161,17.5730,0.6320,0.030282,0.018040,181
CARBON_AWARE-h0-medium-s61,CARBON_AWARE,0,500,medium,61,0.0050,500,3.4820,10.5280,0.020403,0.023584,18.0608,0.6460,0.030581,0.018540,180
CARBON_AWARE-h0-medium-s59,CARBON_AWARE,0,500,medium,59,0.0050,500,3.0909,9.3705,0.020181,0.023486,17.5428,0.6540,0.030316,0.018009,190
CARBON_AWARE-h0-medium-s60,CARBON_AWARE,0,500,medium,60,0.0050,500,2.9533,8.7631,0.020248,0.023082,17.4977,0.6320,0.030509,0.017962,200
BLENDED-h0-medium-s42,BLENDED,0,500,medium,42,0.0050,500,3.4212,9.6711,0.020383,0.023512,18.1000,0.5880,0.030789,0.018581,178
BLENDED-h0-medium-s44,BLENDED,0,500,medium,44,0.0050,500,3.0427,9.1505,0.020217,0.023136,17.6031,0.6580,0.030543,0.018071,175
BLENDED-h0-medium-s45,BLENDED,0,500,medium,45,0.0050,500,2.3930,7.7472,0.019654,0.022495,16.5395,0.7800,0.029680,0.016979,180
BLENDED-h0-medium-s43,BLENDED,0,500,medium,43,0.0050,500,3.8913,11.0861,0.020645,0.023297,18.3569,0.5620,0.030345,0.018845,186
BLENDED-h0-medium-s48,BLENDED,0,500,medium,48,0.0050,500,3.3273,10.8211,0.020251,0.023150,17.6594,0.6260,0.030067,0.018128,177
BLENDED-h0-medium-s47,BLENDED,0,500,medium,47,0.0050,500,3.2561,10.0674,0.020065,0.023253,17.4965,0.6380,0.029876,0.017961,186
BLENDED-h0-medium-s46,BLENDED,0,500,medium,46,0.0050,500,3.0700,9.6725,0.020190,0.022824,17.6099,0.6440,0.030500,0.018078,184
BLENDED-h0-medium-s49,BLENDED,0,500,medium,49,0.0050,500,3.5873,9.6603,0.020429,0.023319,18.1300,0.6000,0.030506,0.018612,191
BLENDED-h0-medium-s51,BLENDED,0,500,medium,51,0.0050,500,2.8425,8.9923,0.019834,0.022450,16.8634,0.7140,0.029419,0.017311,180
BLENDED-h0-medium-s52,BLENDED,0,500,medium,52,0.0050,500,3.4042,10.3368,0.020405,0.023539,18.4053,0.6320,0.031460,0.018894,177
BLENDED-h0-medium-s50,BLENDED,0,500,medium,50,0.0050,500,3.4995,10.1582,0.020367,0.022781,18.0156,0.5680,0.030450,0.018494,182
BLENDED-h0-medium-s53,BLENDED,0,500,medium,53,0.0050,500,3.2832,9.2659,0.020472,0.023199,18.0577,0.6000,0.030988,0.018537,178
BLENDED-h0-medium-s55,BLENDED,0,500,medium,55,0.0050,500,3.8657,10.4945,0.020818,0.023921,18.7308,0.5480,0.031177,0.019229,190
BLENDED-h0-medium-s56,BLENDED,0,500,medium,56,0.0050,500,3.2872,11.0844,0.020285,0.023950,17.8122,0.6620,0.030469,0.018285,190
BLENDED-h0-medium-s54,BLENDED,0,500,medium,54,0.0050,500,2.6664,7.6994,0.019920,0.022477,16.9858,0.7440,0.030040,0.017437,189
BLENDED-h0-medium-s57,BLENDED,0,500,medium,57,0.0050,500,4.1309,11.2675,0.020841,0.023947,19.0211,0.5620,0.031229,0.019526,192
BLENDED-h0-medium-s61,BLENDED,0,500,medium,61,0.0050,500,3.4820,10.5280,0.020403,0.023584,18.0608,0.6460,0.030581,0.018540,190
BLENDED-h0-medium-s59,BLENDED,0,500,medium,59,0.0050,500,3.0909,9.3705,0.020181,0.023486,17.5428,0.6540,0.030316,0.018009,191
BLENDED-h0-medium-s60,BLENDED,0,500,medium,60,0.0050,500,2.9533,8.7631,0.020248,0.023082,17.4977,0.6320,0.030509,0.017962,190
BLENDED-h0-medium-s58,BLENDED,0,500,medium,58,0.0050,500,3.1376,8.8376,0.020137,0.023161,17.5730,0.6320,0.030282,0.018040,201
LATENCY_GREEDY-h3-medium-s45,LATENCY_GREEDY,3,500,medium,45,0.0050,500,0.1246,0.1914,0.013318,0.013966,7.3160,1.0000,0.014982,0.113141,165
LATENCY_GREEDY-h3-medium-s42,LATENCY_GREEDY,3,500,medium,42,0.0050,500,0.1266,0.1958,0.013536,0.014371,7.7020,1.0000,0.015782,0.118601,170
LATENCY_GREEDY-h3-medium-s44,LATENCY_GREEDY,3,500,medium,44,0.0050,500,0.1263,0.1943,0.013468,0.014265,7.5461,1.0000,0.015458,0.114168,175
LATENCY_GREEDY-h3-medium-s43,LATENCY_GREEDY,3,500,medium,43,0.0050,500,0.1255,0.1954,0.013736,0.014656,7.7846,1.0000,0.015956,0.120034,176
LATENCY_GREEDY-h3-medium-s48,LATENCY_GREEDY,3,500,medium,48,0.0050,500,0.1242,0.1947,0.013570,0.014441,7.6263,1.0000,0.015629,0.114838,177
LATENCY_GREEDY-h3-medium-s47,LATENCY_GREEDY,3,500,medium,47,0.0050,500,0.1211,0.1933,0.013549,0.014592,7.6309,1.0000,0.015645,0.115413,178
LATENCY_GREEDY-h3-medium-s46,LATENCY_GREEDY,3,500,medium,46,0.0050,500,0.1257,0.1933,0.013515,0.014242,7.6229,1.0000,0.015619,0.117175,180
LATENCY_GREEDY-h3-medium-s49,LATENCY_GREEDY,3,500,medium,49,0.0050,500,0.1252,0.1970,0.013612,0.014278,7.7378,1.0000,0.015860,0.118947,180
LATENCY_GREEDY-h3-medium-s53,LATENCY_GREEDY,3,500,medium,53,0.0050,500,0.1286,0.1966,0.013521,0.014276,7.6495,1.0000,0.015668,0.113706,186
LATENCY_GREEDY-h3-medium-s52,LATENCY_GREEDY,3,500,medium,52,0.0050,500,0.1272,0.1933,0.013616,0.014501,7.9288,1.0000,0.016253,0.119726,184
LATENCY_GREEDY-h3-medium-s51,LATENCY_GREEDY,3,500,medium,51,0.0050,500,0.1230,0.1948,0.013400,0.014086,7.3751,1.0000,0.015109,0.110874,185
LATENCY_GREEDY-h3-medium-s50,LATENCY_GREEDY,3,500,medium,50,0.0050,500,0.1238,0.1935,0.013594,0.014447,7.7476,1.0000,0.015883,0.115709,194
LATENCY_GREEDY-h3-medium-s56,LATENCY_GREEDY,3,500,medium,56,0.0050,500,0.1258,0.1936,0.013562,0.014596,7.6519,1.0000,0.015679,0.116145,168
LATENCY_GREEDY-h3-medium-s55,LATENCY_GREEDY,3,500,medium,55,0.0050,500,0.1281,0.1946,0.013699,0.014511,7.8661,1.0000,0.016121,0.121342,172
LATENCY_GREEDY-h3-medium-s57,LATENCY_GREEDY,3,500,medium,57,0.0050,500,0.1278,0.1925,0.013798,0.014620,7.9832,1.0000,0.016365,0.121037,170
LATENCY_GREEDY-h3-medium-s54,LATENCY_GREEDY,3,500,medium,54,0.0050,500,0.1230,0.1939,0.013386,0.014003,7.4810,1.0000,0.015329,0.116734,170
LATENCY_GREEDY-h3-medium-s59,LATENCY_GREEDY,3,500,medium,59,0.0050,500,0.1255,0.1962,0.013461,0.014241,7.5205,1.0000,0.015406,0.114379,164
LATENCY_GREEDY-h3-medium-s60,LATENCY_GREEDY,3,500,medium,60,0.0050,500,0.1280,0.1930,0.013421,0.014036,7.4868,1.0000,0.015331,0.112670,165
LATENCY_GREEDY-h3-medium-s61,LATENCY_GREEDY,3,500,medium,61,0.0050,500,0.1273,0.1940,0.013625,0.014418,7.6878,1.0000,0.015751,0.116646,179
LATENCY_GREEDY-h3-medium-s58,LATENCY_GREEDY,3,500,medium,58,0.0050,500,0.1254,0.1934,0.013468,0.014125,7.5481,1.0000,0.015464,0.115926,183
CARBON_AWARE-h3-medium-s42,CARBON_AWARE,3,500,medium,42,0.0050,500,3.4212,9.6711,0.020383,0.023512,18.1000,0.5880,0.030789,0.018583,193
CARBON_AWARE-h3-medium-s45,CARBON_AWARE,3,500,medium,45,0.0050,500,2.3930,7.7472,0.019654,0.022495,16.5395,0.7800,0.029680,0.016981,180
CARBON_AWARE-h3-medium-s44,CARBON_AWARE,3,500,medium,44,0.0050,500,3.0427,9.1505,0.020217,0.023136,17.6031,0.6580,0.030543,0.018073,175
CARBON_AWARE-h3-medium-s43,CARBON_AWARE,3,500,medium,43,0.0050,500,3.8913,11.0861,0.020645,0.023297,18.3569,0.5620,0.030345,0.018846,195
CARBON_AWARE-h3-medium-s49,CARBON_AWARE,3,500,medium,49,0.0050,500,3.5873,9.6603,0.020429,0.023319,18.1300,0.6000,0.030506,0.018613,172
CARBON_AWARE-h3-medium-s46,CARBON_AWARE,3,500,medium,46,0.0050,500,3.0700,9.6725,0.020190,0.022824,17.6099,0.6440,0.030500,0.018079,192
CARBON_AWARE-h3-medium-s48,CARBON_AWARE,3,500,medium,48,0.0050,500,3.3273,10.8211,0.020251,0.023150,17.6594,0.6260,0.030067,0.018130,192
CARBON_AWARE-h3-medium-s47,CARBON_AWARE,3,500,medium,47,0.0050,500,3.2561,10.0674,0.020065,0.023253,17.4965,0.6380,0.029876,0.017963,192
CARBON_AWARE-h3-medium-s51,CARBON_AWARE,3,500,medium,51,0.0050,500,2.8425,8.9923,0.019834,0.022450,16.8634,0.7140,0.029419,0.017313,182
CARBON_AWARE-h3-medium-s53,CARBON_AWARE,3,500,medium,53,0.0050,500,3.2832,9.2659,0.020472,0.023199,18.0577,0.6000,0.030988,0.018539,175
CARBON_AWARE-h3-medium-s50,CARBON_AWARE,3,500,medium,50,0.0050,500,3.4995,10.1582,0.020367,0.022781,18.0156,0.5680,0.030450,0.018496,196
CARBON_AWARE-h3-medium-s52,CARBON_AWARE,3,500,medium,52,0.0050,500,3.4042,10.3368,0.020405,0.023539,18.4053,0.6320,0.031460,0.018896,177
CARBON_AWARE-h3-medium-s57,CARBON_AWARE,3,500,medium,57,0.0050,500,4.1309,11.2675,0.020841,0.023947,19.0211,0.5620,0.031229,0.019528,183
CARBON_AWARE-h3-medium-s55,CARBON_AWARE,3,500,medium,55,0.0050,500,3.8657,10.4945,0.020818,0.023921,18.7308,0.5480,0.031177,0.019230,182
CARBON_AWARE-h3-medium-s54,CARBON_AWARE,3,500,medium,54,0.0050,500,2.6664,7.6994,0.019920,0.022477,16.9858,0.7440,0.030040,0.017439,190
CARBON_AWARE-h3-medium-s56,CARBON_AWARE,3,500,medium,56,0.0050,500,3.2872,11.0844,0.020285,0.023950,17.8122,0.6620,0.030469,0.018287,187
CARBON_AWARE-h3-medium-s61,CARBON_AWARE,3,500,medium,61,0.0050,500,3.4820,10.5280,0.020403,0.023584,18.0608,0.6460,0.030581,0.018542,182
CARBON_AWARE-h3-medium-s60,CARBON_AWARE,3,500,medium,60,0.0050,500,2.9533,8.7631,0.020248,0.023082,17.4977,0.6320,0.030509,0.017964,186
CARBON_AWARE-h3-medium-s58,CARBON_AWARE,3,500,medium,58,0.0050,500,3.1376,8.8376,0.020137,0.023161,17.5730,0.6320,0.030282,0.018042,182
CARBON_AWARE-h3-medium-s59,CARBON_AWARE,3,500,medium,59,0.0050,500,3.0909,9.3705,0.020181,0.023486,17.5428,0.6540,0.030316,0.018011,189
BLENDED-h3-medium-s43,BLENDED,3,500,medium,43,0.0050,500,3.8913,11.0861,0.020645,0.023297,18.3569,0.5620,0.030345,0.018846,183
BLENDED-h3-medium-s45,BLENDED,3,500,medium,45,0.0050,500,2.3930,7.7472,0.019654,0.022495,16.5395,0.7800,0.029680,0.016981,186
BLENDED-h3-medium-s42,BLENDED,3,500,medium,42,0.0050,500,3.4212,9.6711,0.020383,0.023512,18.1000,0.5880,0.030789,0.018583,184
BLENDED-h3-medium-s44,BLENDED,3,500,medium,44,0.0050,500,3.0427,9.1505,0.020217,0.023136,17.6031,0.6580,0.030543,0.018073,183
BLENDED-h3-medium-s49,BLENDED,3,500,medium,49,0.0050,500,3.5873,9.6603,0.020429,0.023319,18.1300,0.6000,0.030506,0.018613,177
BLENDED-h3-medium-s48,BLENDED,3,500,medium,48,0.0050,500,3.3273,10.8211,0.020251,0.023150,17.6594,0.6260,0.030067,0.018130,173
BLENDED-h3-medium-s47,BLENDED,3,500,medium,47,0.0050,500,3.2561,10.0674,0.020065,0.023253,17.4965,0.6380,0.029876,0.017963,174
BLENDED-h3-medium-s46,BLENDED,3,500,medium,46,0.0050,500,3.0700,9.6725,0.020190,0.022824,17.6099,0.6440,0.030500,0.018079,203
BLENDED-h3-medium-s50,BLENDED,3,500,medium,50,0.0050,500,3.4995,10.1582,0.020367,0.022781,18.0156,0.5680,0.030450,0.018496,178
BLENDED-h3-medium-s51,BLENDED,3,500,medium,51,0.0050,500,2.8425,8.9923,0.019834,0.022450,16.8634,0.7140,0.029419,0.017313,184
BLENDED-h3-medium-s52,BLENDED,3,500,medium,52,0.0050,500,3.4042,10.3368,0.020405,0.023539,18.4053,0.6320,0.031460,0.018896,179
BLENDED-h3-medium-s53,BLENDED,3,500,medium,53,0.0050,500,3.2832,9.2659,0.020472,0.023199,18.0577,0.6000,0.030988,0.018539,177
BLENDED-h3-medium-s55,BLENDED,3,500,medium,55,0.0050,500,3.8657,10.4945,0.020818,0.023921,18.7308,0.5480,0.031177,0.019230,171
BLENDED-h3-medium-s54,BLENDED,3,500,medium,54,0.0050,500,2.6664,7.6994,0.019920,0.022477,16.9858,0.7440,0.030040,0.017439,180
BLENDED-h3-medium-s56,BLENDED,3,500,medium,56,0.0050,500,3.2872,11.0844,0.020285,0.023950,17.8122,0.6620,0.030469,0.018287,185
BLENDED-h3-medium-s57,BLENDED,3,500,medium,57,0.0050,500,4.1309,11.2675,0.020841,0.023947,19.0211,0.5620,0.031229,0.019528,175
BLENDED-h3-medium-s60,BLENDED,3,500,medium,60,0.0050,500,2.9533,8.7631,0.020248,0.023082,17.4977,0.6320,0.030509,0.017964,183
BLENDED-h3-medium-s61,BLENDED,3,500,medium,61,0.0050,500,3.4820,10.5280,0.020403,0.023584,18.0608,0.6460,0.030581,0.018542,170
BLENDED-h3-medium-s59,BLENDED,3,500,medium,59,0.0050,500,3.0909,9.3705,0.020181,0.023486,17.5428,0.6540,0.030316,0.018011,188
BLENDED-h3-medium-s58,BLENDED,3,500,medium,58,0.0050,500,3.1376,8.8376,0.020137,0.023161,17.5730,0.6320,0.030282,0.018042,196
LATENCY_GREEDY-h6-medium-s42,LATENCY_GREEDY,6,500,medium,42,0.0050,500,0.1266,0.1958,0.013536,0.014371,7.7020,1.0000,0.015782,0.121088,163
LATENCY_GREEDY-h6-medium-s43,LATENCY_GREEDY,6,500,medium,43,0.0050,500,0.1255,0.1954,0.013736,0.014656,7.7846,1.0000,0.015956,0.122500,162
LATENCY_GREEDY-h6-medium-s45,LATENCY_GREEDY,6,500,medium,45,0.0050,500,0.1246,0.1914,0.013318,0.013966,7.3160,1.0000,0.014982,0.115518,172
LATENCY_GREEDY-h6-medium-s44,LATENCY_GREEDY,6,500,medium,44,0.0050,500,0.1263,0.1943,0.013468,0.014265,7.5461,1.0000,0.015458,0.116700,180
LATENCY_GREEDY-h6-medium-s46,LATENCY_GREEDY,6,500,medium,46,0.0050,500,0.1257,0.1933,0.013515,0.014242,7.6229,1.0000,0.015619,0.119686,168
LATENCY_GREEDY-h6-medium-s47,LATENCY_GREEDY,6,500,medium,47,0.0050,500,0.1211,0.1933,0.013549,0.014592,7.6309,1.0000,0.015645,0.117896,171
LATENCY_GREEDY-h6-medium-s48,LATENCY_GREEDY,6,500,medium,48,0.0050,500,0.1242,0.1947,0.013570,0.014441,7.6263,1.0000,0.015629,0.117353,168
LATENCY_GREEDY-h6-medium-s49,LATENCY_GREEDY,6,500,medium,49,0.0050,500,0.1252,0.1970,0.013612,0.014278,7.7378,1.0000,0.015860,0.121515,174
LATENCY_GREEDY-h6-medium-s50,LATENCY_GREEDY,6,500,medium,50,0.0050,500,0.1238,0.1935,0.013594,0.014447,7.7476,1.0000,0.015883,0.118189,175
LATENCY_GREEDY-h6-medium-s53,LATENCY_GREEDY,6,500,medium,53,0.0050,500,0.1286,0.1966,0.013521,0.014276,7.6495,1.0000,0.015668,0.116353,173
LATENCY_GREEDY-h6-medium-s51,LATENCY_GREEDY,6,500,medium,51,0.0050,500,0.1230,0.1948,0.013400,0.014086,7.3751,1.0000,0.015109,0.113213,172
LATENCY_GREEDY-h6-medium-s52,LATENCY_GREEDY,6,500,medium,52,0.0050,500,0.1272,0.1933,0.013616,0.014501,7.9288,1.0000,0.016253,0.122257,177
LATENCY_GREEDY-h6-medium-s57,LATENCY_GREEDY,6,500,medium,57,0.0050,500,0.1278,0.1925,0.013798,0.014620,7.9832,1.0000,0.016365,0.123689,151
LATENCY_GREEDY-h6-medium-s56,LATENCY_GREEDY,6,500,medium,56,0.0050,500,0.1258,0.1936,0.013562,0.014596,7.6519,1.0000,0.015679,0.118520,171
LATENCY_GREEDY-h6-medium-s55,LATENCY_GREEDY,6,500,medium,55,0.0050,500,0.1281,0.1946,0.013699,0.014511,7.8661,1.0000,0.016121,0.123884,175
LATENCY_GREEDY-h6-medium-s54,LATENCY_GREEDY,6,500,medium,54,0.0050,500,0.1230,0.1939,0.013386,0.014003,7.4810,1.0000,0.015329,0.119091,181
LATENCY_GREEDY-h6-medium-s60,LATENCY_GREEDY,6,500,medium,60,0.0050,500,0.1280,0.1930,0.013421,0.014036,7.4868,1.0000,0.015331,0.115152,157
LATENCY_GREEDY-h6-medium-s61,LATENCY_GREEDY,6,500,medium,61,0.0050,500,0.1273,0.1940,0.013625,0.014418,7.6878,1.0000,0.015751,0.119174,164
LATENCY_GREEDY-h6-medium-s58,LATENCY_GREEDY,6,500,medium,58,0.0050,500,0.1254,0.1934,0.013468,0.014125,7.5481,1.0000,0.015464,0.118350,184
LATENCY_GREEDY-h6-medium-s59,LATENCY_GREEDY,6,500,medium,59,0.0050,500,0.1255,0.1962,0.013461,0.014241,7.5205,1.0000,0.015406,0.116833,181
CARBON_AWARE-h6-medium-s42,CARBON_AWARE,6,500,medium,42,0.0050,500,3.4212,9.6711,0.020383,0.023512,18.1000,0.5880,0.030789,0.019914,175
CARBON_AWARE-h6-medium-s43,CARBON_AWARE,6,500,medium,43,0.0050,500,3.8913,11.0861,0.020645,0.023297,18.3569,0.5620,0.030345,0.020196,180
CARBON_AWARE-h6-medium-s45,CARBON_AWARE,6,500,medium,45,0.0050,500,2.3930,7.7472,0.019654,0.022495,16.5395,0.7800,0.029680,0.018197,174
CARBON_AWARE-h6-medium-s44,CARBON_AWARE,6,500,medium,44,0.0050,500,3.0427,9.1505,0.020217,0.023136,17.6031,0.6580,0.030543,0.019367,184
CARBON_AWARE-h6-medium-s46,CARBON_AWARE,6,500,medium,46,0.0050,500,3.0700,9.6725,0.020190,0.022824,17.6099,0.6440,0.030500,0.019375,188
CARBON_AWARE-h6-medium-s47,CARBON_AWARE,6,500,medium,47,0.0050,500,3.2561,10.0674,0.020065,0.023253,17.4965,0.6380,0.029876,0.019250,182
CARBON_AWARE-h6-medium-s48,CARBON_AWARE,6,500,medium,48,0.0050,500,3.3273,10.8211,0.020251,0.023150,17.6594,0.6260,0.030067,0.019429,185
CARBON_AWARE-h6-medium-s49,CARBON_AWARE,6,500,medium,49,0.0050,500,3.5873,9.6603,0.020429,0.023319,18.1300,0.6000,0.030506,0.019947,180
CARBON_AWARE-h6-medium-s51,CARBON_AWARE,6,500,medium,51,0.0050,500,2.8425,8.9923,0.019834,0.022450,16.8634,0.7140,0.029419,0.018553,181
CARBON_AWARE-h6-medium-s50,CARBON_AWARE,6,500,medium,50,0.0050,500,3.4995,10.1582,0.020367,0.022781,18.0156,0.5680,0.030450,0.019821,186
CARBON_AWARE-h6-medium-s53,CARBON_AWARE,6,500,medium,53,0.0050,500,3.2832,9.2659,0.020472,0.023199,18.0577,0.6000,0.030988,0.019867,168
CARBON_AWARE-h6-medium-s52,CARBON_AWARE,6,500,medium,52,0.0050,500,3.4042,10.3368,0.020405,0.023539,18.4053,0.6320,0.031460,0.020250,168
CARBON_AWARE-h6-medium-s54,CARBON_AWARE,6,500,medium,54,0.0050,500,2.6664,7.6994,0.019920,0.022477,16.9858,0.7440,0.030040,0.018688,185
CARBON_AWARE-h6-medium-s56,CARBON_AWARE,6,500,medium,56,0.0050,500,3.2872,11.0844,0.020285,0.023950,17.8122,0.6620,0.030469,0.019597,187
CARBON_AWARE-h6-medium-s55,CARBON_AWARE,6,500,medium,55,0.0050,500,3.8657,10.4945,0.020818,0.023921,18.7308,0.5480,0.031177,0.020608,179
CARBON_AWARE-h6-medium-s57,CARBON_AWARE,6,500,medium,57,0.0050,500,4.1309,11.2675,0.020841,0.023947,19.0211,0.5620,0.031229,0.020927,183
CARBON_AWARE-h6-medium-s60,CARBON_AWARE,6,500,medium,60,0.0050,500,2.9533,8.7631,0.020248,0.023082,17.4977,0.6320,0.030509,0.019251,184
CARBON_AWARE-h6-medium-s59,CARBON_AWARE,6,500,medium,59,0.0050,500,3.0909,9.3705,0.020181,0.023486,17.5428,0.6540,0.030316,0.019301,184
CARBON_AWARE-h6-medium-s61,CARBON_AWARE,6,500,medium,61,0.0050,500,3.4820,10.5280,0.020403,0.023584,18.0608,0.6460,0.030581,0.019871,195
CARBON_AWARE-h6-medium-s58,CARBON_AWARE,6,500,medium,58,0.0050,500,3.1376,8.8376,0.020137,0.023161,17.5730,0.6320,0.030282,0.019334,187
BLENDED-h6-medium-s45,BLENDED,6,500,medium,45,0.0050,500,2.3930,7.7472,0.019654,0.022495,16.5395,0.7800,0.029680,0.018197,176
BLENDED-h6-medium-s44,BLENDED,6,500,medium,44,0.0050,500,3.0427,9.1505,0.020217,0.023136,17.6031,0.6580,0.030543,0.019367,182
BLENDED-h6-medium-s43,BLENDED,6,500,medium,43,0.0050,500,3.8913,11.0861,0.020645,0.023297,18.3569,0.5620,0.030345,0.020196,173
BLENDED-h6-medium-s42,BLENDED,6,500,medium,42,0.0050,500,3.4212,9.6711,0.020383,0.023512,18.1000,0.5880,0.030789,0.019914,182
BLENDED-h6-medium-s49,BLENDED,6,500,medium,49,0.0050,500,3.5873,9.6603,0.020429,0.023319,18.1300,0.6000,0.030506,0.019947,180
BLENDED-h6-medium-s46,BLENDED,6,500,medium,46,0.0050,500,3.0700,9.6725,0.020190,0.022824,17.6099,0.6440,0.030500,0.019375,185
BLENDED-h6-medium-s48,BLENDED,6,500,medium,48,0.0050,500,3.3273,10.8211,0.020251,0.023150,17.6594,0.6260,0.030067,0.019429,188
BLENDED-h6-medium-s47,BLENDED,6,500,medium,47,0.0050,500,3.2561,10.0674,0.020065,0.023253,17.4965,0.6380,0.029876,0.019250,190
BLENDED-h6-medium-s52,BLENDED,6,500,medium,52,0.0050,500,3.4042,10.3368,0.020405,0.023539,18.4053,0.6320,0.031460,0.020250,187
BLENDED-h6-medium-s51,BLENDED,6,500,medium,51,0.0050,500,2.8425,8.9923,0.019834,0.022450,16.8634,0.7140,0.029419,0.018553,186
BLENDED-h6-medium-s50,BLENDED,6,500,medium,50,0.0050,500,3.4995,10.1582,0.020367,0.022781,18.0156,0.5680,0.030450,0.019821,184
BLENDED-h6-medium-s53,BLENDED,6,500,medium,53,0.0050,500,3.2832,9.2659,0.020472,0.023199,18.0577,0.6000,0.030988,0.019867,190
BLENDED-h6-medium-s55,BLENDED,6,500,medium,55,0.0050,500,3.8657,10.4945,0.020818,0.023921,18.7308,0.5480,0.031177,0.020608,180
BLENDED-h6-medium-s56,BLENDED,6,500,medium,56,0.0050,500,3.2872,11.0844,0.020285,0.023950,17.8122,0.6620,0.030469,0.019597,186
BLENDED-h6-medium-s57,BLENDED,6,500,medium,57,0.0050,500,4.1309,11.2675,0.020841,0.023947,19.0211,0.5620,0.031229,0.020927,184
BLENDED-h6-medium-s54,BLENDED,6,500,medium,54,0.0050,500,2.6664,7.6994,0.019920,0.022477,16.9858,0.7440,0.030040,0.018688,186
BLENDED-h6-medium-s59,BLENDED,6,500,medium,59,0.0050,500,3.0909,9.3705,0.020181,0.023486,17.5428,0.6540,0.030316,0.019301,189
BLENDED-h6-medium-s60,BLENDED,6,500,medium,60,0.0050,500,2.9533,8.7631,0.020248,0.023082,17.4977,0.6320,0.030509,0.019251,193
BLENDED-h6-medium-s58,BLENDED,6,500,medium,58,0.0050,500,3.1376,8.8376,0.020137,0.023161,17.5730,0.6320,0.030282,0.019334,196
BLENDED-h6-medium-s61,BLENDED,6,500,medium,61,0.0050,500,3.4820,10.5280,0.020403,0.023584,18.0608,0.6460,0.030581,0.019871,196
LATENCY_GREEDY-h9-medium-s44,LATENCY_GREEDY,9,500,medium,44,0.0050,500,0.1263,0.1943,0.013468,0.014265,7.5461,1.0000,0.015458,0.109979,172
LATENCY_GREEDY-h9-medium-s42,LATENCY_GREEDY,9,500,medium,42,0.0050,500,0.1266,0.1958,0.013536,0.014371,7.7020,1.0000,0.015782,0.114264,172
LATENCY_GREEDY-h9-medium-s45,LATENCY_GREEDY,9,500,medium,45,0.0050,500,0.1246,0.1914,0.013318,0.013966,7.3160,1.0000,0.014982,0.108991,175
LATENCY_GREEDY-h9-medium-s43,LATENCY_GREEDY,9,500,medium,43,0.0050,500,0.1255,0.1954,0.013736,0.014656,7.7846,1.0000,0.015956,0.115663,173
LATENCY_GREEDY-h9-medium-s46,LATENCY_GREEDY,9,500,medium,46,0.0050,500,0.1257,0.1933,0.013515,0.014242,7.6229,1.0000,0.015619,0.112874,164
LATENCY_GREEDY-h9-medium-s49,LATENCY_GREEDY,9,500,medium,49,0.0050,500,0.1252,0.1970,0.013612,0.014278,7.7378,1.0000,0.015860,0.114574,160
LATENCY_GREEDY-h9-medium-s48,LATENCY_GREEDY,9,500,medium,48,0.0050,500,0.1242,0.1947,0.013570,0.014441,7.6263,1.0000,0.015629,0.110649,171
LATENCY_GREEDY-h9-medium-s47,LATENCY_GREEDY,9,500,medium,47,0.0050,500,0.1211,0.1933,0.013549,0.014592,7.6309,1.0000,0.015645,0.111209,193
LATENCY_GREEDY-h9-medium-s50,LATENCY_GREEDY,9,500,medium,50,0.0050,500,0.1238,0.1935,0.013594,0.014447,7.7476,1.0000,0.015883,0.111528,178
LATENCY_GREEDY-h9-medium-s52,LATENCY_GREEDY,9,500,medium,52,0.0050,500,0.1272,0.1933,0.013616,0.014501,7.9288,1.0000,0.016253,0.115386,181
LATENCY_GREEDY-h9-medium-s53,LATENCY_GREEDY,9,500,medium,53,0.0050,500,0.1286,0.1966,0.013521,0.014276,7.6495,1.0000,0.015668,0.109527,168
LATENCY_GREEDY-h9-medium-s51,LATENCY_GREEDY,9,500,medium,51,0.0050,500,0.1230,0.1948,0.013400,0.014086,7.3751,1.0000,0.015109,0.106867,188
LATENCY_GREEDY-h9-medium-s57,LATENCY_GREEDY,9,500,medium,57,0.0050,500,0.1278,0.1925,0.013798,0.014620,7.9832,1.0000,0.016365,0.116606,178
LATENCY_GREEDY-h9-medium-s54,LATENCY_GREEDY,9,500,medium,54,0.0050,500,0.1230,0.1939,0.013386,0.014003,7.4810,1.0000,0.015329,0.112471,177
LATENCY_GREEDY-h9-medium-s55,LATENCY_GREEDY,9,500,medium,55,0.0050,500,0.1281,0.1946,0.013699,0.014511,7.8661,1.0000,0.016121,0.116903,176
LATENCY_GREEDY-h9-medium-s56,LATENCY_GREEDY,9,500,medium,56,0.0050,500,0.1258,0.1936,0.013562,0.014596,7.6519,1.0000,0.015679,0.111953,177
LATENCY_GREEDY-h9-medium-s61,LATENCY_GREEDY,9,500,medium,61,0.0050,500,0.1273,0.1940,0.013625,0.014418,7.6878,1.0000,0.015751,0.112383,173
LATENCY_GREEDY-h9-medium-s59,LATENCY_GREEDY,9,500,medium,59,0.0050,500,0.1255,0.1962,0.013461,0.014241,7.5205,1.0000,0.015406,0.110203,178
LATENCY_GREEDY-h9-medium-s58,LATENCY_GREEDY,9,500,medium,58,0.0050,500,0.1254,0.1934,0.013468,0.014125,7.5481,1.0000,0.015464,0.111696,175
LATENCY_GREEDY-h9-medium-s60,LATENCY_GREEDY,9,500,medium,60,0.0050,500,0.1280,0.1930,0.013421,0.014036,7.4868,1.0000,0.015331,0.108555,177
CARBON_AWARE-h9-medium-s45,CARBON_AWARE,9,500,medium,45,0.0050,500,2.3930,7.7472,0.019654,0.022495,16.5395,0.7800,0.029680,0.020619,188
CARBON_AWARE-h9-medium-s43,CARBON_AWARE,9,500,medium,43,0.0050,500,3.8913,11.0861,0.020645,0.023297,18.3569,0.5620,0.030345,0.022885,189
CARBON_AWARE-h9-medium-s44,CARBON_AWARE,9,500,medium,44,0.0050,500,3.0427,9.1505,0.020217,0.023136,17.6031,0.6580,0.030543,0.021945,186
CARBON_AWARE-h9-medium-s42,CARBON_AWARE,9,500,medium,42,0.0050,500,3.4212,9.6711,0.020383,0.023512,18.1000,0.5880,0.030789,0.022565,189
CARBON_AWARE-h9-medium-s49,CARBON_AWARE,9,500,medium,49,0.0050,500,3.5873,9.6603,0.020429,0.023319,18.1300,0.6000,0.030506,0.022602,186
CARBON_AWARE-h9-medium-s48,CARBON_AWARE,9,500,medium,48,0.0050,500,3.3273,10.8211,0.020251,0.023150,17.6594,0.6260,0.030067,0.022015,184
CARBON_AWARE-h9-medium-s47,CARBON_AWARE,9,500,medium,47,0.0050,500,3.2561,10.0674,0.020065,0.023253,17.4965,0.6380,0.029876,0.021812,191
CARBON_AWARE-h9-medium-s46,CARBON_AWARE,9,500,medium,46,0.0050,500,3.0700,9.6725,0.020190,0.022824,17.6099,0.6440,0.030500,0.021954,180
CARBON_AWARE-h9-medium-s53,CARBON_AWARE,9,500,medium,53,0.0050,500,3.2832,9.2659,0.020472,0.023199,18.0577,0.6000,0.030988,0.022512,173
CARBON_AWARE-h9-medium-s51,CARBON_AWARE,9,500,medium,51,0.0050,500,2.8425,8.9923,0.019834,0.022450,16.8634,0.7140,0.029419,0.021023,174
CARBON_AWARE-h9-medium-s50,CARBON_AWARE,9,500,medium,50,0.0050,500,3.4995,10.1582,0.020367,0.022781,18.0156,0.5680,0.030450,0.022459,179
CARBON_AWARE-h9-medium-s52,CARBON_AWARE,9,500,medium,52,0.0050,500,3.4042,10.3368,0.020405,0.023539,18.4053,0.6320,0.031460,0.022945,181
CARBON_AWARE-h9-medium-s55,CARBON_AWARE,9,500,medium,55,0.0050,500,3.8657,10.4945,0.020818,0.023921,18.7308,0.5480,0.031177,0.023351,185
CARBON_AWARE-h9-medium-s56,CARBON_AWARE,9,500,medium,56,0.0050,500,3.2872,11.0844,0.020285,0.023950,17.8122,0.6620,0.030469,0.022206,187
CARBON_AWARE-h9-medium-s57,CARBON_AWARE,9,500,medium,57,0.0050,500,4.1309,11.2675,0.020841,0.023947,19.0211,0.5620,0.031229,0.023713,188
CARBON_AWARE-h9-medium-s54,CARBON_AWARE,9,500,medium,54,0.0050,500,2.6664,7.6994,0.019920,0.022477,16.9858,0.7440,0.030040,0.021176,188
CARBON_AWARE-h9-medium-s58,CARBON_AWARE,9,500,medium,58,0.0050,500,3.1376,8.8376,0.020137,0.023161,17.5730,0.6320,0.030282,0.021908,169
CARBON_AWARE-h9-medium-s59,CARBON_AWARE,9,500,medium,59,0.0050,500,3.0909,9.3705,0.020181,0.023486,17.5428,0.6540,0.030316,0.021870,186
CARBON_AWARE-h9-medium-s60,CARBON_AWARE,9,500,medium,60,0.0050,500,2.9533,8.7631,0.020248,0.023082,17.4977,0.6320,0.030509,0.021814,184
CARBON_AWARE-h9-medium-s61,CARBON_AWARE,9,500,medium,61,0.0050,500,3.4820,10.5280,0.020403,0.023584,18.0608,0.6460,0.030581,0.022516,192
BLENDED-h9-medium-s43,BLENDED,9,500,medium,43,0.0050,500,3.8913,11.0861,0.020645,0.023297,18.3569,0.5620,0.030345,0.022885,184
BLENDED-h9-medium-s45,BLENDED,9,500,medium,45,0.0050,500,2.3930,7.7472,0.019654,0.022495,16.5395,0.7800,0.029680,0.020619,181
BLENDED-h9-medium-s42,BLENDED,9,500,medium,42,0.0050,500,3.4212,9.6711,0.020383,0.023512,18.1000,0.5880,0.030789,0.022565,186
BLENDED-h9-medium-s44,BLENDED,9,500,medium,44,0.0050,500,3.0427,9.1505,0.020217,0.023136,17.6031,0.6580,0.030543,0.021945,184
BLENDED-h9-medium-s49,BLENDED,9,500,medium,49,0.0050,500,3.5873,9.6603,0.020429,0.023319,18.1300,0.6000,0.030506,0.022602,174
BLENDED-h9-medium-s47,BLENDED,9,500,medium,47,0.0050,500,3.2561,10.0674,0.020065,0.023253,17.4965,0.6380,0.029876,0.021812,181
BLENDED-h9-medium-s46,BLENDED,9,500,medium,46,0.0050,500,3.0700,9.6725,0.020190,0.022824,17.6099,0.6440,0.030500,0.021954,190
BLENDED-h9-medium-s48,BLENDED,9,500,medium,48,0.0050,500,3.3273,10.8211,0.020251,0.023150,17.6594,0.6260,0.030067,0.022015,191
BLENDED-h9-medium-s51,BLENDED,9,500,medium,51,0.0050,500,2.8425,8.9923,0.019834,0.022450,16.8634,0.7140,0.029419,0.021023,186
BLENDED-h9-medium-s52,BLENDED,9,500,medium,52,0.0050,500,3.4042,10.3368,0.020405,0.023539,18.4053,0.6320,0.031460,0.022945,185
BLENDED-h9-medium-s53,BLENDED,9,500,medium,53,0.0050,500,3.2832,9.2659,0.020472,0.023199,18.0577,0.6000,0.030988,0.022512,185
BLENDED-h9-medium-s50,BLENDED,9,500,medium,50,0.0050,500,3.4995,10.1582,0.020367,0.022781,18.0156,0.5680,0.030450,0.022459,211
BLENDED-h9-medium-s57,BLENDED,9,500,medium,57,0.0050,500,4.1309,11.2675,0.020841,0.023947,19.0211,0.5620,0.031229,0.023713,174
BLENDED-h9-medium-s54,BLENDED,9,500,medium,54,0.0050,500,2.6664,7.6994,0.019920,0.022477,16.9858,0.7440,0.030040,0.021176,188
BLENDED-h9-medium-s55,BLENDED,9,500,medium,55,0.0050,500,3.8657,10.4945,0.020818,0.023921,18.7308,0.5480,0.031177,0.023351,198
BLENDED-h9-medium-s56,BLENDED,9,500,medium,56,0.0050,500,3.2872,11.0844,0.020285,0.023950,17.8122,0.6620,0.030469,0.022206,200
BLENDED-h9-medium-s61,BLENDED,9,500,medium,61,0.0050,500,3.4820,10.5280,0.020403,0.023584,18.0608,0.6460,0.030581,0.022516,184
BLENDED-h9-medium-s60,BLENDED,9,500,medium,60,0.0050,500,2.9533,8.7631,0.020248,0.023082,17.4977,0.6320,0.030509,0.021814,186
BLENDED-h9-medium-s58,BLENDED,9,500,medium,58,0.0050,500,3.1376,8.8376,0.020137,0.023161,17.5730,0.6320,0.030282,0.021908,193
BLENDED-h9-medium-s59,BLENDED,9,500,medium,59,0.0050,500,3.0909,9.3705,0.020181,0.023486,17.5428,0.6540,0.030316,0.021870,195
LATENCY_GREEDY-h12-medium-s45,LATENCY_GREEDY,12,500,medium,45,0.0050,500,0.1246,0.1914,0.013318,0.013966,7.3160,1.0000,0.014982,0.096355,183
LATENCY_GREEDY-h12-medium-s44,LATENCY_GREEDY,12,500,medium,44,0.0050,500,0.1263,0.1943,0.013468,0.014265,7.5461,1.0000,0.015458,0.096850,181
LATENCY_GREEDY-h12-medium-s43,LATENCY_GREEDY,12,500,medium,43,0.0050,500,0.1255,0.1954,0.013736,0.014656,7.7846,1.0000,0.015956,0.102426,184
LATENCY_GREEDY-h12-medium-s42,LATENCY_GREEDY,12,500,medium,42,0.0050,500,0.1266,0.1958,0.013536,0.014371,7.7020,1.0000,0.015782,0.101036,191
LATENCY_GREEDY-h12-medium-s47,LATENCY_GREEDY,12,500,medium,47,0.0050,500,0.1211,0.1933,0.013549,0.014592,7.6309,1.0000,0.015645,0.098171,178
LATENCY_GREEDY-h12-medium-s46,LATENCY_GREEDY,12,500,medium,46,0.0050,500,0.1257,0.1933,0.013515,0.014242,7.6229,1.0000,0.015619,0.099641,178
LATENCY_GREEDY-h12-medium-s48,LATENCY_GREEDY,12,500,medium,48,0.0050,500,0.1242,0.1947,0.013570,0.014441,7.6263,1.0000,0.015629,0.097548,176
LATENCY_GREEDY-h12-medium-s49,LATENCY_GREEDY,12,500,medium,49,0.0050,500,0.1252,0.1970,0.013612,0.014278,7.7378,1.0000,0.015860,0.101077,177
LATENCY_GREEDY-h12-medium-s50,LATENCY_GREEDY,12,500,medium,50,0.0050,500,0.1238,0.1935,0.013594,0.014447,7.7476,1.0000,0.015883,0.098507,166
LATENCY_GREEDY-h12-medium-s52,LATENCY_GREEDY,12,500,medium,52,0.0050,500,0.1272,0.1933,0.013616,0.014501,7.9288,1.0000,0.016253,0.102003,170
LATENCY_GREEDY-h12-medium-s51,LATENCY_GREEDY,12,500,medium,51,0.0050,500,0.1230,0.1948,0.013400,0.014086,7.3751,1.0000,0.015109,0.094495,167
LATENCY_GREEDY-h12-medium-s53,LATENCY_GREEDY,12,500,medium,53,0.0050,500,0.1286,0.1966,0.013521,0.014276,7.6495,1.0000,0.015668,0.096098,168
LATENCY_GREEDY-h12-medium-s54,LATENCY_GREEDY,12,500,medium,54,0.0050,500,0.1230,0.1939,0.013386,0.014003,7.4810,1.0000,0.015329,0.099706,175
LATENCY_GREEDY-h12-medium-s56,LATENCY_GREEDY,12,500,medium,56,0.0050,500,0.1258,0.1936,0.013562,0.014596,7.6519,1.0000,0.015679,0.099205,178
LATENCY_GREEDY-h12-medium-s57,LATENCY_GREEDY,12,500,medium,57,0.0050,500,0.1278,0.1925,0.013798,0.014620,7.9832,1.0000,0.016365,0.102778,176
LATENCY_GREEDY-h12-medium-s55,LATENCY_GREEDY,12,500,medium,55,0.0050,500,0.1281,0.1946,0.013699,0.014511,7.8661,1.0000,0.016121,0.103368,186
LATENCY_GREEDY-h12-medium-s58,LATENCY_GREEDY,12,500,medium,58,0.0050,500,0.1254,0.1934,0.013468,0.014125,7.5481,1.0000,0.015464,0.098789,171
LATENCY_GREEDY-h12-medium-s59,LATENCY_GREEDY,12,500,medium,59,0.0050,500,0.1255,0.1962,0.013461,0.014241,7.5205,1.0000,0.015406,0.097296,173
LATENCY_GREEDY-h12-medium-s61,LATENCY_GREEDY,12,500,medium,61,0.0050,500,0.1273,0.1940,0.013625,0.014418,7.6878,1.0000,0.015751,0.099143,169
LATENCY_GREEDY-h12-medium-s60,LATENCY_GREEDY,12,500,medium,60,0.0050,500,0.1280,0.1930,0.013421,0.014036,7.4868,1.0000,0.015331,0.095661,175
CARBON_AWARE-h12-medium-s44,CARBON_AWARE,12,500,medium,44,0.0050,500,3.0427,9.1505,0.020217,0.023136,17.6031,0.6580,0.030543,0.020654,174
CARBON_AWARE-h12-medium-s42,CARBON_AWARE,12,500,medium,42,0.0050,500,3.4212,9.6711,0.020383,0.023512,18.1000,0.5880,0.030789,0.021237,172
CARBON_AWARE-h12-medium-s43,CARBON_AWARE,12,500,medium,43,0.0050,500,3.8913,11.0861,0.020645,0.023297,18.3569,0.5620,0.030345,0.021539,183
CARBON_AWARE-h12-medium-s45,CARBON_AWARE,12,500,medium,45,0.0050,500,2.3930,7.7472,0.019654,0.022495,16.5395,0.7800,0.029680,0.019406,193
CARBON_AWARE-h12-medium-s46,CARBON_AWARE,12,500,medium,46,0.0050,500,3.0700,9.6725,0.020190,0.022824,17.6099,0.6440,0.030500,0.020662,176
CARBON_AWARE-h12-medium-s48,CARBON_AWARE,12,500,medium,48,0.0050,500,3.3273,10.8211,0.020251,0.023150,17.6594,0.6260,0.030067,0.020720,177
CARBON_AWARE-h12-medium-s47,CARBON_AWARE,12,500,medium,47,0.0050,500,3.2561,10.0674,0.020065,0.023253,17.4965,0.6380,0.029876,0.020529,188
CARBON_AWARE-h12-medium-s49,CARBON_AWARE,12,500,medium,49,0.0050,500,3.5873,9.6603,0.020429,0.023319,18.1300,0.6000,0.030506,0.021273,181
CARBON_AWARE-h12-medium-s50,CARBON_AWARE,12,500,medium,50,0.0050,500,3.4995,10.1582,0.020367,0.022781,18.0156,0.5680,0.030450,0.021138,181
CARBON_AWARE-h12-medium-s51,CARBON_AWARE,12,500,medium,51,0.0050,500,2.8425,8.9923,0.019834,0.022450,16.8634,0.7140,0.029419,0.019786,182
CARBON_AWARE-h12-medium-s52,CARBON_AWARE,12,500,medium,52,0.0050,500,3.4042,10.3368,0.020405,0.023539,18.4053,0.6320,0.031460,0.021596,182
CARBON_AWARE-h12-medium-s53,CARBON_AWARE,12,500,medium,53,0.0050,500,3.2832,9.2659,0.020472,0.023199,18.0577,0.6000,0.030988,0.021188,180
CARBON_AWARE-h12-medium-s57,CARBON_AWARE,12,500,medium,57,0.0050,500,4.1309,11.2675,0.020841,0.023947,19.0211,0.5620,0.031229,0.022318,176
CARBON_AWARE-h12-medium-s55,CARBON_AWARE,12,500,medium,55,0.0050,500,3.8657,10.4945,0.020818,0.023921,18.7308,0.5480,0.031177,0.021978,177
CARBON_AWARE-h12-medium-s54,CARBON_AWARE,12,500,medium,54,0.0050,500,2.6664,7.6994,0.019920,0.022477,16.9858,0.7440,0.030040,0.019930,186
CARBON_AWARE-h12-medium-s56,CARBON_AWARE,12,500,medium,56,0.0050,500,3.2872,11.0844,0.020285,0.023950,17.8122,0.6620,0.030469,0.020900,190
CARBON_AWARE-h12-medium-s59,CARBON_AWARE,12,500,medium,59,0.0050,500,3.0909,9.3705,0.020181,0.023486,17.5428,0.6540,0.030316,0.020584,186
CARBON_AWARE-h12-medium-s60,CARBON_AWARE,12,500,medium,60,0.0050,500,2.9533,8.7631,0.020248,0.023082,17.4977,0.6320,0.030509,0.020531,187
CARBON_AWARE-h12-medium-s61,CARBON_AWARE,12,500,medium,61,0.0050,500,3.4820,10.5280,0.020403,0.023584,18.0608,0.6460,0.030581,0.021191,174
CARBON_AWARE-h12-medium-s58,CARBON_AWARE,12,500,medium,58,0.0050,500,3.1376,8.8376,0.020137,0.023161,17.5730,0.6320,0.030282,0.020619,194
BLENDED-h12-medium-s44,BLENDED,12,500,medium,44,0.0050,500,3.0427,9.1505,0.020217,0.023136,17.6031,0.6580,0.030543,0.020654,180
BLENDED-h12-medium-s43,BLENDED,12,500,medium,43,0.0050,500,3.8913,11.0861,0.020645,0.023297,18.3569,0.5620,0.030345,0.021539,188
BLENDED-h12-medium-s45,BLENDED,12,500,medium,45,0.0050,500,2.3930,7.7472,0.019654,0.022495,16.5395,0.7800,0.029680,0.019406,183
BLENDED-h12-medium-s42,BLENDED,12,500,medium,42,0.0050,500,3.4212,9.6711,0.020383,0.023512,18.1000,0.5880,0.030789,0.021237,194
BLENDED-h12-medium-s48,BLENDED,12,500,medium,48,0.0050,500,3.3273,10.8211,0.020251,0.023150,17.6594,0.6260,0.030067,0.020720,188
BLENDED-h12-medium-s46,BLENDED,12,500,medium,46,0.0050,500,3.0700,9.6725,0.020190,0.022824,17.6099,0.6440,0.030500,0.020662,182
BLENDED-h12-medium-s49,BLENDED,12,500,medium,49,0.0050,500,3.5873,9.6603,0.020429,0.023319,18.1300,0.6000,0.030506,0.021273,185
BLENDED-h12-medium-s47,BLENDED,12,500,medium,47,0.0050,500,3.2561,10.0674,0.020065,0.023253,17.4965,0.6380,0.029876,0.020529,186
BLENDED-h12-medium-s51,BLENDED,12,500,medium,51,0.0050,500,2.8425,8.9923,0.019834,0.022450,16.8634,0.7140,0.029419,0.019786,189
BLENDED-h12-medium-s50,BLENDED,12,500,medium,50,0.0050,500,3.4995,10.1582,0.020367,0.022781,18.0156,0.5680,0.030450,0.021138,196
BLENDED-h12-medium-s52,BLENDED,12,500,medium,52,0.0050,500,3.4042,10.3368,0.020405,0.023539,18.4053,0.6320,0.031460,0.021596,195
BLENDED-h12-medium-s53,BLENDED,12,500,medium,53,0.0050,500,3.2832,9.2659,0.020472,0.023199,18.0577,0.6000,0.030988,0.021188,201
BLENDED-h12-medium-s55,BLENDED,12,500,medium,55,0.0050,500,3.8657,10.4945,0.020818,0.023921,18.7308,0.5480,0.031177,0.021978,175
BLENDED-h12-medium-s54,BLENDED,12,500,medium,54,0.0050,500,2.6664,7.6994,0.019920,0.022477,16.9858,0.7440,0.030040,0.019930,180
BLENDED-h12-medium-s56,BLENDED,12,500,medium,56,0.0050,500,3.2872,11.0844,0.020285,0.023950,17.8122,0.6620,0.030469,0.020900,178
BLENDED-h12-medium-s57,BLENDED,12,500,medium,57,0.0050,500,4.1309,11.2675,0.020841,0.023947,19.0211,0.5620,0.031229,0.022318,182
BLENDED-h12-medium-s60,BLENDED,12,500,medium,60,0.0050,500,2.9533,8.7631,0.020248,0.023082,17.4977,0.6320,0.030509,0.020531,186
BLENDED-h12-medium-s58,BLENDED,12,500,medium,58,0.0050,500,3.1376,8.8376,0.020137,0.023161,17.5730,0.6320,0.030282,0.020619,188
BLENDED-h12-medium-s61,BLENDED,12,500,medium,61,0.0050,500,3.4820,10.5280,0.020403,0.023584,18.0608,0.6460,0.030581,0.021191,186
BLENDED-h12-medium-s59,BLENDED,12,500,medium,59,0.0050,500,3.0909,9.3705,0.020181,0.023486,17.5428,0.6540,0.030316,0.020584,188
LATENCY_GREEDY-h15-medium-s45,LATENCY_GREEDY,15,500,medium,45,0.0050,500,0.1246,0.1914,0.013318,0.013966,7.3160,1.0000,0.014982,0.104147,164
LATENCY_GREEDY-h15-medium-s44,LATENCY_GREEDY,15,500,medium,44,0.0050,500,0.1263,0.1943,0.013468,0.014265,7.5461,1.0000,0.015458,0.104910,167
LATENCY_GREEDY-h15-medium-s43,LATENCY_GREEDY,15,500,medium,43,0.0050,500,0.1255,0.1954,0.013736,0.014656,7.7846,1.0000,0.015956,0.110599,174
LATENCY_GREEDY-h15-medium-s42,LATENCY_GREEDY,15,500,medium,42,0.0050,500,0.1266,0.1958,0.013536,0.014371,7.7020,1.0000,0.015782,0.109191,174
LATENCY_GREEDY-h15-medium-s46,LATENCY_GREEDY,15,500,medium,46,0.0050,500,0.1257,0.1933,0.013515,0.014242,7.6229,1.0000,0.015619,0.107784,162
LATENCY_GREEDY-h15-medium-s48,LATENCY_GREEDY,15,500,medium,48,0.0050,500,0.1242,0.1947,0.013570,0.014441,7.6263,1.0000,0.015629,0.105600,169
LATENCY_GREEDY-h15-medium-s47,LATENCY_GREEDY,15,500,medium,47,0.0050,500,0.1211,0.1933,0.013549,0.014592,7.6309,1.0000,0.015645,0.106195,181
LATENCY_GREEDY-h15-medium-s49,LATENCY_GREEDY,15,500,medium,49,0.0050,500,0.1252,0.1970,0.013612,0.014278,7.7378,1.0000,0.015860,0.109374,179
LATENCY_GREEDY-h15-medium-s51,LATENCY_GREEDY,15,500,medium,51,0.0050,500,0.1230,0.1948,0.013400,0.014086,7.3751,1.0000,0.015109,0.102127,157
LATENCY_GREEDY-h15-medium-s50,LATENCY_GREEDY,15,500,medium,50,0.0050,500,0.1238,0.1935,0.013594,0.014447,7.7476,1.0000,0.015883,0.106528,171
LATENCY_GREEDY-h15-medium-s53,LATENCY_GREEDY,15,500,medium,53,0.0050,500,0.1286,0.1966,0.013521,0.014276,7.6495,1.0000,0.015668,0.104310,161
LATENCY_GREEDY-h15-medium-s52,LATENCY_GREEDY,15,500,medium,52,0.0050,500,0.1272,0.1933,0.013616,0.014501,7.9288,1.0000,0.016253,0.110256,190
LATENCY_GREEDY-h15-medium-s55,LATENCY_GREEDY,15,500,medium,55,0.0050,500,0.1281,0.1946,0.013699,0.014511,7.8661,1.0000,0.016121,0.111710,173
LATENCY_GREEDY-h15-medium-s54,LATENCY_GREEDY,15,500,medium,54,0.0050,500,0.1230,0.1939,0.013386,0.014003,7.4810,1.0000,0.015329,0.107599,182
LATENCY_GREEDY-h15-medium-s56,LATENCY_GREEDY,15,500,medium,56,0.0050,500,0.1258,0.1936,0.013562,0.014596,7.6519,1.0000,0.015679,0.107088,169
LATENCY_GREEDY-h15-medium-s57,LATENCY_GREEDY,15,500,medium,57,0.0050,500,0.1278,0.1925,0.013798,0.014620,7.9832,1.0000,0.016365,0.111271,167
LATENCY_GREEDY-h15-medium-s59,LATENCY_GREEDY,15,500,medium,59,0.0050,500,0.1255,0.1962,0.013461,0.014241,7.5205,1.0000,0.015406,0.105241,171
LATENCY_GREEDY-h15-medium-s60,LATENCY_GREEDY,15,500,medium,60,0.0050,500,0.1280,0.1930,0.013421,0.014036,7.4868,1.0000,0.015331,0.103584,170
LATENCY_GREEDY-h15-medium-s58,LATENCY_GREEDY,15,500,medium,58,0.0050,500,0.1254,0.1934,0.013468,0.014125,7.5481,1.0000,0.015464,0.106748,166
LATENCY_GREEDY-h15-medium-s61,LATENCY_GREEDY,15,500,medium,61,0.0050,500,0.1273,0.1940,0.013625,0.014418,7.6878,1.0000,0.015751,0.107286,167
CARBON_AWARE-h15-medium-s42,CARBON_AWARE,15,500,medium,42,0.0050,500,3.4212,9.6711,0.020383,0.023512,18.1000,0.5880,0.030789,0.022567,179
CARBON_AWARE-h15-medium-s44,CARBON_AWARE,15,500,medium,44,0.0050,500,3.0427,9.1505,0.020217,0.023136,17.6031,0.6580,0.030543,0.021947,187
CARBON_AWARE-h15-medium-s43,CARBON_AWARE,15,500,medium,43,0.0050,500,3.8913,11.0861,0.020645,0.023297,18.3569,0.5620,0.030345,0.022887,189
CARBON_AWARE-h15-medium-s45,CARBON_AWARE,15,500,medium,45,0.0050,500,2.3930,7.7472,0.019654,0.022495,16.5395,0.7800,0.029680,0.020621,172
CARBON_AWARE-h15-medium-s49,CARBON_AWARE,15,500,medium,49,0.0050,500,3.5873,9.6603,0.020429,0.023319,18.1300,0.6000,0.030506,0.022604,182
CARBON_AWARE-h15-medium-s47,CARBON_AWARE,15,500,medium,47,0.0050,500,3.2561,10.0674,0.020065,0.023253,17.4965,0.6380,0.029876,0.021814,189
CARBON_AWARE-h15-medium-s48,CARBON_AWARE,15,500,medium,48,0.0050,500,3.3273,10.8211,0.020251,0.023150,17.6594,0.6260,0.030067,0.022017,191
CARBON_AWARE-h15-medium-s46,CARBON_AWARE,15,500,medium,46,0.0050,500,3.0700,9.6725,0.020190,0.022824,17.6099,0.6440,0.030500,0.021956,191
CARBON_AWARE-h15-medium-s51,CARBON_AWARE,15,500,medium,51,0.0050,500,2.8425,8.9923,0.019834,0.022450,16.8634,0.7140,0.029419,0.021025,177
CARBON_AWARE-h15-medium-s50,CARBON_AWARE,15,500,medium,50,0.0050,500,3.4995,10.1582,0.020367,0.022781,18.0156,0.5680,0.030450,0.022461,180
CARBON_AWARE-h15-medium-s52,CARBON_AWARE,15,500,medium,52,0.0050,500,3.4042,10.3368,0.020405,0.023539,18.4053,0.6320,0.031460,0.022947,181
CARBON_AWARE-h15-medium-s53,CARBON_AWARE,15,500,medium,53,0.0050,500,3.2832,9.2659,0.020472,0.023199,18.0577,0.6000,0.030988,0.022514,192
CARBON_AWARE-h15-medium-s57,CARBON_AWARE,15,500,medium,57,0.0050,500,4.1309,11.2675,0.020841,0.023947,19.0211,0.5620,0.031229,0.023715,177
CARBON_AWARE-h15-medium-s55,CARBON_AWARE,15,500,medium,55,0.0050,500,3.8657,10.4945,0.020818,0.023921,18.7308,0.5480,0.031177,0.023353,176
CARBON_AWARE-h15-medium-s54,CARBON_AWARE,15,500,medium,54,0.0050,500,2.6664,7.6994,0.019920,0.022477,16.9858,0.7440,0.030040,0.021177,182
CARBON_AWARE-h15-medium-s56,CARBON_AWARE,15,500,medium,56,0.0050,500,3.2872,11.0844,0.020285,0.023950,17.8122,0.6620,0.030469,0.022208,189
CARBON_AWARE-h15-medium-s59,CARBON_AWARE,15,500,medium,59,0.0050,500,3.0909,9.3705,0.020181,0.023486,17.5428,0.6540,0.030316,0.021872,167
CARBON_AWARE-h15-medium-s61,CARBON_AWARE,15,500,medium,61,0.0050,500,3.4820,10.5280,0.020403,0.023584,18.0608,0.6460,0.030581,0.022518,182
CARBON_AWARE-h15-medium-s58,CARBON_AWARE,15,500,medium,58,0.0050,500,3.1376,8.8376,0.020137,0.023161,17.5730,0.6320,0.030282,0.021910,193
CARBON_AWARE-h15-medium-s60,CARBON_AWARE,15,500,medium,60,0.0050,500,2.9533,8.7631,0.020248,0.023082,17.4977,0.6320,0.030509,0.021816,193
BLENDED-h15-medium-s43,BLENDED,15,500,medium,43,0.0050,500,3.8913,11.0861,0.020645,0.023297,18.3569,0.5620,0.030345,0.022887,173
BLENDED-h15-medium-s44,BLENDED,15,500,medium,44,0.0050,500,3.0427,9.1505,0.020217,0.023136,17.6031,0.6580,0.030543,0.021947,176
BLENDED-h15-medium-s45,BLENDED,15,500,medium,45,0.0050,500,2.3930,7.7472,0.019654,0.022495,16.5395,0.7800,0.029680,0.020621,172
BLENDED-h15-medium-s42,BLENDED,15,500,medium,42,0.0050,500,3.4212,9.6711,0.020383,0.023512,18.1000,0.5880,0.030789,0.022567,200
BLENDED-h15-medium-s48,BLENDED,15,500,medium,48,0.0050,500,3.3273,10.8211,0.020251,0.023150,17.6594,0.6260,0.030067,0.022017,177
BLENDED-h15-medium-s49,BLENDED,15,500,medium,49,0.0050,500,3.5873,9.6603,0.020429,0.023319,18.1300,0.6000,0.030506,0.022604,183
BLENDED-h15-medium-s46,BLENDED,15,500,medium,46,0.0050,500,3.0700,9.6725,0.020190,0.022824,17.6099,0.6440,0.030500,0.021956,189
BLENDED-h15-medium-s47,BLENDED,15,500,medium,47,0.0050,500,3.2561,10.0674,0.020065,0.023253,17.4965,0.6380,0.029876,0.021814,190
BLENDED-h15-medium-s51,BLENDED,15,500,medium,51,0.0050,500,2.8425,8.9923,0.019834,0.022450,16.8634,0.7140,0.029419,0.021025,186
BLENDED-h15-medium-s52,BLENDED,15,500,medium,52,0.0050,500,3.4042,10.3368,0.020405,0.023539,18.4053,0.6320,0.031460,0.022947,185
BLENDED-h15-medium-s53,BLENDED,15,500,medium,53,0.0050,500,3.2832,9.2659,0.020472,0.023199,18.0577,0.6000,0.030988,0.022514,184
BLENDED-h15-medium-s50,BLENDED,15,500,medium,50,0.0050,500,3.4995,10.1582,0.020367,0.022781,18.0156,0.5680,0.030450,0.022461,187
BLENDED-h15-medium-s57,BLENDED,15,500,medium,57,0.0050,500,4.1309,11.2675,0.020841,0.023947,19.0211,0.5620,0.031229,0.023715,183
BLENDED-h15-medium-s55,BLENDED,15,500,medium,55,0.0050,500,3.8657,10.4945,0.020818,0.023921,18.7308,0.5480,0.031177,0.023353,186
BLENDED-h15-medium-s56,BLENDED,15,500,medium,56,0.0050,500,3.2872,11.0844,0.020285,0.023950,17.8122,0.6620,0.030469,0.022208,194
BLENDED-h15-medium-s54,BLENDED,15,500,medium,54,0.0050,500,2.6664,7.6994,0.019920,0.022477,16.9858,0.7440,0.030040,0.021177,192
BLENDED-h15-medium-s60,BLENDED,15,500,medium,60,0.0050,500,2.9533,8.7631,0.020248,0.023082,17.4977,0.6320,0.030509,0.021816,179
BLENDED-h15-medium-s59,BLENDED,15,500,medium,59,0.0050,500,3.0909,9.3705,0.020181,0.023486,17.5428,0.6540,0.030316,0.021872,191
BLENDED-h15-medium-s61,BLENDED,15,500,medium,61,0.0050,500,3.4820,10.5280,0.020403,0.023584,18.0608,0.6460,0.030581,0.022518,189
BLENDED-h15-medium-s58,BLENDED,15,500,medium,58,0.0050,500,3.1376,8.8376,0.020137,0.023161,17.5730,0.6320,0.030282,0.021910,198
LATENCY_GREEDY-h18-medium-s42,LATENCY_GREEDY,18,500,medium,42,0.0050,500,0.1266,0.1958,0.013536,0.014371,7.7020,1.0000,0.015782,0.135025,163
LATENCY_GREEDY-h18-medium-s45,LATENCY_GREEDY,18,500,medium,45,0.0050,500,0.1246,0.1914,0.013318,0.013966,7.3160,1.0000,0.014982,0.128826,170
LATENCY_GREEDY-h18-medium-s44,LATENCY_GREEDY,18,500,medium,44,0.0050,500,0.1263,0.1943,0.013468,0.014265,7.5461,1.0000,0.015458,0.130528,171
LATENCY_GREEDY-h18-medium-s43,LATENCY_GREEDY,18,500,medium,43,0.0050,500,0.1255,0.1954,0.013736,0.014656,7.7846,1.0000,0.015956,0.136455,171
LATENCY_GREEDY-h18-medium-s49,LATENCY_GREEDY,18,500,medium,49,0.0050,500,0.1252,0.1970,0.013612,0.014278,7.7378,1.0000,0.015860,0.135715,173
LATENCY_GREEDY-h18-medium-s47,LATENCY_GREEDY,18,500,medium,47,0.0050,500,0.1211,0.1933,0.013549,0.014592,7.6309,1.0000,0.015645,0.131648,179
LATENCY_GREEDY-h18-medium-s48,LATENCY_GREEDY,18,500,medium,48,0.0050,500,0.1242,0.1947,0.013570,0.014441,7.6263,1.0000,0.015629,0.131167,178
LATENCY_GREEDY-h18-medium-s46,LATENCY_GREEDY,18,500,medium,46,0.0050,500,0.1257,0.1933,0.013515,0.014242,7.6229,1.0000,0.015619,0.133616,179
LATENCY_GREEDY-h18-medium-s50,LATENCY_GREEDY,18,500,medium,50,0.0050,500,0.1238,0.1935,0.013594,0.014447,7.7476,1.0000,0.015883,0.131948,171
LATENCY_GREEDY-h18-medium-s51,LATENCY_GREEDY,18,500,medium,51,0.0050,500,0.1230,0.1948,0.013400,0.014086,7.3751,1.0000,0.015109,0.126287,171
LATENCY_GREEDY-h18-medium-s53,LATENCY_GREEDY,18,500,medium,53,0.0050,500,0.1286,0.1966,0.013521,0.014276,7.6495,1.0000,0.015668,0.130493,172
LATENCY_GREEDY-h18-medium-s52,LATENCY_GREEDY,18,500,medium,52,0.0050,500,0.1272,0.1933,0.013616,0.014501,7.9288,1.0000,0.016253,0.136390,181
LATENCY_GREEDY-h18-medium-s54,LATENCY_GREEDY,18,500,medium,54,0.0050,500,0.1230,0.1939,0.013386,0.014003,7.4810,1.0000,0.015329,0.132541,162
LATENCY_GREEDY-h18-medium-s57,LATENCY_GREEDY,18,500,medium,57,0.0050,500,0.1278,0.1925,0.013798,0.014620,7.9832,1.0000,0.016365,0.138254,173
LATENCY_GREEDY-h18-medium-s56,LATENCY_GREEDY,18,500,medium,56,0.0050,500,0.1258,0.1936,0.013562,0.014596,7.6519,1.0000,0.015679,0.131996,178
LATENCY_GREEDY-h18-medium-s55,LATENCY_GREEDY,18,500,medium,55,0.0050,500,0.1281,0.1946,0.013699,0.014511,7.8661,1.0000,0.016121,0.138138,183
LATENCY_GREEDY-h18-medium-s59,LATENCY_GREEDY,18,500,medium,59,0.0050,500,0.1255,0.1962,0.013461,0.014241,7.5205,1.0000,0.015406,0.130440,173
LATENCY_GREEDY-h18-medium-s58,LATENCY_GREEDY,18,500,medium,58,0.0050,500,0.1254,0.1934,0.013468,0.014125,7.5481,1.0000,0.015464,0.131954,181
LATENCY_GREEDY-h18-medium-s60,LATENCY_GREEDY,18,500,medium,60,0.0050,500,0.1280,0.1930,0.013421,0.014036,7.4868,1.0000,0.015331,0.128747,173
LATENCY_GREEDY-h18-medium-s61,LATENCY_GREEDY,18,500,medium,61,0.0050,500,0.1273,0.1940,0.013625,0.014418,7.6878,1.0000,0.015751,0.133127,176
CARBON_AWARE-h18-medium-s43,CARBON_AWARE,18,500,medium,43,0.0050,500,3.8913,11.0861,0.020645,0.023297,18.3569,0.5620,0.030345,0.025577,181
CARBON_AWARE-h18-medium-s45,CARBON_AWARE,18,500,medium,45,0.0050,500,2.3930,7.7472,0.019654,0.022495,16.5395,0.7800,0.029680,0.023045,191
CARBON_AWARE-h18-medium-s44,CARBON_AWARE,18,500,medium,44,0.0050,500,3.0427,9.1505,0.020217,0.023136,17.6031,0.6580,0.030543,0.024527,194
CARBON_AWARE-h18-medium-s42,CARBON_AWARE,18,500,medium,42,0.0050,500,3.4212,9.6711,0.020383,0.023512,18.1000,0.5880,0.030789,0.025219,195
CARBON_AWARE-h18-medium-s49,CARBON_AWARE,18,500,medium,49,0.0050,500,3.5873,9.6603,0.020429,0.023319,18.1300,0.6000,0.030506,0.025261,171
CARBON_AWARE-h18-medium-s46,CARBON_AWARE,18,500,medium,46,0.0050,500,3.0700,9.6725,0.020190,0.022824,17.6099,0.6440,0.030500,0.024536,181
CARBON_AWARE-h18-medium-s47,CARBON_AWARE,18,500,medium,47,0.0050,500,3.2561,10.0674,0.020065,0.023253,17.4965,0.6380,0.029876,0.024378,186
CARBON_AWARE-h18-medium-s48,CARBON_AWARE,18,500,medium,48,0.0050,500,3.3273,10.8211,0.020251,0.023150,17.6594,0.6260,0.030067,0.024605,181
CARBON_AWARE-h18-medium-s52,CARBON_AWARE,18,500,medium,52,0.0050,500,3.4042,10.3368,0.020405,0.023539,18.4053,0.6320,0.031460,0.025645,178
CARBON_AWARE-h18-medium-s50,CARBON_AWARE,18,500,medium,50,0.0050,500,3.4995,10.1582,0.020367,0.022781,18.0156,0.5680,0.030450,0.025102,188
CARBON_AWARE-h18-medium-s53,CARBON_AWARE,18,500,medium,53,0.0050,500,3.2832,9.2659,0.020472,0.023199,18.0577,0.6000,0.030988,0.025160,180
CARBON_AWARE-h18-medium-s51,CARBON_AWARE,18,500,medium,51,0.0050,500,2.8425,8.9923,0.019834,0.022450,16.8634,0.7140,0.029419,0.023496,187
CARBON_AWARE-h18-medium-s55,CARBON_AWARE,18,500,medium,55,0.0050,500,3.8657,10.4945,0.020818,0.023921,18.7308,0.5480,0.031177,0.026098,177
CARBON_AWARE-h18-medium-s56,CARBON_AWARE,18,500,medium,56,0.0050,500,3.2872,11.0844,0.020285,0.023950,17.8122,0.6620,0.030469,0.024818,182
CARBON_AWARE-h18-medium-s57,CARBON_AWARE,18,500,medium,57,0.0050,500,4.1309,11.2675,0.020841,0.023947,19.0211,0.5620,0.031229,0.026503,185
CARBON_AWARE-h18-medium-s54,CARBON_AWARE,18,500,medium,54,0.0050,500,2.6664,7.6994,0.019920,0.022477,16.9858,0.7440,0.030040,0.023667,187
CARBON_AWARE-h18-medium-s60,CARBON_AWARE,18,500,medium,60,0.0050,500,2.9533,8.7631,0.020248,0.023082,17.4977,0.6320,0.030509,0.024380,193
CARBON_AWARE-h18-medium-s59,CARBON_AWARE,18,500,medium,59,0.0050,500,3.0909,9.3705,0.020181,0.023486,17.5428,0.6540,0.030316,0.024443,200
CARBON_AWARE-h18-medium-s58,CARBON_AWARE,18,500,medium,58,0.0050,500,3.1376,8.8376,0.020137,0.023161,17.5730,0.6320,0.030282,0.024485,197
CARBON_AWARE-h18-medium-s61,CARBON_AWARE,18,500,medium,61,0.0050,500,3.4820,10.5280,0.020403,0.023584,18.0608,0.6460,0.030581,0.025165,204
BLENDED-h18-medium-s44,BLENDED,18,500,medium,44,0.0050,500,3.0427,9.1505,0.020217,0.023136,17.6031,0.6580,0.030543,0.024527,194
BLENDED-h18-medium-s45,BLENDED,18,500,medium,45,0.0050,500,2.3930,7.7472,0.019654,0.022495,16.5395,0.7800,0.029680,0.023045,193
BLENDED-h18-medium-s43,BLENDED,18,500,medium,43,0.0050,500,3.8913,11.0861,0.020645,0.023297,18.3569,0.5620,0.030345,0.025577,193
BLENDED-h18-medium-s42,BLENDED,18,500,medium,42,0.0050,500,3.4212,9.6711,0.020383,0.023512,18.1000,0.5880,0.030789,0.025219,196
BLENDED-h18-medium-s48,BLENDED,18,500,medium,48,0.0050,500,3.3273,10.8211,0.020251,0.023150,17.6594,0.6260,0.030067,0.024605,213
BLENDED-h18-medium-s47,BLENDED,18,500,medium,47,0.0050,500,3.2561,10.0674,0.020065,0.023253,17.4965,0.6380,0.029876,0.024378,219
BLENDED-h18-medium-s49,BLENDED,18,500,medium,49,0.0050,500,3.5873,9.6603,0.020429,0.023319,18.1300,0.6000,0.030506,0.025261,221
BLENDED-h18-medium-s46,BLENDED,18,500,medium,46,0.0050,500,3.0700,9.6725,0.020190,0.022824,17.6099,0.6440,0.030500,0.024536,267
BLENDED-h18-medium-s50,BLENDED,18,500,medium,50,0.0050,500,3.4995,10.1582,0.020367,0.022781,18.0156,0.5680,0.030450,0.025102,175
BLENDED-h18-medium-s52,BLENDED,18,500,medium,52,0.0050,500,3.4042,10.3368,0.020405,0.023539,18.4053,0.6320,0.031460,0.025645,179
BLENDED-h18-medium-s51,BLENDED,18,500,medium,51,0.0050,500,2.8425,8.9923,0.019834,0.022450,16.8634,0.7140,0.029419,0.023496,181
BLENDED-h18-medium-s53,BLENDED,18,500,medium,53,0.0050,500,3.2832,9.2659,0.020472,0.023199,18.0577,0.6000,0.030988,0.025160,173
BLENDED-h18-medium-s56,BLENDED,18,500,medium,56,0.0050,500,3.2872,11.0844,0.020285,0.023950,17.8122,0.6620,0.030469,0.024818,178
BLENDED-h18-medium-s55,BLENDED,18,500,medium,55,0.0050,500,3.8657,10.4945,0.020818,0.023921,18.7308,0.5480,0.031177,0.026098,171
BLENDED-h18-medium-s57,BLENDED,18,500,medium,57,0.0050,500,4.1309,11.2675,0.020841,0.023947,19.0211,0.5620,0.031229,0.026503,179
BLENDED-h18-medium-s54,BLENDED,18,500,medium,54,0.0050,500,2.6664,7.6994,0.019920,0.022477,16.9858,0.7440,0.030040,0.023667,182
BLENDED-h18-medium-s60,BLENDED,18,500,medium,60,0.0050,500,2.9533,8.7631,0.020248,0.023082,17.4977,0.6320,0.030509,0.024380,180
BLENDED-h18-medium-s58,BLENDED,18,500,medium,58,0.0050,500,3.1376,8.8376,0.020137,0.023161,17.5730,0.6320,0.030282,0.024485,185
BLENDED-h18-medium-s59,BLENDED,18,500,medium,59,0.0050,500,3.0909,9.3705,0.020181,0.023486,17.5428,0.6540,0.030316,0.024443,187
BLENDED-h18-medium-s61,BLENDED,18,500,medium,61,0.0050,500,3.4820,10.5280,0.020403,0.023584,18.0608,0.6460,0.030581,0.025165,178
LATENCY_GREEDY-h21-medium-s45,LATENCY_GREEDY,21,500,medium,45,0.0050,500,0.1246,0.1914,0.013318,0.013966,7.3160,1.0000,0.014982,0.125165,171
LATENCY_GREEDY-h21-medium-s43,LATENCY_GREEDY,21,500,medium,43,0.0050,500,0.1255,0.1954,0.013736,0.014656,7.7846,1.0000,0.015956,0.132610,172
LATENCY_GREEDY-h21-medium-s42,LATENCY_GREEDY,21,500,medium,42,0.0050,500,0.1266,0.1958,0.013536,0.014371,7.7020,1.0000,0.015782,0.131193,175
LATENCY_GREEDY-h21-medium-s44,LATENCY_GREEDY,21,500,medium,44,0.0050,500,0.1263,0.1943,0.013468,0.014265,7.5461,1.0000,0.015458,0.126747,180
LATENCY_GREEDY-h21-medium-s46,LATENCY_GREEDY,21,500,medium,46,0.0050,500,0.1257,0.1933,0.013515,0.014242,7.6229,1.0000,0.015619,0.129795,169
LATENCY_GREEDY-h21-medium-s48,LATENCY_GREEDY,21,500,medium,48,0.0050,500,0.1242,0.1947,0.013570,0.014441,7.6263,1.0000,0.015629,0.127384,165
LATENCY_GREEDY-h21-medium-s49,LATENCY_GREEDY,21,500,medium,49,0.0050,500,0.1252,0.1970,0.013612,0.014278,7.7378,1.0000,0.015860,0.131827,166
LATENCY_GREEDY-h21-medium-s47,LATENCY_GREEDY,21,500,medium,47,0.0050,500,0.1211,0.1933,0.013549,0.014592,7.6309,1.0000,0.015645,0.127874,163
LATENCY_GREEDY-h21-medium-s52,LATENCY_GREEDY,21,500,medium,52,0.0050,500,0.1272,0.1933,0.013616,0.014501,7.9288,1.0000,0.016253,0.132501,170
LATENCY_GREEDY-h21-medium-s50,LATENCY_GREEDY,21,500,medium,50,0.0050,500,0.1238,0.1935,0.013594,0.014447,7.7476,1.0000,0.015883,0.128167,170
LATENCY_GREEDY-h21-medium-s51,LATENCY_GREEDY,21,500,medium,51,0.0050,500,0.1230,0.1948,0.013400,0.014086,7.3751,1.0000,0.015109,0.122687,168
LATENCY_GREEDY-h21-medium-s53,LATENCY_GREEDY,21,500,medium,53,0.0050,500,0.1286,0.1966,0.013521,0.014276,7.6495,1.0000,0.015668,0.126647,175
LATENCY_GREEDY-h21-medium-s54,LATENCY_GREEDY,21,500,medium,54,0.0050,500,0.1230,0.1939,0.013386,0.014003,7.4810,1.0000,0.015329,0.128828,175
LATENCY_GREEDY-h21-medium-s57,LATENCY_GREEDY,21,500,medium,57,0.0050,500,0.1278,0.1925,0.013798,0.014620,7.9832,1.0000,0.016365,0.134269,169
LATENCY_GREEDY-h21-medium-s55,LATENCY_GREEDY,21,500,medium,55,0.0050,500,0.1281,0.1946,0.013699,0.014511,7.8661,1.0000,0.016121,0.134221,169
LATENCY_GREEDY-h21-medium-s56,LATENCY_GREEDY,21,500,medium,56,0.0050,500,0.1258,0.1936,0.013562,0.014596,7.6519,1.0000,0.015679,0.128273,176
LATENCY_GREEDY-h21-medium-s58,LATENCY_GREEDY,21,500,medium,58,0.0050,500,0.1254,0.1934,0.013468,0.014125,7.5481,1.0000,0.015464,0.128212,164
LATENCY_GREEDY-h21-medium-s59,LATENCY_GREEDY,21,500,medium,59,0.0050,500,0.1255,0.1962,0.013461,0.014241,7.5205,1.0000,0.015406,0.126705,170
LATENCY_GREEDY-h21-medium-s60,LATENCY_GREEDY,21,500,medium,60,0.0050,500,0.1280,0.1930,0.013421,0.014036,7.4868,1.0000,0.015331,0.125024,183
LATENCY_GREEDY-h21-medium-s61,LATENCY_GREEDY,21,500,medium,61,0.0050,500,0.1273,0.1940,0.013625,0.014418,7.6878,1.0000,0.015751,0.129302,182
CARBON_AWARE-h21-medium-s42,CARBON_AWARE,21,500,medium,42,0.0050,500,3.4212,9.6711,0.020383,0.023512,18.1000,0.5880,0.030789,0.023223,181
CARBON_AWARE-h21-medium-s43,CARBON_AWARE,21,500,medium,43,0.0050,500,3.8913,11.0861,0.020645,0.023297,18.3569,0.5620,0.030345,0.023553,184
CARBON_AWARE-h21-medium-s44,CARBON_AWARE,21,500,medium,44,0.0050,500,3.0427,9.1505,0.020217,0.023136,17.6031,0.6580,0.030543,0.022585,193
CARBON_AWARE-h21-medium-s45,CARBON_AWARE,21,500,medium,45,0.0050,500,2.3930,7.7472,0.019654,0.022495,16.5395,0.7800,0.029680,0.021220,212
CARBON_AWARE-h21-medium-s46,CARBON_AWARE,21,500,medium,46,0.0050,500,3.0700,9.6725,0.020190,0.022824,17.6099,0.6440,0.030500,0.022594,173
CARBON_AWARE-h21-medium-s48,CARBON_AWARE,21,500,medium,48,0.0050,500,3.3273,10.8211,0.020251,0.023150,17.6594,0.6260,0.030067,0.022657,174
CARBON_AWARE-h21-medium-s47,CARBON_AWARE,21,500,medium,47,0.0050,500,3.2561,10.0674,0.020065,0.023253,17.4965,0.6380,0.029876,0.022448,180
CARBON_AWARE-h21-medium-s49,CARBON_AWARE,21,500,medium,49,0.0050,500,3.5873,9.6603,0.020429,0.023319,18.1300,0.6000,0.030506,0.023261,176
CARBON_AWARE-h21-medium-s50,CARBON_AWARE,21,500,medium,50,0.0050,500,3.4995,10.1582,0.020367,0.022781,18.0156,0.5680,0.030450,0.023114,188
CARBON_AWARE-h21-medium-s53,CARBON_AWARE,21,500,medium,53,0.0050,500,3.2832,9.2659,0.020472,0.023199,18.0577,0.6000,0.030988,0.023168,176
CARBON_AWARE-h21-medium-s51,CARBON_AWARE,21,500,medium,51,0.0050,500,2.8425,8.9923,0.019834,0.022450,16.8634,0.7140,0.029419,0.021636,190
CARBON_AWARE-h21-medium-s52,CARBON_AWARE,21,500,medium,52,0.0050,500,3.4042,10.3368,0.020405,0.023539,18.4053,0.6320,0.031460,0.023614,180
CARBON_AWARE-h21-medium-s57,CARBON_AWARE,21,500,medium,57,0.0050,500,4.1309,11.2675,0.020841,0.023947,19.0211,0.5620,0.031229,0.024405,186
CARBON_AWARE-h21-medium-s56,CARBON_AWARE,21,500,medium,56,0.0050,500,3.2872,11.0844,0.020285,0.023950,17.8122,0.6620,0.030469,0.022853,188
CARBON_AWARE-h21-medium-s55,CARBON_AWARE,21,500,medium,55,0.0050,500,3.8657,10.4945,0.020818,0.023921,18.7308,0.5480,0.031177,0.024032,190
CARBON_AWARE-h21-medium-s54,CARBON_AWARE,21,500,medium,54,0.0050,500,2.6664,7.6994,0.019920,0.022477,16.9858,0.7440,0.030040,0.021793,183
CARBON_AWARE-h21-medium-s58,CARBON_AWARE,21,500,medium,58,0.0050,500,3.1376,8.8376,0.020137,0.023161,17.5730,0.6320,0.030282,0.022547,181
CARBON_AWARE-h21-medium-s59,CARBON_AWARE,21,500,medium,59,0.0050,500,3.0909,9.3705,0.020181,0.023486,17.5428,0.6540,0.030316,0.022507,182
CARBON_AWARE-h21-medium-s60,CARBON_AWARE,21,500,medium,60,0.0050,500,2.9533,8.7631,0.020248,0.023082,17.4977,0.6320,0.030509,0.022449,181
CARBON_AWARE-h21-medium-s61,CARBON_AWARE,21,500,medium,61,0.0050,500,3.4820,10.5280,0.020403,0.023584,18.0608,0.6460,0.030581,0.023172,181
BLENDED-h21-medium-s43,BLENDED,21,500,medium,43,0.0050,500,3.8913,11.0861,0.020645,0.023297,18.3569,0.5620,0.030345,0.023553,182
BLENDED-h21-medium-s44,BLENDED,21,500,medium,44,0.0050,500,3.0427,9.1505,0.020217,0.023136,17.6031,0.6580,0.030543,0.022585,186
BLENDED-h21-medium-s45,BLENDED,21,500,medium,45,0.0050,500,2.3930,7.7472,0.019654,0.022495,16.5395,0.7800,0.029680,0.021220,188
BLENDED-h21-medium-s42,BLENDED,21,500,medium,42,0.0050,500,3.4212,9.6711,0.020383,0.023512,18.1000,0.5880,0.030789,0.023223,187
BLENDED-h21-medium-s46,BLENDED,21,500,medium,46,0.0050,500,3.0700,9.6725,0.020190,0.022824,17.6099,0.6440,0.030500,0.022594,183
BLENDED-h21-medium-s48,BLENDED,21,500,medium,48,0.0050,500,3.3273,10.8211,0.020251,0.023150,17.6594,0.6260,0.030067,0.022657,186
BLENDED-h21-medium-s47,BLENDED,21,500,medium,47,0.0050,500,3.2561,10.0674,0.020065,0.023253,17.4965,0.6380,0.029876,0.022448,183
BLENDED-h21-medium-s49,BLENDED,21,500,medium,49,0.0050,500,3.5873,9.6603,0.020429,0.023319,18.1300,0.6000,0.030506,0.023261,189
BLENDED-h21-medium-s53,BLENDED,21,500,medium,53,0.0050,500,3.2832,9.2659,0.020472,0.023199,18.0577,0.6000,0.030988,0.023168,169
BLENDED-h21-medium-s51,BLENDED,21,500,medium,51,0.0050,500,2.8425,8.9923,0.019834,0.022450,16.8634,0.7140,0.029419,0.021636,174
BLENDED-h21-medium-s50,BLENDED,21,500,medium,50,0.0050,500,3.4995,10.1582,0.020367,0.022781,18.0156,0.5680,0.030450,0.023114,182
BLENDED-h21-medium-s52,BLENDED,21,500,medium,52,0.0050,500,3.4042,10.3368,0.020405,0.023539,18.4053,0.6320,0.031460,0.023614,181
BLENDED-h21-medium-s57,BLENDED,21,500,medium,57,0.0050,500,4.1309,11.2675,0.020841,0.023947,19.0211,0.5620,0.031229,0.024405,185
BLENDED-h21-medium-s56,BLENDED,21,500,medium,56,0.0050,500,3.2872,11.0844,0.020285,0.023950,17.8122,0.6620,0.030469,0.022853,183
BLENDED-h21-medium-s54,BLENDED,21,500,medium,54,0.0050,500,2.6664,7.6994,0.019920,0.022477,16.9858,0.7440,0.030040,0.021793,186
BLENDED-h21-medium-s55,BLENDED,21,500,medium,55,0.0050,500,3.8657,10.4945,0.020818,0.023921,18.7308,0.5480,0.031177,0.024032,188
BLENDED-h21-medium-s58,BLENDED,21,500,medium,58,0.0050,500,3.1376,8.8376,0.020137,0.023161,17.5730,0.6320,0.030282,0.022547,182
BLENDED-h21-medium-s59,BLENDED,21,500,medium,59,0.0050,500,3.0909,9.3705,0.020181,0.023486,17.5428,0.6540,0.030316,0.022507,185
BLENDED-h21-medium-s61,BLENDED,21,500,medium,61,0.0050,500,3.4820,10.5280,0.020403,0.023584,18.0608,0.6460,0.030581,0.023172,185
BLENDED-h21-medium-s60,BLENDED,21,500,medium,60,0.0050,500,2.9533,8.7631,0.020248,0.023082,17.4977,0.6320,0.030509,0.022449,191
LATENCY_GREEDY-h0-long-s43,LATENCY_GREEDY,0,500,long,43,0.0050,500,0.4729,0.7312,0.013292,0.014705,5.8531,1.0000,0.011209,0.092845,177
LATENCY_GREEDY-h0-long-s44,LATENCY_GREEDY,0,500,long,44,0.0050,500,0.4796,0.7348,0.013085,0.014179,5.6519,1.0000,0.010776,0.087463,174
LATENCY_GREEDY-h0-long-s45,LATENCY_GREEDY,0,500,long,45,0.0050,500,0.4541,0.7237,0.012895,0.013913,5.3600,1.0000,0.010221,0.084757,173
LATENCY_GREEDY-h0-long-s42,LATENCY_GREEDY,0,500,long,42,0.0050,500,0.4764,0.7361,0.013131,0.014317,5.7911,1.0000,0.011072,0.089529,180
LATENCY_GREEDY-h0-long-s47,LATENCY_GREEDY,0,500,long,47,0.0050,500,0.4517,0.7317,0.013045,0.014126,5.6025,1.0000,0.010731,0.086913,174
LATENCY_GREEDY-h0-long-s49,LATENCY_GREEDY,0,500,long,49,0.0050,500,0.4584,0.7368,0.013104,0.014187,5.6926,1.0000,0.010905,0.090350,173
LATENCY_GREEDY-h0-long-s48,LATENCY_GREEDY,0,500,long,48,0.0050,500,0.4737,0.7347,0.013175,0.014439,5.7351,1.0000,0.010961,0.087068,177
LATENCY_GREEDY-h0-long-s46,LATENCY_GREEDY,0,500,long,46,0.0050,500,0.4664,0.7375,0.013051,0.013942,5.6245,1.0000,0.010746,0.086818,178
LATENCY_GREEDY-h0-long-s50,LATENCY_GREEDY,0,500,long,50,0.0050,500,0.4624,0.7360,0.013147,0.014290,5.7687,1.0000,0.011055,0.088711,167
LATENCY_GREEDY-h0-long-s53,LATENCY_GREEDY,0,500,long,53,0.0050,500,0.4631,0.7345,0.013015,0.014224,5.5398,1.0000,0.010576,0.084760,172
LATENCY_GREEDY-h0-long-s52,LATENCY_GREEDY,0,500,long,52,0.0050,500,0.4637,0.7388,0.013136,0.014496,5.8999,1.0000,0.011326,0.090663,172
LATENCY_GREEDY-h0-long-s51,LATENCY_GREEDY,0,500,long,51,0.0050,500,0.4674,0.7271,0.013085,0.014710,5.5161,1.0000,0.010518,0.083656,176
LATENCY_GREEDY-h0-long-s54,LATENCY_GREEDY,0,500,long,54,0.0050,500,0.4562,0.7380,0.013007,0.014185,5.5969,1.0000,0.010710,0.088748,170
LATENCY_GREEDY-h0-long-s55,LATENCY_GREEDY,0,500,long,55,0.0050,500,0.4687,0.7327,0.013254,0.014330,5.9065,1.0000,0.011329,0.092727,169
LATENCY_GREEDY-h0-long-s56,LATENCY_GREEDY,0,500,long,56,0.0050,500,0.4761,0.7331,0.013133,0.014240,5.6692,1.0000,0.010819,0.088621,173
LATENCY_GREEDY-h0-long-s57,LATENCY_GREEDY,0,500,long,57,0.0050,500,0.4615,0.7333,0.013166,0.014188,5.7728,1.0000,0.011065,0.089997,169
LATENCY_GREEDY-h0-long-s59,LATENCY_GREEDY,0,500,long,59,0.0050,500,0.4590,0.7368,0.012960,0.014189,5.4559,1.0000,0.010410,0.084672,171
LATENCY_GREEDY-h0-long-s60,LATENCY_GREEDY,0,500,long,60,0.0050,500,0.4753,0.7370,0.012971,0.014127,5.5294,1.0000,0.010530,0.083896,167
LATENCY_GREEDY-h0-long-s58,LATENCY_GREEDY,0,500,long,58,0.0050,500,0.4760,0.7382,0.013079,0.014207,5.6292,1.0000,0.010736,0.088264,167
LATENCY_GREEDY-h0-long-s61,LATENCY_GREEDY,0,500,long,61,0.0050,500,0.4603,0.7306,0.013098,0.014121,5.6249,1.0000,0.010760,0.087184,176
CARBON_AWARE-h0-long-s42,CARBON_AWARE,0,500,long,42,0.0050,500,0.7651,2.1356,0.031680,0.042467,29.0860,1.0000,0.059210,0.029850,183
CARBON_AWARE-h0-long-s44,CARBON_AWARE,0,500,long,44,0.0050,500,0.7055,1.6654,0.029041,0.034735,25.2536,1.0000,0.051350,0.025917,181
CARBON_AWARE-h0-long-s45,CARBON_AWARE,0,500,long,45,0.0050,500,0.6918,2.1423,0.023500,0.033739,18.4661,1.0000,0.037238,0.018949,176
CARBON_AWARE-h0-long-s43,CARBON_AWARE,0,500,long,43,0.0050,500,1.9897,6.2937,0.036087,0.044484,33.6950,1.0000,0.066261,0.034582,189
CARBON_AWARE-h0-long-s47,CARBON_AWARE,0,500,long,47,0.0050,500,0.7103,1.7512,0.028866,0.040748,25.1724,1.0000,0.051171,0.025834,188
CARBON_AWARE-h0-long-s49,CARBON_AWARE,0,500,long,49,0.0050,500,0.7829,2.0145,0.032390,0.042319,29.4873,1.0000,0.060009,0.030263,190
CARBON_AWARE-h0-long-s46,CARBON_AWARE,0,500,long,46,0.0050,500,0.6752,1.4406,0.028893,0.037056,24.9581,1.0000,0.050798,0.025613,187
CARBON_AWARE-h0-long-s48,CARBON_AWARE,0,500,long,48,0.0050,500,1.1451,8.0756,0.032197,0.046057,29.1285,1.0000,0.058507,0.029894,191
CARBON_AWARE-h0-long-s51,CARBON_AWARE,0,500,long,51,0.0050,500,0.7631,1.9839,0.028572,0.037127,24.5327,1.0000,0.049728,0.025177,185
CARBON_AWARE-h0-long-s53,CARBON_AWARE,0,500,long,53,0.0050,500,0.6928,1.7263,0.026846,0.035505,22.7236,1.0000,0.046106,0.023320,187
CARBON_AWARE-h0-long-s50,CARBON_AWARE,0,500,long,50,0.0050,500,0.8359,2.4338,0.033229,0.041655,30.2217,1.0000,0.061429,0.031017,188
CARBON_AWARE-h0-long-s52,CARBON_AWARE,0,500,long,52,0.0050,500,0.7364,2.2809,0.029847,0.041604,26.4203,1.0000,0.053717,0.027114,190
CARBON_AWARE-h0-long-s54,CARBON_AWARE,0,500,long,54,0.0050,500,0.6914,1.9473,0.025459,0.031056,21.2754,1.0000,0.043092,0.021834,176
CARBON_AWARE-h0-long-s57,CARBON_AWARE,0,500,long,57,0.0050,500,1.3332,4.6780,0.034190,0.043220,31.6932,1.0000,0.063458,0.032527,180
CARBON_AWARE-h0-long-s55,CARBON_AWARE,0,500,long,55,0.0050,500,1.2518,4.4796,0.035385,0.043880,32.6852,1.0000,0.065694,0.033546,183
CARBON_AWARE-h0-long-s56,CARBON_AWARE,0,500,long,56,0.0050,500,0.8608,3.4980,0.029872,0.043208,26.1158,1.0000,0.052823,0.026801,182
CARBON_AWARE-h0-long-s60,CARBON_AWARE,0,500,long,60,0.0050,500,0.6667,1.5342,0.025552,0.034187,21.4832,1.0000,0.043576,0.022046,176
CARBON_AWARE-h0-long-s58,CARBON_AWARE,0,500,long,58,0.0050,500,0.7390,1.9414,0.030502,0.040695,27.2547,1.0000,0.055449,0.027971,177
CARBON_AWARE-h0-long-s59,CARBON_AWARE,0,500,long,59,0.0050,500,0.6380,1.5756,0.026556,0.035016,22.3633,1.0000,0.045469,0.022951,182
CARBON_AWARE-h0-long-s61,CARBON_AWARE,0,500,long,61,0.0050,500,0.8660,4.1085,0.029435,0.041758,25.3060,1.0000,0.051125,0.025970,182
BLENDED-h0-long-s43,BLENDED,0,500,long,43,0.0050,500,1.9897,6.2937,0.036087,0.044484,33.6950,1.0000,0.066261,0.034582,177
BLENDED-h0-long-s45,BLENDED,0,500,long,45,0.0050,500,0.6918,2.1423,0.023500,0.033739,18.4661,1.0000,0.037238,0.018949,182
BLENDED-h0-long-s44,BLENDED,0,500,long,44,0.0050,500,0.7055,1.6654,0.029041,0.034735,25.2536,1.0000,0.051350,0.025917,184
BLENDED-h0-long-s42,BLENDED,0,500,long,42,0.0050,500,0.7651,2.1356,0.031680,0.042467,29.0860,1.0000,0.059210,0.029850,193
BLENDED-h0-long-s49,BLENDED,0,500,long,49,0.0050,500,0.7829,2.0145,0.032390,0.042319,29.4873,1.0000,0.060009,0.030263,177
BLENDED-h0-long-s48,BLENDED,0,500,long,48,0.0050,500,1.1451,8.0756,0.032197,0.046057,29.1285,1.0000,0.058507,0.029894,183
BLENDED-h0-long-s47,BLENDED,0,500,long,47,0.0050,500,0.7103,1.7512,0.028866,0.040748,25.1724,1.0000,0.051171,0.025834,181
BLENDED-h0-long-s46,BLENDED,0,500,long,46,0.0050,500,0.6752,1.4406,0.028893,0.037056,24.9581,1.0000,0.050798,0.025613,191
BLENDED-h0-long-s51,BLENDED,0,500,long,51,0.0050,500,0.7631,1.9839,0.028572,0.037127,24.5327,1.0000,0.049728,0.025177,179
BLENDED-h0-long-s50,BLENDED,0,500,long,50,0.0050,500,0.8359,2.4338,0.033229,0.041655,30.2217,1.0000,0.061429,0.031017,179
BLENDED-h0-long-s53,BLENDED,0,500,long,53,0.0050,500,0.6928,1.7263,0.026846,0.035505,22.7236,1.0000,0.046106,0.023320,178
BLENDED-h0-long-s52,BLENDED,0,500,long,52,0.0050,500,0.7364,2.2809,0.029847,0.041604,26.4203,1.0000,0.053717,0.027114,185
BLENDED-h0-long-s54,BLENDED,0,500,long,54,0.0050,500,0.6914,1.9473,0.025459,0.031056,21.2754,1.0000,0.043092,0.021834,183
BLENDED-h0-long-s56,BLENDED,0,500,long,56,0.0050,500,0.8608,3.4980,0.029872,0.043208,26.1158,1.0000,0.052823,0.026801,179
BLENDED-h0-long-s57,BLENDED,0,500,long,57,0.0050,500,1.3332,4.6780,0.034190,0.043220,31.6932,1.0000,0.063458,0.032527,176
BLENDED-h0-long-s55,BLENDED,0,500,long,55,0.0050,500,1.2518,4.4796,0.035385,0.043880,32.6852,1.0000,0.065694,0.033546,184
BLENDED-h0-long-s59,BLENDED,0,500,long,59,0.0050,500,0.6380,1.5756,0.026556,0.035016,22.3633,1.0000,0.045469,0.022951,178
BLENDED-h0-long-s60,BLENDED,0,500,long,60,0.0050,500,0.6667,1.5342,0.025552,0.034187,21.4832,1.0000,0.043576,0.022046,183
BLENDED-h0-long-s61,BLENDED,0,500,long,61,0.0050,500,0.8660,4.1085,0.029435,0.041758,25.3060,1.0000,0.051125,0.025970,185
BLENDED-h0-long-s58,BLENDED,0,500,long,58,0.0050,500,0.7390,1.9414,0.030502,0.040695,27.2547,1.0000,0.055449,0.027971,182
LATENCY_GREEDY-h3-long-s45,LATENCY_GREEDY,3,500,long,45,0.0050,500,0.4541,0.7237,0.012895,0.013913,5.3600,1.0000,0.010221,0.083171,173
LATENCY_GREEDY-h3-long-s44,LATENCY_GREEDY,3,500,long,44,0.0050,500,0.4796,0.7348,0.013085,0.014179,5.6519,1.0000,0.010776,0.085701,174
LATENCY_GREEDY-h3-long-s42,LATENCY_GREEDY,3,500,long,42,0.0050,500,0.4764,0.7361,0.013131,0.014317,5.7911,1.0000,0.011072,0.087775,175
LATENCY_GREEDY-h3-long-s43,LATENCY_GREEDY,3,500,long,43,0.0050,500,0.4729,0.7312,0.013292,0.014705,5.8531,1.0000,0.011209,0.091145,176
LATENCY_GREEDY-h3-long-s47,LATENCY_GREEDY,3,500,long,47,0.0050,500,0.4517,0.7317,0.013045,0.014126,5.6025,1.0000,0.010731,0.085306,164
LATENCY_GREEDY-h3-long-s49,LATENCY_GREEDY,3,500,long,49,0.0050,500,0.4584,0.7368,0.013104,0.014187,5.6926,1.0000,0.010905,0.088692,164
LATENCY_GREEDY-h3-long-s48,LATENCY_GREEDY,3,500,long,48,0.0050,500,0.4737,0.7347,0.013175,0.014439,5.7351,1.0000,0.010961,0.085212,173
LATENCY_GREEDY-h3-long-s46,LATENCY_GREEDY,3,500,long,46,0.0050,500,0.4664,0.7375,0.013051,0.013942,5.6245,1.0000,0.010746,0.085043,174
LATENCY_GREEDY-h3-long-s51,LATENCY_GREEDY,3,500,long,51,0.0050,500,0.4674,0.7271,0.013085,0.014710,5.5161,1.0000,0.010518,0.082001,164
LATENCY_GREEDY-h3-long-s53,LATENCY_GREEDY,3,500,long,53,0.0050,500,0.4631,0.7345,0.013015,0.014224,5.5398,1.0000,0.010576,0.083011,162
LATENCY_GREEDY-h3-long-s50,LATENCY_GREEDY,3,500,long,50,0.0050,500,0.4624,0.7360,0.013147,0.014290,5.7687,1.0000,0.011055,0.086995,171
LATENCY_GREEDY-h3-long-s52,LATENCY_GREEDY,3,500,long,52,0.0050,500,0.4637,0.7388,0.013136,0.014496,5.8999,1.0000,0.011326,0.088981,178
LATENCY_GREEDY-h3-long-s56,LATENCY_GREEDY,3,500,long,56,0.0050,500,0.4761,0.7331,0.013133,0.014240,5.6692,1.0000,0.010819,0.086987,173
LATENCY_GREEDY-h3-long-s54,LATENCY_GREEDY,3,500,long,54,0.0050,500,0.4562,0.7380,0.013007,0.014185,5.5969,1.0000,0.010710,0.087137,171
LATENCY_GREEDY-h3-long-s55,LATENCY_GREEDY,3,500,long,55,0.0050,500,0.4687,0.7327,0.013254,0.014330,5.9065,1.0000,0.011329,0.091031,175
LATENCY_GREEDY-h3-long-s57,LATENCY_GREEDY,3,500,long,57,0.0050,500,0.4615,0.7333,0.013166,0.014188,5.7728,1.0000,0.011065,0.088212,169
LATENCY_GREEDY-h3-long-s60,LATENCY_GREEDY,3,500,long,60,0.0050,500,0.4753,0.7370,0.012971,0.014127,5.5294,1.0000,0.010530,0.082223,169
LATENCY_GREEDY-h3-long-s61,LATENCY_GREEDY,3,500,long,61,0.0050,500,0.4603,0.7306,0.013098,0.014121,5.6249,1.0000,0.010760,0.085489,172
LATENCY_GREEDY-h3-long-s58,LATENCY_GREEDY,3,500,long,58,0.0050,500,0.4760,0.7382,0.013079,0.014207,5.6292,1.0000,0.010736,0.086640,171
LATENCY_GREEDY-h3-long-s59,LATENCY_GREEDY,3,500,long,59,0.0050,500,0.4590,0.7368,0.012960,0.014189,5.4559,1.0000,0.010410,0.083083,173
CARBON_AWARE-h3-long-s45,CARBON_AWARE,3,500,long,45,0.0050,500,0.6918,2.1423,0.023500,0.033739,18.4661,1.0000,0.037238,0.018959,180
CARBON_AWARE-h3-long-s44,CARBON_AWARE,3,500,long,44,0.0050,500,0.7055,1.6654,0.029041,0.034735,25.2536,1.0000,0.051350,0.025927,184
CARBON_AWARE-h3-long-s43,CARBON_AWARE,3,500,long,43,0.0050,500,1.9897,6.2937,0.036087,0.044484,33.6950,1.0000,0.066261,0.034594,186
CARBON_AWARE-h3-long-s42,CARBON_AWARE,3,500,long,42,0.0050,500,0.7651,2.1356,0.031680,0.042467,29.0860,1.0000,0.059210,0.029862,187
CARBON_AWARE-h3-long-s46,CARBON_AWARE,3,500,long,46,0.0050,500,0.6752,1.4406,0.028893,0.037056,24.9581,1.0000,0.050798,0.025624,175
CARBON_AWARE-h3-long-s48,CARBON_AWARE,3,500,long,48,0.0050,500,1.1451,8.0756,0.032197,0.046057,29.1285,1.0000,0.058507,0.029905,176
CARBON_AWARE-h3-long-s47,CARBON_AWARE,3,500,long,47,0.0050,500,0.7103,1.7512,0.028866,0.040748,25.1724,1.0000,0.051171,0.025844,180
CARBON_AWARE-h3-long-s49,CARBON_AWARE,3,500,long,49,0.0050,500,0.7829,2.0145,0.032390,0.042319,29.4873,1.0000,0.060009,0.030274,195
CARBON_AWARE-h3-long-s51,CARBON_AWARE,3,500,long,51,0.0050,500,0.7631,1.9839,0.028572,0.037127,24.5327,1.0000,0.049728,0.025187,183
CARBON_AWARE-h3-long-s53,CARBON_AWARE,3,500,long,53,0.0050,500,0.6928,1.7263,0.026846,0.035505,22.7236,1.0000,0.046106,0.023330,177
CARBON_AWARE-h3-long-s52,CARBON_AWARE,3,500,long,52,0.0050,500,0.7364,2.2809,0.029847,0.041604,26.4203,1.0000,0.053717,0.027125,193
CARBON_AWARE-h3-long-s50,CARBON_AWARE,3,500,long,50,0.0050,500,0.8359,2.4338,0.033229,0.041655,30.2217,1.0000,0.061429,0.031028,201
CARBON_AWARE-h3-long-s56,CARBON_AWARE,3,500,long,56,0.0050,500,0.8608,3.4980,0.029872,0.043208,26.1158,1.0000,0.052823,0.026812,194
CARBON_AWARE-h3-long-s54,CARBON_AWARE,3,500,long,54,0.0050,500,0.6914,1.9473,0.025459,0.031056,21.2754,1.0000,0.043092,0.021843,188
CARBON_AWARE-h3-long-s57,CARBON_AWARE,3,500,long,57,0.0050,500,1.3332,4.6780,0.034190,0.043220,31.6932,1.0000,0.063458,0.032538,187
CARBON_AWARE-h3-long-s55,CARBON_AWARE,3,500,long,55,0.0050,500,1.2518,4.4796,0.035385,0.043880,32.6852,1.0000,0.065694,0.033557,192
CARBON_AWARE-h3-long-s58,CARBON_AWARE,3,500,long,58,0.0050,500,0.7390,1.9414,0.030502,0.040695,27.2547,1.0000,0.055449,0.027981,179
CARBON_AWARE-h3-long-s59,CARBON_AWARE,3,500,long,59,0.0050,500,0.6380,1.5756,0.026556,0.035016,22.3633,1.0000,0.045469,0.022960,187
CARBON_AWARE-h3-long-s60,CARBON_AWARE,3,500,long,60,0.0050,500,0.6667,1.5342,0.025552,0.034187,21.4832,1.0000,0.043576,0.022056,183
CARBON_AWARE-h3-long-s61,CARBON_AWARE,3,500,long,61,0.0050,500,0.8660,4.1085,0.029435,0.041758,25.3060,1.0000,0.051125,0.025981,199
BLENDED-h3-long-s44,BLENDED,3,500,long,44,0.0050,500,0.7055,1.6654,0.029041,0.034735,25.2536,1.0000,0.051350,0.025927,170
BLENDED-h3-long-s42,BLENDED,3,500,long,42,0.0050,500,0.7651,2.1356,0.031680,0.042467,29.0860,1.0000,0.059210,0.029862,185
BLENDED-h3-long-s43,BLENDED,3,500,long,43,0.0050,500,1.9897,6.2937,0.036087,0.044484,33.6950,1.0000,0.066261,0.034594,183
BLENDED-h3-long-s45,BLENDED,3,500,long,45,0.0050,500,0.6918,2.1423,0.023500,0.033739,18.4661,1.0000,0.037238,0.018959,175
BLENDED-h3-long-s46,BLENDED,3,500,long,46,0.0050,500,0.6752,1.4406,0.028893,0.037056,24.9581,1.0000,0.050798,0.025624,176
BLENDED-h3-long-s47,BLENDED,3,500,long,47,0.0050,500,0.7103,1.7512,0.028866,0.040748,25.1724,1.0000,0.051171,0.025844,185
BLENDED-h3-long-s49,BLENDED,3,500,long,49,0.0050,500,0.7829,2.0145,0.032390,0.042319,29.4873,1.0000,0.060009,0.030274,191
BLENDED-h3-long-s48,BLENDED,3,500,long,48,0.0050,500,1.1451,8.0756,0.032197,0.046057,29.1285,1.0000,0.058507,0.029905,191
BLENDED-h3-long-s52,BLENDED,3,500,long,52,0.0050,500,0.7364,2.2809,0.029847,0.041604,26.4203,1.0000,0.053717,0.027125,181
BLENDED-h3-long-s53,BLENDED,3,500,long,53,0.0050,500,0.6928,1.7263,0.026846,0.035505,22.7236,1.0000,0.046106,0.023330,186
BLENDED-h3-long-s50,BLENDED,3,500,long,50,0.0050,500,0.8359,2.4338,0.033229,0.041655,30.2217,1.0000,0.061429,0.031028,203
BLENDED-h3-long-s51,BLENDED,3,500,long,51,0.0050,500,0.7631,1.9839,0.028572,0.037127,24.5327,1.0000,0.049728,0.025187,199
BLENDED-h3-long-s56,BLENDED,3,500,long,56,0.0050,500,0.8608,3.4980,0.029872,0.043208,26.1158,1.0000,0.052823,0.026812,179
BLENDED-h3-long-s55,BLENDED,3,500,long,55,0.0050,500,1.2518,4.4796,0.035385,0.043880,32.6852,1.0000,0.065694,0.033557,187
BLENDED-h3-long-s57,BLENDED,3,500,long,57,0.0050,500,1.3332,4.6780,0.034190,0.043220,31.6932,1.0000,0.063458,0.032538,175
BLENDED-h3-long-s54,BLENDED,3,500,long,54,0.0050,500,0.6914,1.9473,0.025459,0.031056,21.2754,1.0000,0.043092,0.021843,238
BLENDED-h3-long-s59,BLENDED,3,500,long,59,0.0050,500,0.6380,1.5756,0.026556,0.035016,22.3633,1.0000,0.045469,0.022960,180
BLENDED-h3-long-s58,BLENDED,3,500,long,58,0.0050,500,0.7390,1.9414,0.030502,0.040695,27.2547,1.0000,0.055449,0.027981,182
BLENDED-h3-long-s60,BLENDED,3,500,long,60,0.0050,500,0.6667,1.5342,0.025552,0.034187,21.4832,1.0000,0.043576,0.022056,190
BLENDED-h3-long-s61,BLENDED,3,500,long,61,0.0050,500,0.8660,4.1085,0.029435,0.041758,25.3060,1.0000,0.051125,0.025981,194
LATENCY_GREEDY-h6-long-s42,LATENCY_GREEDY,6,500,long,42,0.0050,500,0.4764,0.7361,0.013131,0.014317,5.7911,1.0000,0.011072,0.089696,157
LATENCY_GREEDY-h6-long-s43,LATENCY_GREEDY,6,500,long,43,0.0050,500,0.4729,0.7312,0.013292,0.014705,5.8531,1.0000,0.011209,0.093005,162
LATENCY_GREEDY-h6-long-s44,LATENCY_GREEDY,6,500,long,44,0.0050,500,0.4796,0.7348,0.013085,0.014179,5.6519,1.0000,0.010776,0.087624,161
LATENCY_GREEDY-h6-long-s45,LATENCY_GREEDY,6,500,long,45,0.0050,500,0.4541,0.7237,0.012895,0.013913,5.3600,1.0000,0.010221,0.084909,160
LATENCY_GREEDY-h6-long-s48,LATENCY_GREEDY,6,500,long,48,0.0050,500,0.4737,0.7347,0.013175,0.014439,5.7351,1.0000,0.010961,0.087234,160
LATENCY_GREEDY-h6-long-s47,LATENCY_GREEDY,6,500,long,47,0.0050,500,0.4517,0.7317,0.013045,0.014126,5.6025,1.0000,0.010731,0.087075,158
LATENCY_GREEDY-h6-long-s46,LATENCY_GREEDY,6,500,long,46,0.0050,500,0.4664,0.7375,0.013051,0.013942,5.6245,1.0000,0.010746,0.086979,164
LATENCY_GREEDY-h6-long-s49,LATENCY_GREEDY,6,500,long,49,0.0050,500,0.4584,0.7368,0.013104,0.014187,5.6926,1.0000,0.010905,0.090507,161
LATENCY_GREEDY-h6-long-s50,LATENCY_GREEDY,6,500,long,50,0.0050,500,0.4624,0.7360,0.013147,0.014290,5.7687,1.0000,0.011055,0.088878,165
LATENCY_GREEDY-h6-long-s52,LATENCY_GREEDY,6,500,long,52,0.0050,500,0.4637,0.7388,0.013136,0.014496,5.8999,1.0000,0.011326,0.090837,165
LATENCY_GREEDY-h6-long-s51,LATENCY_GREEDY,6,500,long,51,0.0050,500,0.4674,0.7271,0.013085,0.014710,5.5161,1.0000,0.010518,0.083820,165
LATENCY_GREEDY-h6-long-s53,LATENCY_GREEDY,6,500,long,53,0.0050,500,0.4631,0.7345,0.013015,0.014224,5.5398,1.0000,0.010576,0.084919,166
LATENCY_GREEDY-h6-long-s55,LATENCY_GREEDY,6,500,long,55,0.0050,500,0.4687,0.7327,0.013254,0.014330,5.9065,1.0000,0.011329,0.092893,169
LATENCY_GREEDY-h6-long-s54,LATENCY_GREEDY,6,500,long,54,0.0050,500,0.4562,0.7380,0.013007,0.014185,5.5969,1.0000,0.010710,0.088906,164
LATENCY_GREEDY-h6-long-s56,LATENCY_GREEDY,6,500,long,56,0.0050,500,0.4761,0.7331,0.013133,0.014240,5.6692,1.0000,0.010819,0.088783,167
LATENCY_GREEDY-h6-long-s57,LATENCY_GREEDY,6,500,long,57,0.0050,500,0.4615,0.7333,0.013166,0.014188,5.7728,1.0000,0.011065,0.090157,162
LATENCY_GREEDY-h6-long-s58,LATENCY_GREEDY,6,500,long,58,0.0050,500,0.4760,0.7382,0.013079,0.014207,5.6292,1.0000,0.010736,0.088423,151
LATENCY_GREEDY-h6-long-s60,LATENCY_GREEDY,6,500,long,60,0.0050,500,0.4753,0.7370,0.012971,0.014127,5.5294,1.0000,0.010530,0.084060,175
LATENCY_GREEDY-h6-long-s59,LATENCY_GREEDY,6,500,long,59,0.0050,500,0.4590,0.7368,0.012960,0.014189,5.4559,1.0000,0.010410,0.084830,178
LATENCY_GREEDY-h6-long-s61,LATENCY_GREEDY,6,500,long,61,0.0050,500,0.4603,0.7306,0.013098,0.014121,5.6249,1.0000,0.010760,0.087346,178
CARBON_AWARE-h6-long-s42,CARBON_AWARE,6,500,long,42,0.0050,500,0.7651,2.1356,0.031680,0.042467,29.0860,1.0000,0.059210,0.032017,178
CARBON_AWARE-h6-long-s43,CARBON_AWARE,6,500,long,43,0.0050,500,1.9897,6.2937,0.036087,0.044484,33.6950,1.0000,0.066261,0.037088,182
CARBON_AWARE-h6-long-s44,CARBON_AWARE,6,500,long,44,0.0050,500,0.7055,1.6654,0.029041,0.034735,25.2536,1.0000,0.051350,0.027799,190
CARBON_AWARE-h6-long-s45,CARBON_AWARE,6,500,long,45,0.0050,500,0.6918,2.1423,0.023500,0.033739,18.4661,1.0000,0.037238,0.020331,187
CARBON_AWARE-h6-long-s47,CARBON_AWARE,6,500,long,47,0.0050,500,0.7103,1.7512,0.028866,0.040748,25.1724,1.0000,0.051171,0.027709,165
CARBON_AWARE-h6-long-s46,CARBON_AWARE,6,500,long,46,0.0050,500,0.6752,1.4406,0.028893,0.037056,24.9581,1.0000,0.050798,0.027475,178
CARBON_AWARE-h6-long-s49,CARBON_AWARE,6,500,long,49,0.0050,500,0.7829,2.0145,0.032390,0.042319,29.4873,1.0000,0.060009,0.032457,171
CARBON_AWARE-h6-long-s48,CARBON_AWARE,6,500,long,48,0.0050,500,1.1451,8.0756,0.032197,0.046057,29.1285,1.0000,0.058507,0.032064,178
CARBON_AWARE-h6-long-s51,CARBON_AWARE,6,500,long,51,0.0050,500,0.7631,1.9839,0.028572,0.037127,24.5327,1.0000,0.049728,0.027007,177
CARBON_AWARE-h6-long-s50,CARBON_AWARE,6,500,long,50,0.0050,500,0.8359,2.4338,0.033229,0.041655,30.2217,1.0000,0.061429,0.033265,184
CARBON_AWARE-h6-long-s52,CARBON_AWARE,6,500,long,52,0.0050,500,0.7364,2.2809,0.029847,0.041604,26.4203,1.0000,0.053717,0.029084,173
CARBON_AWARE-h6-long-s53,CARBON_AWARE,6,500,long,53,0.0050,500,0.6928,1.7263,0.026846,0.035505,22.7236,1.0000,0.046106,0.025015,177
CARBON_AWARE-h6-long-s56,CARBON_AWARE,6,500,long,56,0.0050,500,0.8608,3.4980,0.029872,0.043208,26.1158,1.0000,0.052823,0.028749,255
CARBON_AWARE-h6-long-s54,CARBON_AWARE,6,500,long,54,0.0050,500,0.6914,1.9473,0.025459,0.031056,21.2754,1.0000,0.043092,0.023420,296
CARBON_AWARE-h6-long-s57,CARBON_AWARE,6,500,long,57,0.0050,500,1.3332,4.6780,0.034190,0.043220,31.6932,1.0000,0.063458,0.034885,297
CARBON_AWARE-h6-long-s55,CARBON_AWARE,6,500,long,55,0.0050,500,1.2518,4.4796,0.035385,0.043880,32.6852,1.0000,0.065694,0.035975,301
CARBON_AWARE-h6-long-s58,CARBON_AWARE,6,500,long,58,0.0050,500,0.7390,1.9414,0.030502,0.040695,27.2547,1.0000,0.055449,0.030001,191
CARBON_AWARE-h6-long-s59,CARBON_AWARE,6,500,long,59,0.0050,500,0.6380,1.5756,0.026556,0.035016,22.3633,1.0000,0.045469,0.024618,192
CARBON_AWARE-h6-long-s61,CARBON_AWARE,6,500,long,61,0.0050,500,0.8660,4.1085,0.029435,0.041758,25.3060,1.0000,0.051125,0.027858,193
CARBON_AWARE-h6-long-s60,CARBON_AWARE,6,500,long,60,0.0050,500,0.6667,1.5342,0.025552,0.034187,21.4832,1.0000,0.043576,0.023651,195
BLENDED-h6-long-s44,BLENDED,6,500,long,44,0.0050,500,0.7055,1.6654,0.029041,0.034735,25.2536,1.0000,0.051350,0.027799,176
BLENDED-h6-long-s42,BLENDED,6,500,long,42,0.0050,500,0.7651,2.1356,0.031680,0.042467,29.0860,1.0000,0.059210,0.032017,192
BLENDED-h6-long-s43,BLENDED,6,500,long,43,0.0050,500,1.9897,6.2937,0.036087,0.044484,33.6950,1.0000,0.066261,0.037088,188
BLENDED-h6-long-s45,BLENDED,6,500,long,45,0.0050,500,0.6918,2.1423,0.023500,0.033739,18.4661,1.0000,0.037238,0.020331,187
BLENDED-h6-long-s48,BLENDED,6,500,long,48,0.0050,500,1.1451,8.0756,0.032197,0.046057,29.1285,1.0000,0.058507,0.032064,199
BLENDED-h6-long-s49,BLENDED,6,500,long,49,0.0050,500,0.7829,2.0145,0.032390,0.042319,29.4873,1.0000,0.060009,0.032457,197
BLENDED-h6-long-s47,BLENDED,6,500,long,47,0.0050,500,0.7103,1.7512,0.028866,0.040748,25.1724,1.0000,0.051171,0.027709,201
BLENDED-h6-long-s46,BLENDED,6,500,long,46,0.0050,500,0.6752,1.4406,0.028893,0.037056,24.9581,1.0000,0.050798,0.027475,200
BLENDED-h6-long-s50,BLENDED,6,500,long,50,0.0050,500,0.8359,2.4338,0.033229,0.041655,30.2217,1.0000,0.061429,0.033265,182
BLENDED-h6-long-s51,BLENDED,6,500,long,51,0.0050,500,0.7631,1.9839,0.028572,0.037127,24.5327,1.0000,0.049728,0.027007,180
BLENDED-h6-long-s53,BLENDED,6,500,long,53,0.0050,500,0.6928,1.7263,0.026846,0.035505,22.7236,1.0000,0.046106,0.025015,180
BLENDED-h6-long-s52,BLENDED,6,500,long,52,0.0050,500,0.7364,2.2809,0.029847,0.041604,26.4203,1.0000,0.053717,0.029084,207
BLENDED-h6-long-s54,BLENDED,6,500,long,54,0.0050,500,0.6914,1.9473,0.025459,0.031056,21.2754,1.0000,0.043092,0.023420,179
BLENDED-h6-long-s55,BLENDED,6,500,long,55,0.0050,500,1.2518,4.4796,0.035385,0.043880,32.6852,1.0000,0.065694,0.035975,182
BLENDED-h6-long-s57,BLENDED,6,500,long,57,0.0050,500,1.3332,4.6780,0.034190,0.043220,31.6932,1.0000,0.063458,0.034885,179
BLENDED-h6-long-s56,BLENDED,6,500,long,56,0.0050,500,0.8608,3.4980,0.029872,0.043208,26.1158,1.0000,0.052823,0.028749,191
BLENDED-h6-long-s60,BLENDED,6,500,long,60,0.0050,500,0.6667,1.5342,0.025552,0.034187,21.4832,1.0000,0.043576,0.023651,172
BLENDED-h6-long-s61,BLENDED,6,500,long,61,0.0050,500,0.8660,4.1085,0.029435,0.041758,25.3060,1.0000,0.051125,0.027858,174
BLENDED-h6-long-s59,BLENDED,6,500,long,59,0.0050,500,0.6380,1.5756,0.026556,0.035016,22.3633,1.0000,0.045469,0.024618,183
BLENDED-h6-long-s58,BLENDED,6,500,long,58,0.0050,500,0.7390,1.9414,0.030502,0.040695,27.2547,1.0000,0.055449,0.030001,206
LATENCY_GREEDY-h9-long-s42,LATENCY_GREEDY,9,500,long,42,0.0050,500,0.4764,0.7361,0.013131,0.014317,5.7911,1.0000,0.011072,0.084530,174
LATENCY_GREEDY-h9-long-s43,LATENCY_GREEDY,9,500,long,43,0.0050,500,0.4729,0.7312,0.013292,0.014705,5.8531,1.0000,0.011209,0.087785,173
LATENCY_GREEDY-h9-long-s44,LATENCY_GREEDY,9,500,long,44,0.0050,500,0.4796,0.7348,0.013085,0.014179,5.6519,1.0000,0.010776,0.082512,167
LATENCY_GREEDY-h9-long-s45,LATENCY_GREEDY,9,500,long,45,0.0050,500,0.4541,0.7237,0.012895,0.013913,5.3600,1.0000,0.010221,0.080084,173
LATENCY_GREEDY-h9-long-s49,LATENCY_GREEDY,9,500,long,49,0.0050,500,0.4584,0.7368,0.013104,0.014187,5.6926,1.0000,0.010905,0.085419,155
LATENCY_GREEDY-h9-long-s47,LATENCY_GREEDY,9,500,long,47,0.0050,500,0.4517,0.7317,0.013045,0.014126,5.6025,1.0000,0.010731,0.082185,185
LATENCY_GREEDY-h9-long-s48,LATENCY_GREEDY,9,500,long,48,0.0050,500,0.4737,0.7347,0.013175,0.014439,5.7351,1.0000,0.010961,0.082036,182
LATENCY_GREEDY-h9-long-s46,LATENCY_GREEDY,9,500,long,46,0.0050,500,0.4664,0.7375,0.013051,0.013942,5.6245,1.0000,0.010746,0.081874,189
LATENCY_GREEDY-h9-long-s50,LATENCY_GREEDY,9,500,long,50,0.0050,500,0.4624,0.7360,0.013147,0.014290,5.7687,1.0000,0.011055,0.083798,173
LATENCY_GREEDY-h9-long-s53,LATENCY_GREEDY,9,500,long,53,0.0050,500,0.4631,0.7345,0.013015,0.014224,5.5398,1.0000,0.010576,0.079926,172
LATENCY_GREEDY-h9-long-s52,LATENCY_GREEDY,9,500,long,52,0.0050,500,0.4637,0.7388,0.013136,0.014496,5.8999,1.0000,0.011326,0.085734,175
LATENCY_GREEDY-h9-long-s51,LATENCY_GREEDY,9,500,long,51,0.0050,500,0.4674,0.7271,0.013085,0.014710,5.5161,1.0000,0.010518,0.078990,209
LATENCY_GREEDY-h9-long-s55,LATENCY_GREEDY,9,500,long,55,0.0050,500,0.4687,0.7327,0.013254,0.014330,5.9065,1.0000,0.011329,0.087691,190
LATENCY_GREEDY-h9-long-s54,LATENCY_GREEDY,9,500,long,54,0.0050,500,0.4562,0.7380,0.013007,0.014185,5.5969,1.0000,0.010710,0.083923,193
LATENCY_GREEDY-h9-long-s56,LATENCY_GREEDY,9,500,long,56,0.0050,500,0.4761,0.7331,0.013133,0.014240,5.6692,1.0000,0.010819,0.083792,193
LATENCY_GREEDY-h9-long-s57,LATENCY_GREEDY,9,500,long,57,0.0050,500,0.4615,0.7333,0.013166,0.014188,5.7728,1.0000,0.011065,0.084935,169
LATENCY_GREEDY-h9-long-s60,LATENCY_GREEDY,9,500,long,60,0.0050,500,0.4753,0.7370,0.012971,0.014127,5.5294,1.0000,0.010530,0.079197,193
LATENCY_GREEDY-h9-long-s59,LATENCY_GREEDY,9,500,long,59,0.0050,500,0.4590,0.7368,0.012960,0.014189,5.4559,1.0000,0.010410,0.080031,191
LATENCY_GREEDY-h9-long-s58,LATENCY_GREEDY,9,500,long,58,0.0050,500,0.4760,0.7382,0.013079,0.014207,5.6292,1.0000,0.010736,0.083457,202
LATENCY_GREEDY-h9-long-s61,LATENCY_GREEDY,9,500,long,61,0.0050,500,0.4603,0.7306,0.013098,0.014121,5.6249,1.0000,0.010760,0.082330,196
CARBON_AWARE-h9-long-s45,CARBON_AWARE,9,500,long,45,0.0050,500,0.6918,2.1423,0.023500,0.033739,18.4661,1.0000,0.037238,0.023021,179
CARBON_AWARE-h9-long-s42,CARBON_AWARE,9,500,long,42,0.0050,500,0.7651,2.1356,0.031680,0.042467,29.0860,1.0000,0.059210,0.036261,186
CARBON_AWARE-h9-long-s43,CARBON_AWARE,9,500,long,43,0.0050,500,1.9897,6.2937,0.036087,0.044484,33.6950,1.0000,0.066261,0.042006,186
CARBON_AWARE-h9-long-s44,CARBON_AWARE,9,500,long,44,0.0050,500,0.7055,1.6654,0.029041,0.034735,25.2536,1.0000,0.051350,0.031483,209
CARBON_AWARE-h9-long-s46,CARBON_AWARE,9,500,long,46,0.0050,500,0.6752,1.4406,0.028893,0.037056,24.9581,1.0000,0.050798,0.031114,188
CARBON_AWARE-h9-long-s48,CARBON_AWARE,9,500,long,48,0.0050,500,1.1451,8.0756,0.032197,0.046057,29.1285,1.0000,0.058507,0.036314,183
CARBON_AWARE-h9-long-s47,CARBON_AWARE,9,500,long,47,0.0050,500,0.7103,1.7512,0.028866,0.040748,25.1724,1.0000,0.051171,0.031382,188
CARBON_AWARE-h9-long-s49,CARBON_AWARE,9,500,long,49,0.0050,500,0.7829,2.0145,0.032390,0.042319,29.4873,1.0000,0.060009,0.036761,219
CARBON_AWARE-h9-long-s51,CARBON_AWARE,9,500,long,51,0.0050,500,0.7631,1.9839,0.028572,0.037127,24.5327,1.0000,0.049728,0.030584,185
CARBON_AWARE-h9-long-s50,CARBON_AWARE,9,500,long,50,0.0050,500,0.8359,2.4338,0.033229,0.041655,30.2217,1.0000,0.061429,0.037676,188
CARBON_AWARE-h9-long-s52,CARBON_AWARE,9,500,long,52,0.0050,500,0.7364,2.2809,0.029847,0.041604,26.4203,1.0000,0.053717,0.032937,195
CARBON_AWARE-h9-long-s53,CARBON_AWARE,9,500,long,53,0.0050,500,0.6928,1.7263,0.026846,0.035505,22.7236,1.0000,0.046106,0.028329,188
CARBON_AWARE-h9-long-s56,CARBON_AWARE,9,500,long,56,0.0050,500,0.8608,3.4980,0.029872,0.043208,26.1158,1.0000,0.052823,0.032558,181
CARBON_AWARE-h9-long-s54,CARBON_AWARE,9,500,long,54,0.0050,500,0.6914,1.9473,0.025459,0.031056,21.2754,1.0000,0.043092,0.026523,183
CARBON_AWARE-h9-long-s55,CARBON_AWARE,9,500,long,55,0.0050,500,1.2518,4.4796,0.035385,0.043880,32.6852,1.0000,0.065694,0.040748,193
CARBON_AWARE-h9-long-s57,CARBON_AWARE,9,500,long,57,0.0050,500,1.3332,4.6780,0.034190,0.043220,31.6932,1.0000,0.063458,0.039511,197
CARBON_AWARE-h9-long-s58,CARBON_AWARE,9,500,long,58,0.0050,500,0.7390,1.9414,0.030502,0.040695,27.2547,1.0000,0.055449,0.033978,172
CARBON_AWARE-h9-long-s59,CARBON_AWARE,9,500,long,59,0.0050,500,0.6380,1.5756,0.026556,0.035016,22.3633,1.0000,0.045469,0.027880,183
CARBON_AWARE-h9-long-s60,CARBON_AWARE,9,500,long,60,0.0050,500,0.6667,1.5342,0.025552,0.034187,21.4832,1.0000,0.043576,0.026782,177
CARBON_AWARE-h9-long-s61,CARBON_AWARE,9,500,long,61,0.0050,500,0.8660,4.1085,0.029435,0.041758,25.3060,1.0000,0.051125,0.031548,173
BLENDED-h9-long-s42,BLENDED,9,500,long,42,0.0050,500,0.7651,2.1356,0.031680,0.042467,29.0860,1.0000,0.059210,0.036261,174
BLENDED-h9-long-s43,BLENDED,9,500,long,43,0.0050,500,1.9897,6.2937,0.036087,0.044484,33.6950,1.0000,0.066261,0.042006,170
BLENDED-h9-long-s44,BLENDED,9,500,long,44,0.0050,500,0.7055,1.6654,0.029041,0.034735,25.2536,1.0000,0.051350,0.031483,175
BLENDED-h9-long-s45,BLENDED,9,500,long,45,0.0050,500,0.6918,2.1423,0.023500,0.033739,18.4661,1.0000,0.037238,0.023021,183
BLENDED-h9-long-s48,BLENDED,9,500,long,48,0.0050,500,1.1451,8.0756,0.032197,0.046057,29.1285,1.0000,0.058507,0.036314,169
BLENDED-h9-long-s46,BLENDED,9,500,long,46,0.0050,500,0.6752,1.4406,0.028893,0.037056,24.9581,1.0000,0.050798,0.031114,184
BLENDED-h9-long-s47,BLENDED,9,500,long,47,0.0050,500,0.7103,1.7512,0.028866,0.040748,25.1724,1.0000,0.051171,0.031382,180
BLENDED-h9-long-s49,BLENDED,9,500,long,49,0.0050,500,0.7829,2.0145,0.032390,0.042319,29.4873,1.0000,0.060009,0.036761,177
BLENDED-h9-long-s52,BLENDED,9,500,long,52,0.0050,500,0.7364,2.2809,0.029847,0.041604,26.4203,1.0000,0.053717,0.032937,182
BLENDED-h9-long-s51,BLENDED,9,500,long,51,0.0050,500,0.7631,1.9839,0.028572,0.037127,24.5327,1.0000,0.049728,0.030584,187
BLENDED-h9-long-s50,BLENDED,9,500,long,50,0.0050,500,0.8359,2.4338,0.033229,0.041655,30.2217,1.0000,0.061429,0.037676,198
BLENDED-h9-long-s53,BLENDED,9,500,long,53,0.0050,500,0.6928,1.7263,0.026846,0.035505,22.7236,1.0000,0.046106,0.028329,189
BLENDED-h9-long-s55,BLENDED,9,500,long,55,0.0050,500,1.2518,4.4796,0.035385,0.043880,32.6852,1.0000,0.065694,0.040748,182
BLENDED-h9-long-s56,BLENDED,9,500,long,56,0.0050,500,0.8608,3.4980,0.029872,0.043208,26.1158,1.0000,0.052823,0.032558,174
BLENDED-h9-long-s54,BLENDED,9,500,long,54,0.0050,500,0.6914,1.9473,0.025459,0.031056,21.2754,1.0000,0.043092,0.026523,186
BLENDED-h9-long-s57,BLENDED,9,500,long,57,0.0050,500,1.3332,4.6780,0.034190,0.043220,31.6932,1.0000,0.063458,0.039511,189
BLENDED-h9-long-s59,BLENDED,9,500,long,59,0.0050,500,0.6380,1.5756,0.026556,0.035016,22.3633,1.0000,0.045469,0.027880,172
BLENDED-h9-long-s60,BLENDED,9,500,long,60,0.0050,500,0.6667,1.5342,0.025552,0.034187,21.4832,1.0000,0.043576,0.026782,174
BLENDED-h9-long-s58,BLENDED,9,500,long,58,0.0050,500,0.7390,1.9414,0.030502,0.040695,27.2547,1.0000,0.055449,0.033978,175
BLENDED-h9-long-s61,BLENDED,9,500,long,61,0.0050,500,0.8660,4.1085,0.029435,0.041758,25.3060,1.0000,0.051125,0.031548,179
LATENCY_GREEDY-h12-long-s43,LATENCY_GREEDY,12,500,long,43,0.0050,500,0.4729,0.7312,0.013292,0.014705,5.8531,1.0000,0.011209,0.077827,158
LATENCY_GREEDY-h12-long-s44,LATENCY_GREEDY,12,500,long,44,0.0050,500,0.4796,0.7348,0.013085,0.014179,5.6519,1.0000,0.010776,0.072668,169
LATENCY_GREEDY-h12-long-s42,LATENCY_GREEDY,12,500,long,42,0.0050,500,0.4764,0.7361,0.013131,0.014317,5.7911,1.0000,0.011072,0.074596,164
LATENCY_GREEDY-h12-long-s45,LATENCY_GREEDY,12,500,long,45,0.0050,500,0.4541,0.7237,0.012895,0.013913,5.3600,1.0000,0.010221,0.070904,188
LATENCY_GREEDY-h12-long-s46,LATENCY_GREEDY,12,500,long,46,0.0050,500,0.4664,0.7375,0.013051,0.013942,5.6245,1.0000,0.010746,0.072024,166
LATENCY_GREEDY-h12-long-s47,LATENCY_GREEDY,12,500,long,47,0.0050,500,0.4517,0.7317,0.013045,0.014126,5.6025,1.0000,0.010731,0.072817,165
LATENCY_GREEDY-h12-long-s48,LATENCY_GREEDY,12,500,long,48,0.0050,500,0.4737,0.7347,0.013175,0.014439,5.7351,1.0000,0.010961,0.071937,165
LATENCY_GREEDY-h12-long-s49,LATENCY_GREEDY,12,500,long,49,0.0050,500,0.4584,0.7368,0.013104,0.014187,5.6926,1.0000,0.010905,0.075717,184
LATENCY_GREEDY-h12-long-s50,LATENCY_GREEDY,12,500,long,50,0.0050,500,0.4624,0.7360,0.013147,0.014290,5.7687,1.0000,0.011055,0.074013,168
LATENCY_GREEDY-h12-long-s52,LATENCY_GREEDY,12,500,long,52,0.0050,500,0.4637,0.7388,0.013136,0.014496,5.8999,1.0000,0.011326,0.075947,169
LATENCY_GREEDY-h12-long-s51,LATENCY_GREEDY,12,500,long,51,0.0050,500,0.4674,0.7271,0.013085,0.014710,5.5161,1.0000,0.010518,0.069658,171
LATENCY_GREEDY-h12-long-s53,LATENCY_GREEDY,12,500,long,53,0.0050,500,0.4631,0.7345,0.013015,0.014224,5.5398,1.0000,0.010576,0.070263,174
LATENCY_GREEDY-h12-long-s54,LATENCY_GREEDY,12,500,long,54,0.0050,500,0.4562,0.7380,0.013007,0.014185,5.5969,1.0000,0.010710,0.074447,178
LATENCY_GREEDY-h12-long-s56,LATENCY_GREEDY,12,500,long,56,0.0050,500,0.4761,0.7331,0.013133,0.014240,5.6692,1.0000,0.010819,0.074257,177
LATENCY_GREEDY-h12-long-s55,LATENCY_GREEDY,12,500,long,55,0.0050,500,0.4687,0.7327,0.013254,0.014330,5.9065,1.0000,0.011329,0.077748,184
LATENCY_GREEDY-h12-long-s57,LATENCY_GREEDY,12,500,long,57,0.0050,500,0.4615,0.7333,0.013166,0.014188,5.7728,1.0000,0.011065,0.074883,145
LATENCY_GREEDY-h12-long-s59,LATENCY_GREEDY,12,500,long,59,0.0050,500,0.4590,0.7368,0.012960,0.014189,5.4559,1.0000,0.010410,0.070836,179
LATENCY_GREEDY-h12-long-s60,LATENCY_GREEDY,12,500,long,60,0.0050,500,0.4753,0.7370,0.012971,0.014127,5.5294,1.0000,0.010530,0.069802,180
LATENCY_GREEDY-h12-long-s58,LATENCY_GREEDY,12,500,long,58,0.0050,500,0.4760,0.7382,0.013079,0.014207,5.6292,1.0000,0.010736,0.073968,185
LATENCY_GREEDY-h12-long-s61,LATENCY_GREEDY,12,500,long,61,0.0050,500,0.4603,0.7306,0.013098,0.014121,5.6249,1.0000,0.010760,0.072693,153
CARBON_AWARE-h12-long-s42,CARBON_AWARE,12,500,long,42,0.0050,500,0.7651,2.1356,0.031680,0.042467,29.0860,1.0000,0.059210,0.034128,256
CARBON_AWARE-h12-long-s44,CARBON_AWARE,12,500,long,44,0.0050,500,0.7055,1.6654,0.029041,0.034735,25.2536,1.0000,0.051350,0.029631,283
CARBON_AWARE-h12-long-s43,CARBON_AWARE,12,500,long,43,0.0050,500,1.9897,6.2937,0.036087,0.044484,33.6950,1.0000,0.066261,0.039535,252
CARBON_AWARE-h12-long-s45,CARBON_AWARE,12,500,long,45,0.0050,500,0.6918,2.1423,0.023500,0.033739,18.4661,1.0000,0.037238,0.021667,206
CARBON_AWARE-h12-long-s46,CARBON_AWARE,12,500,long,46,0.0050,500,0.6752,1.4406,0.028893,0.037056,24.9581,1.0000,0.050798,0.029284,173
CARBON_AWARE-h12-long-s48,CARBON_AWARE,12,500,long,48,0.0050,500,1.1451,8.0756,0.032197,0.046057,29.1285,1.0000,0.058507,0.034177,171
CARBON_AWARE-h12-long-s47,CARBON_AWARE,12,500,long,47,0.0050,500,0.7103,1.7512,0.028866,0.040748,25.1724,1.0000,0.051171,0.029536,170
CARBON_AWARE-h12-long-s49,CARBON_AWARE,12,500,long,49,0.0050,500,0.7829,2.0145,0.032390,0.042319,29.4873,1.0000,0.060009,0.034598,156
CARBON_AWARE-h12-long-s50,CARBON_AWARE,12,500,long,50,0.0050,500,0.8359,2.4338,0.033229,0.041655,30.2217,1.0000,0.061429,0.035460,189
CARBON_AWARE-h12-long-s52,CARBON_AWARE,12,500,long,52,0.0050,500,0.7364,2.2809,0.029847,0.041604,26.4203,1.0000,0.053717,0.031000,181
CARBON_AWARE-h12-long-s51,CARBON_AWARE,12,500,long,51,0.0050,500,0.7631,1.9839,0.028572,0.037127,24.5327,1.0000,0.049728,0.028785,182
CARBON_AWARE-h12-long-s53,CARBON_AWARE,12,500,long,53,0.0050,500,0.6928,1.7263,0.026846,0.035505,22.7236,1.0000,0.046106,0.026662,165
CARBON_AWARE-h12-long-s55,CARBON_AWARE,12,500,long,55,0.0050,500,1.2518,4.4796,0.035385,0.043880,32.6852,1.0000,0.065694,0.038351,175
CARBON_AWARE-h12-long-s54,CARBON_AWARE,12,500,long,54,0.0050,500,0.6914,1.9473,0.025459,0.031056,21.2754,1.0000,0.043092,0.024963,176
CARBON_AWARE-h12-long-s56,CARBON_AWARE,12,500,long,56,0.0050,500,0.8608,3.4980,0.029872,0.043208,26.1158,1.0000,0.052823,0.030642,169
CARBON_AWARE-h12-long-s57,CARBON_AWARE,12,500,long,57,0.0050,500,1.3332,4.6780,0.034190,0.043220,31.6932,1.0000,0.063458,0.037187,169
CARBON_AWARE-h12-long-s58,CARBON_AWARE,12,500,long,58,0.0050,500,0.7390,1.9414,0.030502,0.040695,27.2547,1.0000,0.055449,0.031979,184
CARBON_AWARE-h12-long-s59,CARBON_AWARE,12,500,long,59,0.0050,500,0.6380,1.5756,0.026556,0.035016,22.3633,1.0000,0.045469,0.026240,195
CARBON_AWARE-h12-long-s60,CARBON_AWARE,12,500,long,60,0.0050,500,0.6667,1.5342,0.025552,0.034187,21.4832,1.0000,0.043576,0.025207,205
CARBON_AWARE-h12-long-s61,CARBON_AWARE,12,500,long,61,0.0050,500,0.8660,4.1085,0.029435,0.041758,25.3060,1.0000,0.051125,0.029692,162
BLENDED-h12-long-s43,BLENDED,12,500,long,43,0.0050,500,1.9897,6.2937,0.036087,0.044484,33.6950,1.0000,0.066261,0.039535,173
BLENDED-h12-long-s44,BLENDED,12,500,long,44,0.0050,500,0.7055,1.6654,0.029041,0.034735,25.2536,1.0000,0.051350,0.029631,168
BLENDED-h12-long-s42,BLENDED,12,500,long,42,0.0050,500,0.7651,2.1356,0.031680,0.042467,29.0860,1.0000,0.059210,0.034128,170
BLENDED-h12-long-s45,BLENDED,12,500,long,45,0.0050,500,0.6918,2.1423,0.023500,0.033739,18.4661,1.0000,0.037238,0.021667,168
BLENDED-h12-long-s47,BLENDED,12,500,long,47,0.0050,500,0.7103,1.7512,0.028866,0.040748,25.1724,1.0000,0.051171,0.029536,172
BLENDED-h12-long-s46,BLENDED,12,500,long,46,0.0050,500,0.6752,1.4406,0.028893,0.037056,24.9581,1.0000,0.050798,0.029284,177
BLENDED-h12-long-s48,BLENDED,12,500,long,48,0.0050,500,1.1451,8.0756,0.032197,0.046057,29.1285,1.0000,0.058507,0.034177,176
BLENDED-h12-long-s49,BLENDED,12,500,long,49,0.0050,500,0.7829,2.0145,0.032390,0.042319,29.4873,1.0000,0.060009,0.034598,167
BLENDED-h12-long-s51,BLENDED,12,500,long,51,0.0050,500,0.7631,1.9839,0.028572,0.037127,24.5327,1.0000,0.049728,0.028785,169
BLENDED-h12-long-s52,BLENDED,12,500,long,52,0.0050,500,0.7364,2.2809,0.029847,0.041604,26.4203,1.0000,0.053717,0.031000,173
BLENDED-h12-long-s50,BLENDED,12,500,long,50,0.0050,500,0.8359,2.4338,0.033229,0.041655,30.2217,1.0000,0.061429,0.035460,190
BLENDED-h12-long-s53,BLENDED,12,500,long,53,0.0050,500,0.6928,1.7263,0.026846,0.035505,22.7236,1.0000,0.046106,0.026662,165
BLENDED-h12-long-s55,BLENDED,12,500,long,55,0.0050,500,1.2518,4.4796,0.035385,0.043880,32.6852,1.0000,0.065694,0.038351,165
BLENDED-h12-long-s54,BLENDED,12,500,long,54,0.0050,500,0.6914,1.9473,0.025459,0.031056,21.2754,1.0000,0.043092,0.024963,170
BLENDED-h12-long-s56,BLENDED,12,500,long,56,0.0050,500,0.8608,3.4980,0.029872,0.043208,26.1158,1.0000,0.052823,0.030642,164
BLENDED-h12-long-s57,BLENDED,12,500,long,57,0.0050,500,1.3332,4.6780,0.034190,0.043220,31.6932,1.0000,0.063458,0.037187,166
BLENDED-h12-long-s59,BLENDED,12,500,long,59,0.0050,500,0.6380,1.5756,0.026556,0.035016,22.3633,1.0000,0.045469,0.026240,171
BLENDED-h12-long-s58,BLENDED,12,500,long,58,0.0050,500,0.7390,1.9414,0.030502,0.040695,27.2547,1.0000,0.055449,0.031979,181
BLENDED-h12-long-s60,BLENDED,12,500,long,60,0.0050,500,0.6667,1.5342,0.025552,0.034187,21.4832,1.0000,0.043576,0.025207,180
BLENDED-h12-long-s61,BLENDED,12,500,long,61,0.0050,500,0.8660,4.1085,0.029435,0.041758,25.3060,1.0000,0.051125,0.029692,163
LATENCY_GREEDY-h15-long-s43,LATENCY_GREEDY,15,500,long,43,0.0050,500,0.4729,0.7312,0.013292,0.014705,5.8531,1.0000,0.011209,0.084035,160
LATENCY_GREEDY-h15-long-s44,LATENCY_GREEDY,15,500,long,44,0.0050,500,0.4796,0.7348,0.013085,0.014179,5.6519,1.0000,0.010776,0.078771,164
LATENCY_GREEDY-h15-long-s42,LATENCY_GREEDY,15,500,long,42,0.0050,500,0.4764,0.7361,0.013131,0.014317,5.7911,1.0000,0.011072,0.080768,169
LATENCY_GREEDY-h15-long-s45,LATENCY_GREEDY,15,500,long,45,0.0050,500,0.4541,0.7237,0.012895,0.013913,5.3600,1.0000,0.010221,0.076638,147
LATENCY_GREEDY-h15-long-s46,LATENCY_GREEDY,15,500,long,46,0.0050,500,0.4664,0.7375,0.013051,0.013942,5.6245,1.0000,0.010746,0.078123,161
LATENCY_GREEDY-h15-long-s48,LATENCY_GREEDY,15,500,long,48,0.0050,500,0.4737,0.7347,0.013175,0.014439,5.7351,1.0000,0.010961,0.078168,163
LATENCY_GREEDY-h15-long-s47,LATENCY_GREEDY,15,500,long,47,0.0050,500,0.4517,0.7317,0.013045,0.014126,5.6025,1.0000,0.010731,0.078662,161
LATENCY_GREEDY-h15-long-s49,LATENCY_GREEDY,15,500,long,49,0.0050,500,0.4584,0.7368,0.013104,0.014187,5.6926,1.0000,0.010905,0.081766,148
LATENCY_GREEDY-h15-long-s50,LATENCY_GREEDY,15,500,long,50,0.0050,500,0.4624,0.7360,0.013147,0.014290,5.7687,1.0000,0.011055,0.080095,167
LATENCY_GREEDY-h15-long-s51,LATENCY_GREEDY,15,500,long,51,0.0050,500,0.4674,0.7271,0.013085,0.014710,5.5161,1.0000,0.010518,0.075456,168
LATENCY_GREEDY-h15-long-s52,LATENCY_GREEDY,15,500,long,52,0.0050,500,0.4637,0.7388,0.013136,0.014496,5.8999,1.0000,0.011326,0.082059,167
LATENCY_GREEDY-h15-long-s53,LATENCY_GREEDY,15,500,long,53,0.0050,500,0.4631,0.7345,0.013015,0.014224,5.5398,1.0000,0.010576,0.076241,154
LATENCY_GREEDY-h15-long-s54,LATENCY_GREEDY,15,500,long,54,0.0050,500,0.4562,0.7380,0.013007,0.014185,5.5969,1.0000,0.010710,0.080370,154
LATENCY_GREEDY-h15-long-s55,LATENCY_GREEDY,15,500,long,55,0.0050,500,0.4687,0.7327,0.013254,0.014330,5.9065,1.0000,0.011329,0.083950,173
LATENCY_GREEDY-h15-long-s56,LATENCY_GREEDY,15,500,long,56,0.0050,500,0.4761,0.7331,0.013133,0.014240,5.6692,1.0000,0.010819,0.080210,172
LATENCY_GREEDY-h15-long-s57,LATENCY_GREEDY,15,500,long,57,0.0050,500,0.4615,0.7333,0.013166,0.014188,5.7728,1.0000,0.011065,0.081113,164
LATENCY_GREEDY-h15-long-s58,LATENCY_GREEDY,15,500,long,58,0.0050,500,0.4760,0.7382,0.013079,0.014207,5.6292,1.0000,0.010736,0.079889,174
LATENCY_GREEDY-h15-long-s60,LATENCY_GREEDY,15,500,long,60,0.0050,500,0.4753,0.7370,0.012971,0.014127,5.5294,1.0000,0.010530,0.075638,173
LATENCY_GREEDY-h15-long-s59,LATENCY_GREEDY,15,500,long,59,0.0050,500,0.4590,0.7368,0.012960,0.014189,5.4559,1.0000,0.010410,0.076569,174
LATENCY_GREEDY-h15-long-s61,LATENCY_GREEDY,15,500,long,61,0.0050,500,0.4603,0.7306,0.013098,0.014121,5.6249,1.0000,0.010760,0.078684,186
CARBON_AWARE-h15-long-s42,CARBON_AWARE,15,500,long,42,0.0050,500,0.7651,2.1356,0.031680,0.042467,29.0860,1.0000,0.059210,0.036272,199
CARBON_AWARE-h15-long-s44,CARBON_AWARE,15,500,long,44,0.0050,500,0.7055,1.6654,0.029041,0.034735,25.2536,1.0000,0.051350,0.031493,185
CARBON_AWARE-h15-long-s43,CARBON_AWARE,15,500,long,43,0.0050,500,1.9897,6.2937,0.036087,0.044484,33.6950,1.0000,0.066261,0.042018,202
CARBON_AWARE-h15-long-s45,CARBON_AWARE,15,500,long,45,0.0050,500,0.6918,2.1423,0.023500,0.033739,18.4661,1.0000,0.037238,0.023030,174
CARBON_AWARE-h15-long-s46,CARBON_AWARE,15,500,long,46,0.0050,500,0.6752,1.4406,0.028893,0.037056,24.9581,1.0000,0.050798,0.031125,173
CARBON_AWARE-h15-long-s47,CARBON_AWARE,15,500,long,47,0.0050,500,0.7103,1.7512,0.028866,0.040748,25.1724,1.0000,0.051171,0.031391,175
CARBON_AWARE-h15-long-s48,CARBON_AWARE,15,500,long,48,0.0050,500,1.1451,8.0756,0.032197,0.046057,29.1285,1.0000,0.058507,0.036325,175
CARBON_AWARE-h15-long-s49,CARBON_AWARE,15,500,long,49,0.0050,500,0.7829,2.0145,0.032390,0.042319,29.4873,1.0000,0.060009,0.036771,173
CARBON_AWARE-h15-long-s52,CARBON_AWARE,15,500,long,52,0.0050,500,0.7364,2.2809,0.029847,0.041604,26.4203,1.0000,0.053717,0.032948,171
CARBON_AWARE-h15-long-s50,CARBON_AWARE,15,500,long,50,0.0050,500,0.8359,2.4338,0.033229,0.041655,30.2217,1.0000,0.061429,0.037687,203
CARBON_AWARE-h15-long-s51,CARBON_AWARE,15,500,long,51,0.0050,500,0.7631,1.9839,0.028572,0.037127,24.5327,1.0000,0.049728,0.030594,216
CARBON_AWARE-h15-long-s53,CARBON_AWARE,15,500,long,53,0.0050,500,0.6928,1.7263,0.026846,0.035505,22.7236,1.0000,0.046106,0.028338,159
CARBON_AWARE-h15-long-s55,CARBON_AWARE,15,500,long,55,0.0050,500,1.2518,4.4796,0.035385,0.043880,32.6852,1.0000,0.065694,0.040758,173
CARBON_AWARE-h15-long-s54,CARBON_AWARE,15,500,long,54,0.0050,500,0.6914,1.9473,0.025459,0.031056,21.2754,1.0000,0.043092,0.026532,176
CARBON_AWARE-h15-long-s56,CARBON_AWARE,15,500,long,56,0.0050,500,0.8608,3.4980,0.029872,0.043208,26.1158,1.0000,0.052823,0.032569,161
CARBON_AWARE-h15-long-s57,CARBON_AWARE,15,500,long,57,0.0050,500,1.3332,4.6780,0.034190,0.043220,31.6932,1.0000,0.063458,0.039522,159
CARBON_AWARE-h15-long-s59,CARBON_AWARE,15,500,long,59,0.0050,500,0.6380,1.5756,0.026556,0.035016,22.3633,1.0000,0.045469,0.027889,164
CARBON_AWARE-h15-long-s58,CARBON_AWARE,15,500,long,58,0.0050,500,0.7390,1.9414,0.030502,0.040695,27.2547,1.0000,0.055449,0.033988,172
CARBON_AWARE-h15-long-s60,CARBON_AWARE,15,500,long,60,0.0050,500,0.6667,1.5342,0.025552,0.034187,21.4832,1.0000,0.043576,0.026792,171
CARBON_AWARE-h15-long-s61,CARBON_AWARE,15,500,long,61,0.0050,500,0.8660,4.1085,0.029435,0.041758,25.3060,1.0000,0.051125,0.031559,174
BLENDED-h15-long-s42,BLENDED,15,500,long,42,0.0050,500,0.7651,2.1356,0.031680,0.042467,29.0860,1.0000,0.059210,0.036272,180
BLENDED-h15-long-s43,BLENDED,15,500,long,43,0.0050,500,1.9897,6.2937,0.036087,0.044484,33.6950,1.0000,0.066261,0.042018,173
BLENDED-h15-long-s44,BLENDED,15,500,long,44,0.0050,500,0.7055,1.6654,0.029041,0.034735,25.2536,1.0000,0.051350,0.031493,184
BLENDED-h15-long-s45,BLENDED,15,500,long,45,0.0050,500,0.6918,2.1423,0.023500,0.033739,18.4661,1.0000,0.037238,0.023030,161
BLENDED-h15-long-s47,BLENDED,15,500,long,47,0.0050,500,0.7103,1.7512,0.028866,0.040748,25.1724,1.0000,0.051171,0.031391,176
BLENDED-h15-long-s46,BLENDED,15,500,long,46,0.0050,500,0.6752,1.4406,0.028893,0.037056,24.9581,1.0000,0.050798,0.031125,190
BLENDED-h15-long-s48,BLENDED,15,500,long,48,0.0050,500,1.1451,8.0756,0.032197,0.046057,29.1285,1.0000,0.058507,0.036325,173
BLENDED-h15-long-s49,BLENDED,15,500,long,49,0.0050,500,0.7829,2.0145,0.032390,0.042319,29.4873,1.0000,0.060009,0.036771,161
BLENDED-h15-long-s51,BLENDED,15,500,long,51,0.0050,500,0.7631,1.9839,0.028572,0.037127,24.5327,1.0000,0.049728,0.030594,179
BLENDED-h15-long-s50,BLENDED,15,500,long,50,0.0050,500,0.8359,2.4338,0.033229,0.041655,30.2217,1.0000,0.061429,0.037687,181
BLENDED-h15-long-s52,BLENDED,15,500,long,52,0.0050,500,0.7364,2.2809,0.029847,0.041604,26.4203,1.0000,0.053717,0.032948,187
BLENDED-h15-long-s53,BLENDED,15,500,long,53,0.0050,500,0.6928,1.7263,0.026846,0.035505,22.7236,1.0000,0.046106,0.028338,172
BLENDED-h15-long-s55,BLENDED,15,500,long,55,0.0050,500,1.2518,4.4796,0.035385,0.043880,32.6852,1.0000,0.065694,0.040758,165
BLENDED-h15-long-s54,BLENDED,15,500,long,54,0.0050,500,0.6914,1.9473,0.025459,0.031056,21.2754,1.0000,0.043092,0.026532,172
BLENDED-h15-long-s56,BLENDED,15,500,long,56,0.0050,500,0.8608,3.4980,0.029872,0.043208,26.1158,1.0000,0.052823,0.032569,171
BLENDED-h15-long-s57,BLENDED,15,500,long,57,0.0050,500,1.3332,4.6780,0.034190,0.043220,31.6932,1.0000,0.063458,0.039522,159
BLENDED-h15-long-s58,BLENDED,15,500,long,58,0.0050,500,0.7390,1.9414,0.030502,0.040695,27.2547,1.0000,0.055449,0.033988,177
BLENDED-h15-long-s59,BLENDED,15,500,long,59,0.0050,500,0.6380,1.5756,0.026556,0.035016,22.3633,1.0000,0.045469,0.027889,174
BLENDED-h15-long-s60,BLENDED,15,500,long,60,0.0050,500,0.6667,1.5342,0.025552,0.034187,21.4832,1.0000,0.043576,0.026792,171
BLENDED-h15-long-s61,BLENDED,15,500,long,61,0.0050,500,0.8660,4.1085,0.029435,0.041758,25.3060,1.0000,0.051125,0.031559,170
LATENCY_GREEDY-h18-long-s42,LATENCY_GREEDY,18,500,long,42,0.0050,500,0.4764,0.7361,0.013131,0.014317,5.7911,1.0000,0.011072,0.100234,156
LATENCY_GREEDY-h18-long-s43,LATENCY_GREEDY,18,500,long,43,0.0050,500,0.4729,0.7312,0.013292,0.014705,5.8531,1.0000,0.011209,0.103556,159
LATENCY_GREEDY-h18-long-s44,LATENCY_GREEDY,18,500,long,44,0.0050,500,0.4796,0.7348,0.013085,0.014179,5.6519,1.0000,0.010776,0.098055,162
LATENCY_GREEDY-h18-long-s45,LATENCY_GREEDY,18,500,long,45,0.0050,500,0.4541,0.7237,0.012895,0.013913,5.3600,1.0000,0.010221,0.094654,151
LATENCY_GREEDY-h18-long-s48,LATENCY_GREEDY,18,500,long,48,0.0050,500,0.4737,0.7347,0.013175,0.014439,5.7351,1.0000,0.010961,0.097928,184
LATENCY_GREEDY-h18-long-s46,LATENCY_GREEDY,18,500,long,46,0.0050,500,0.4664,0.7375,0.013051,0.013942,5.6245,1.0000,0.010746,0.097411,198
LATENCY_GREEDY-h18-long-s47,LATENCY_GREEDY,18,500,long,47,0.0050,500,0.4517,0.7317,0.013045,0.014126,5.6025,1.0000,0.010731,0.097030,205
LATENCY_GREEDY-h18-long-s49,LATENCY_GREEDY,18,500,long,49,0.0050,500,0.4584,0.7368,0.013104,0.014187,5.6926,1.0000,0.010905,0.100787,155
LATENCY_GREEDY-h18-long-s50,LATENCY_GREEDY,18,500,long,50,0.0050,500,0.4624,0.7360,0.013147,0.014290,5.7687,1.0000,0.011055,0.099266,163
LATENCY_GREEDY-h18-long-s51,LATENCY_GREEDY,18,500,long,51,0.0050,500,0.4674,0.7271,0.013085,0.014710,5.5161,1.0000,0.010518,0.093741,154
LATENCY_GREEDY-h18-long-s52,LATENCY_GREEDY,18,500,long,52,0.0050,500,0.4637,0.7388,0.013136,0.014496,5.8999,1.0000,0.011326,0.101256,160
LATENCY_GREEDY-h18-long-s53,LATENCY_GREEDY,18,500,long,53,0.0050,500,0.4631,0.7345,0.013015,0.014224,5.5398,1.0000,0.010576,0.095158,148
LATENCY_GREEDY-h18-long-s55,LATENCY_GREEDY,18,500,long,55,0.0050,500,0.4687,0.7327,0.013254,0.014330,5.9065,1.0000,0.011329,0.103443,163
LATENCY_GREEDY-h18-long-s54,LATENCY_GREEDY,18,500,long,54,0.0050,500,0.4562,0.7380,0.013007,0.014185,5.5969,1.0000,0.010710,0.098962,163
LATENCY_GREEDY-h18-long-s56,LATENCY_GREEDY,18,500,long,56,0.0050,500,0.4761,0.7331,0.013133,0.014240,5.6692,1.0000,0.010819,0.098913,163
LATENCY_GREEDY-h18-long-s57,LATENCY_GREEDY,18,500,long,57,0.0050,500,0.4615,0.7333,0.013166,0.014188,5.7728,1.0000,0.011065,0.100795,150
LATENCY_GREEDY-h18-long-s60,LATENCY_GREEDY,18,500,long,60,0.0050,500,0.4753,0.7370,0.012971,0.014127,5.5294,1.0000,0.010530,0.094048,164
LATENCY_GREEDY-h18-long-s58,LATENCY_GREEDY,18,500,long,58,0.0050,500,0.4760,0.7382,0.013079,0.014207,5.6292,1.0000,0.010736,0.098495,159
LATENCY_GREEDY-h18-long-s59,LATENCY_GREEDY,18,500,long,59,0.0050,500,0.4590,0.7368,0.012960,0.014189,5.4559,1.0000,0.010410,0.094599,163
LATENCY_GREEDY-h18-long-s61,LATENCY_GREEDY,18,500,long,61,0.0050,500,0.4603,0.7306,0.013098,0.014121,5.6249,1.0000,0.010760,0.097570,153
CARBON_AWARE-h18-long-s43,CARBON_AWARE,18,500,long,43,0.0050,500,1.9897,6.2937,0.036087,0.044484,33.6950,1.0000,0.066261,0.046948,164
CARBON_AWARE-h18-long-s44,CARBON_AWARE,18,500,long,44,0.0050,500,0.7055,1.6654,0.029041,0.034735,25.2536,1.0000,0.051350,0.035187,170
CARBON_AWARE-h18-long-s42,CARBON_AWARE,18,500,long,42,0.0050,500,0.7651,2.1356,0.031680,0.042467,29.0860,1.0000,0.059210,0.040527,179
CARBON_AWARE-h18-long-s45,CARBON_AWARE,18,500,long,45,0.0050,500,0.6918,2.1423,0.023500,0.033739,18.4661,1.0000,0.037238,0.025729,167
CARBON_AWARE-h18-long-s46,CARBON_AWARE,18,500,long,46,0.0050,500,0.6752,1.4406,0.028893,0.037056,24.9581,1.0000,0.050798,0.034775,180
CARBON_AWARE-h18-long-s47,CARBON_AWARE,18,500,long,47,0.0050,500,0.7103,1.7512,0.028866,0.040748,25.1724,1.0000,0.051171,0.035073,182
CARBON_AWARE-h18-long-s48,CARBON_AWARE,18,500,long,48,0.0050,500,1.1451,8.0756,0.032197,0.046057,29.1285,1.0000,0.058507,0.040586,183
CARBON_AWARE-h18-long-s49,CARBON_AWARE,18,500,long,49,0.0050,500,0.7829,2.0145,0.032390,0.042319,29.4873,1.0000,0.060009,0.041086,159
CARBON_AWARE-h18-long-s50,CARBON_AWARE,18,500,long,50,0.0050,500,0.8359,2.4338,0.033229,0.041655,30.2217,1.0000,0.061429,0.042109,172
CARBON_AWARE-h18-long-s52,CARBON_AWARE,18,500,long,52,0.0050,500,0.7364,2.2809,0.029847,0.041604,26.4203,1.0000,0.053717,0.036812,173
CARBON_AWARE-h18-long-s51,CARBON_AWARE,18,500,long,51,0.0050,500,0.7631,1.9839,0.028572,0.037127,24.5327,1.0000,0.049728,0.034182,175
CARBON_AWARE-h18-long-s53,CARBON_AWARE,18,500,long,53,0.0050,500,0.6928,1.7263,0.026846,0.035505,22.7236,1.0000,0.046106,0.031661,168
CARBON_AWARE-h18-long-s54,CARBON_AWARE,18,500,long,54,0.0050,500,0.6914,1.9473,0.025459,0.031056,21.2754,1.0000,0.043092,0.029644,170
CARBON_AWARE-h18-long-s56,CARBON_AWARE,18,500,long,56,0.0050,500,0.8608,3.4980,0.029872,0.043208,26.1158,1.0000,0.052823,0.036388,170
CARBON_AWARE-h18-long-s55,CARBON_AWARE,18,500,long,55,0.0050,500,1.2518,4.4796,0.035385,0.043880,32.6852,1.0000,0.065694,0.045541,169
CARBON_AWARE-h18-long-s57,CARBON_AWARE,18,500,long,57,0.0050,500,1.3332,4.6780,0.034190,0.043220,31.6932,1.0000,0.063458,0.044159,164
CARBON_AWARE-h18-long-s59,CARBON_AWARE,18,500,long,59,0.0050,500,0.6380,1.5756,0.026556,0.035016,22.3633,1.0000,0.045469,0.031160,168
CARBON_AWARE-h18-long-s60,CARBON_AWARE,18,500,long,60,0.0050,500,0.6667,1.5342,0.025552,0.034187,21.4832,1.0000,0.043576,0.029933,169
CARBON_AWARE-h18-long-s58,CARBON_AWARE,18,500,long,58,0.0050,500,0.7390,1.9414,0.030502,0.040695,27.2547,1.0000,0.055449,0.037975,170
CARBON_AWARE-h18-long-s61,CARBON_AWARE,18,500,long,61,0.0050,500,0.8660,4.1085,0.029435,0.041758,25.3060,1.0000,0.051125,0.035260,164
BLENDED-h18-long-s43,BLENDED,18,500,long,43,0.0050,500,1.9897,6.2937,0.036087,0.044484,33.6950,1.0000,0.066261,0.046948,165
BLENDED-h18-long-s44,BLENDED,18,500,long,44,0.0050,500,0.7055,1.6654,0.029041,0.034735,25.2536,1.0000,0.051350,0.035187,167
BLENDED-h18-long-s42,BLENDED,18,500,long,42,0.0050,500,0.7651,2.1356,0.031680,0.042467,29.0860,1.0000,0.059210,0.040527,168
BLENDED-h18-long-s45,BLENDED,18,500,long,45,0.0050,500,0.6918,2.1423,0.023500,0.033739,18.4661,1.0000,0.037238,0.025729,156
BLENDED-h18-long-s46,BLENDED,18,500,long,46,0.0050,500,0.6752,1.4406,0.028893,0.037056,24.9581,1.0000,0.050798,0.034775,169
BLENDED-h18-long-s47,BLENDED,18,500,long,47,0.0050,500,0.7103,1.7512,0.028866,0.040748,25.1724,1.0000,0.051171,0.035073,171
BLENDED-h18-long-s48,BLENDED,18,500,long,48,0.0050,500,1.1451,8.0756,0.032197,0.046057,29.1285,1.0000,0.058507,0.040586,174
BLENDED-h18-long-s49,BLENDED,18,500,long,49,0.0050,500,0.7829,2.0145,0.032390,0.042319,29.4873,1.0000,0.060009,0.041086,161
BLENDED-h18-long-s51,BLENDED,18,500,long,51,0.0050,500,0.7631,1.9839,0.028572,0.037127,24.5327,1.0000,0.049728,0.034182,166
BLENDED-h18-long-s52,BLENDED,18,500,long,52,0.0050,500,0.7364,2.2809,0.029847,0.041604,26.4203,1.0000,0.053717,0.036812,166
BLENDED-h18-long-s50,BLENDED,18,500,long,50,0.0050,500,0.8359,2.4338,0.033229,0.041655,30.2217,1.0000,0.061429,0.042109,171
BLENDED-h18-long-s53,BLENDED,18,500,long,53,0.0050,500,0.6928,1.7263,0.026846,0.035505,22.7236,1.0000,0.046106,0.031661,152
BLENDED-h18-long-s54,BLENDED,18,500,long,54,0.0050,500,0.6914,1.9473,0.025459,0.031056,21.2754,1.0000,0.043092,0.029644,171
BLENDED-h18-long-s56,BLENDED,18,500,long,56,0.0050,500,0.8608,3.4980,0.029872,0.043208,26.1158,1.0000,0.052823,0.036388,179
BLENDED-h18-long-s55,BLENDED,18,500,long,55,0.0050,500,1.2518,4.4796,0.035385,0.043880,32.6852,1.0000,0.065694,0.045541,178
BLENDED-h18-long-s57,BLENDED,18,500,long,57,0.0050,500,1.3332,4.6780,0.034190,0.043220,31.6932,1.0000,0.063458,0.044159,171
BLENDED-h18-long-s59,BLENDED,18,500,long,59,0.0050,500,0.6380,1.5756,0.026556,0.035016,22.3633,1.0000,0.045469,0.031160,173
BLENDED-h18-long-s58,BLENDED,18,500,long,58,0.0050,500,0.7390,1.9414,0.030502,0.040695,27.2547,1.0000,0.055449,0.037975,178
BLENDED-h18-long-s60,BLENDED,18,500,long,60,0.0050,500,0.6667,1.5342,0.025552,0.034187,21.4832,1.0000,0.043576,0.029933,179
BLENDED-h18-long-s61,BLENDED,18,500,long,61,0.0050,500,0.8660,4.1085,0.029435,0.041758,25.3060,1.0000,0.051125,0.035260,157
LATENCY_GREEDY-h21-long-s43,LATENCY_GREEDY,21,500,long,43,0.0050,500,0.4729,0.7312,0.013292,0.014705,5.8531,1.0000,0.011209,0.100598,168
LATENCY_GREEDY-h21-long-s44,LATENCY_GREEDY,21,500,long,44,0.0050,500,0.4796,0.7348,0.013085,0.014179,5.6519,1.0000,0.010776,0.095149,166
LATENCY_GREEDY-h21-long-s42,LATENCY_GREEDY,21,500,long,42,0.0050,500,0.4764,0.7361,0.013131,0.014317,5.7911,1.0000,0.011072,0.097290,171
LATENCY_GREEDY-h21-long-s45,LATENCY_GREEDY,21,500,long,45,0.0050,500,0.4541,0.7237,0.012895,0.013913,5.3600,1.0000,0.010221,0.091910,156
LATENCY_GREEDY-h21-long-s47,LATENCY_GREEDY,21,500,long,47,0.0050,500,0.4517,0.7317,0.013045,0.014126,5.6025,1.0000,0.010731,0.094234,156
LATENCY_GREEDY-h21-long-s48,LATENCY_GREEDY,21,500,long,48,0.0050,500,0.4737,0.7347,0.013175,0.014439,5.7351,1.0000,0.010961,0.094969,157
LATENCY_GREEDY-h21-long-s46,LATENCY_GREEDY,21,500,long,46,0.0050,500,0.4664,0.7375,0.013051,0.013942,5.6245,1.0000,0.010746,0.094510,175
LATENCY_GREEDY-h21-long-s49,LATENCY_GREEDY,21,500,long,49,0.0050,500,0.4584,0.7368,0.013104,0.014187,5.6926,1.0000,0.010905,0.097904,148
LATENCY_GREEDY-h21-long-s52,LATENCY_GREEDY,21,500,long,52,0.0050,500,0.4637,0.7388,0.013136,0.014496,5.8999,1.0000,0.011326,0.098324,154
LATENCY_GREEDY-h21-long-s50,LATENCY_GREEDY,21,500,long,50,0.0050,500,0.4624,0.7360,0.013147,0.014290,5.7687,1.0000,0.011055,0.096363,167
LATENCY_GREEDY-h21-long-s51,LATENCY_GREEDY,21,500,long,51,0.0050,500,0.4674,0.7271,0.013085,0.014710,5.5161,1.0000,0.010518,0.090968,171
LATENCY_GREEDY-h21-long-s53,LATENCY_GREEDY,21,500,long,53,0.0050,500,0.4631,0.7345,0.013015,0.014224,5.5398,1.0000,0.010576,0.092315,156
LATENCY_GREEDY-h21-long-s55,LATENCY_GREEDY,21,500,long,55,0.0050,500,0.4687,0.7327,0.013254,0.014330,5.9065,1.0000,0.011329,0.100482,170
LATENCY_GREEDY-h21-long-s54,LATENCY_GREEDY,21,500,long,54,0.0050,500,0.4562,0.7380,0.013007,0.014185,5.5969,1.0000,0.010710,0.096130,161
LATENCY_GREEDY-h21-long-s56,LATENCY_GREEDY,21,500,long,56,0.0050,500,0.4761,0.7331,0.013133,0.014240,5.6692,1.0000,0.010819,0.096065,168
LATENCY_GREEDY-h21-long-s57,LATENCY_GREEDY,21,500,long,57,0.0050,500,0.4615,0.7333,0.013166,0.014188,5.7728,1.0000,0.011065,0.097836,155
LATENCY_GREEDY-h21-long-s60,LATENCY_GREEDY,21,500,long,60,0.0050,500,0.4753,0.7370,0.012971,0.014127,5.5294,1.0000,0.010530,0.091256,156
LATENCY_GREEDY-h21-long-s59,LATENCY_GREEDY,21,500,long,59,0.0050,500,0.4590,0.7368,0.012960,0.014189,5.4559,1.0000,0.010410,0.091857,157
LATENCY_GREEDY-h21-long-s58,LATENCY_GREEDY,21,500,long,58,0.0050,500,0.4760,0.7382,0.013079,0.014207,5.6292,1.0000,0.010736,0.095667,156
LATENCY_GREEDY-h21-long-s61,LATENCY_GREEDY,21,500,long,61,0.0050,500,0.4603,0.7306,0.013098,0.014121,5.6249,1.0000,0.010760,0.094711,147
CARBON_AWARE-h21-long-s44,CARBON_AWARE,21,500,long,44,0.0050,500,0.7055,1.6654,0.029041,0.034735,25.2536,1.0000,0.051350,0.032379,178
CARBON_AWARE-h21-long-s42,CARBON_AWARE,21,500,long,42,0.0050,500,0.7651,2.1356,0.031680,0.042467,29.0860,1.0000,0.059210,0.037294,182
CARBON_AWARE-h21-long-s43,CARBON_AWARE,21,500,long,43,0.0050,500,1.9897,6.2937,0.036087,0.044484,33.6950,1.0000,0.066261,0.043207,185
CARBON_AWARE-h21-long-s45,CARBON_AWARE,21,500,long,45,0.0050,500,0.6918,2.1423,0.023500,0.033739,18.4661,1.0000,0.037238,0.023670,159
CARBON_AWARE-h21-long-s46,CARBON_AWARE,21,500,long,46,0.0050,500,0.6752,1.4406,0.028893,0.037056,24.9581,1.0000,0.050798,0.031999,169
CARBON_AWARE-h21-long-s47,CARBON_AWARE,21,500,long,47,0.0050,500,0.7103,1.7512,0.028866,0.040748,25.1724,1.0000,0.051171,0.032275,170
CARBON_AWARE-h21-long-s48,CARBON_AWARE,21,500,long,48,0.0050,500,1.1451,8.0756,0.032197,0.046057,29.1285,1.0000,0.058507,0.037347,185
CARBON_AWARE-h21-long-s49,CARBON_AWARE,21,500,long,49,0.0050,500,0.7829,2.0145,0.032390,0.042319,29.4873,1.0000,0.060009,0.037811,159
CARBON_AWARE-h21-long-s50,CARBON_AWARE,21,500,long,50,0.0050,500,0.8359,2.4338,0.033229,0.041655,30.2217,1.0000,0.061429,0.038753,170
CARBON_AWARE-h21-long-s51,CARBON_AWARE,21,500,long,51,0.0050,500,0.7631,1.9839,0.028572,0.037127,24.5327,1.0000,0.049728,0.031453,170
CARBON_AWARE-h21-long-s52,CARBON_AWARE,21,500,long,52,0.0050,500,0.7364,2.2809,0.029847,0.041604,26.4203,1.0000,0.053717,0.033873,168
CARBON_AWARE-h21-long-s53,CARBON_AWARE,21,500,long,53,0.0050,500,0.6928,1.7263,0.026846,0.035505,22.7236,1.0000,0.046106,0.029134,166
CARBON_AWARE-h21-long-s55,CARBON_AWARE,21,500,long,55,0.0050,500,1.2518,4.4796,0.035385,0.043880,32.6852,1.0000,0.065694,0.041914,178
CARBON_AWARE-h21-long-s54,CARBON_AWARE,21,500,long,54,0.0050,500,0.6914,1.9473,0.025459,0.031056,21.2754,1.0000,0.043092,0.027278,188
CARBON_AWARE-h21-long-s56,CARBON_AWARE,21,500,long,56,0.0050,500,0.8608,3.4980,0.029872,0.043208,26.1158,1.0000,0.052823,0.033483,218
CARBON_AWARE-h21-long-s57,CARBON_AWARE,21,500,long,57,0.0050,500,1.3332,4.6780,0.034190,0.043220,31.6932,1.0000,0.063458,0.040639,154
CARBON_AWARE-h21-long-s58,CARBON_AWARE,21,500,long,58,0.0050,500,0.7390,1.9414,0.030502,0.040695,27.2547,1.0000,0.055449,0.034946,160
CARBON_AWARE-h21-long-s59,CARBON_AWARE,21,500,long,59,0.0050,500,0.6380,1.5756,0.026556,0.035016,22.3633,1.0000,0.045469,0.028672,160
CARBON_AWARE-h21-long-s60,CARBON_AWARE,21,500,long,60,0.0050,500,0.6667,1.5342,0.025552,0.034187,21.4832,1.0000,0.043576,0.027541,155
CARBON_AWARE-h21-long-s61,CARBON_AWARE,21,500,long,61,0.0050,500,0.8660,4.1085,0.029435,0.041758,25.3060,1.0000,0.051125,0.032444,158
BLENDED-h21-long-s42,BLENDED,21,500,long,42,0.0050,500,0.7651,2.1356,0.031680,0.042467,29.0860,1.0000,0.059210,0.037294,167
BLENDED-h21-long-s43,BLENDED,21,500,long,43,0.0050,500,1.9897,6.2937,0.036087,0.044484,33.6950,1.0000,0.066261,0.043207,172
BLENDED-h21-long-s44,BLENDED,21,500,long,44,0.0050,500,0.7055,1.6654,0.029041,0.034735,25.2536,1.0000,0.051350,0.032379,167
BLENDED-h21-long-s45,BLENDED,21,500,long,45,0.0050,500,0.6918,2.1423,0.023500,0.033739,18.4661,1.0000,0.037238,0.023670,162
BLENDED-h21-long-s46,BLENDED,21,500,long,46,0.0050,500,0.6752,1.4406,0.028893,0.037056,24.9581,1.0000,0.050798,0.031999,177
BLENDED-h21-long-s47,BLENDED,21,500,long,47,0.0050,500,0.7103,1.7512,0.028866,0.040748,25.1724,1.0000,0.051171,0.032275,162
BLENDED-h21-long-s48,BLENDED,21,500,long,48,0.0050,500,1.1451,8.0756,0.032197,0.046057,29.1285,1.0000,0.058507,0.037347,177
BLENDED-h21-long-s49,BLENDED,21,500,long,49,0.0050,500,0.7829,2.0145,0.032390,0.042319,29.4873,1.0000,0.060009,0.037811,161
BLENDED-h21-long-s50,BLENDED,21,500,long,50,0.0050,500,0.8359,2.4338,0.033229,0.041655,30.2217,1.0000,0.061429,0.038753,167
BLENDED-h21-long-s51,BLENDED,21,500,long,51,0.0050,500,0.7631,1.9839,0.028572,0.037127,24.5327,1.0000,0.049728,0.031453,172
BLENDED-h21-long-s52,BLENDED,21,500,long,52,0.0050,500,0.7364,2.2809,0.029847,0.041604,26.4203,1.0000,0.053717,0.033873,173
BLENDED-h21-long-s53,BLENDED,21,500,long,53,0.0050,500,0.6928,1.7263,0.026846,0.035505,22.7236,1.0000,0.046106,0.029134,167
BLENDED-h21-long-s54,BLENDED,21,500,long,54,0.0050,500,0.6914,1.9473,0.025459,0.031056,21.2754,1.0000,0.043092,0.027278,170
BLENDED-h21-long-s55,BLENDED,21,500,long,55,0.0050,500,1.2518,4.4796,0.035385,0.043880,32.6852,1.0000,0.065694,0.041914,169
BLENDED-h21-long-s56,BLENDED,21,500,long,56,0.0050,500,0.8608,3.4980,0.029872,0.043208,26.1158,1.0000,0.052823,0.033483,194
BLENDED-h21-long-s57,BLENDED,21,500,long,57,0.0050,500,1.3332,4.6780,0.034190,0.043220,31.6932,1.0000,0.063458,0.040639,166
BLENDED-h21-long-s58,BLENDED,21,500,long,58,0.0050,500,0.7390,1.9414,0.030502,0.040695,27.2547,1.0000,0.055449,0.034946,178
BLENDED-h21-long-s59,BLENDED,21,500,long,59,0.0050,500,0.6380,1.5756,0.026556,0.035016,22.3633,1.0000,0.045469,0.028672,181
BLENDED-h21-long-s60,BLENDED,21,500,long,60,0.0050,500,0.6667,1.5342,0.025552,0.034187,21.4832,1.0000,0.043576,0.027541,178
BLENDED-h21-long-s61,BLENDED,21,500,long,61,0.0050,500,0.8660,4.1085,0.029435,0.041758,25.3060,1.0000,0.051125,0.032444,152
