label,mode,prefill_gpus,decode_gpus,requests,workload,kv_bw_gbs,seed,n_finished,mean_ttft_s,p99_ttft_s,mean_tpot_s,p99_tpot_s,mean_e2e_s,slo_attainment,total_energy_kwh,total_carbon_kg,wall_ms
baseline-short-s45,colocated,8,0,500,short,200.0,45,500,0.5903,3.3206,0.023151,0.023502,4.0733,0.6640,0.006908,0.003019,242
baseline-short-s43,colocated,8,0,500,short,200.0,43,500,0.9128,4.0423,0.023411,0.023929,4.4959,0.5140,0.007107,0.003106,273
baseline-short-s44,colocated,8,0,500,short,200.0,44,500,0.7755,3.7125,0.023245,0.023621,4.2432,0.5920,0.006878,0.003006,262
baseline-short-s42,colocated,8,0,500,short,200.0,42,500,0.7665,4.2075,0.023217,0.023672,4.2348,0.5860,0.006879,0.003006,295
baseline-short-s46,colocated,8,0,500,short,200.0,46,500,0.9539,4.5543,0.023291,0.023725,4.4664,0.5420,0.006967,0.003045,260
baseline-short-s48,colocated,8,0,500,short,200.0,48,500,1.0257,4.2945,0.023360,0.023811,4.5516,0.4960,0.006994,0.003056,253
baseline-short-s47,colocated,8,0,500,short,200.0,47,500,0.7383,3.5261,0.023262,0.023665,4.2388,0.5960,0.006943,0.003034,273
baseline-short-s49,colocated,8,0,500,short,200.0,49,500,0.7898,3.5214,0.023321,0.023796,4.3585,0.5540,0.007079,0.003093,271
baseline-short-s51,colocated,8,0,500,short,200.0,51,500,0.8497,4.3548,0.023312,0.023824,4.4589,0.5500,0.007159,0.003128,254
baseline-short-s50,colocated,8,0,500,short,200.0,50,500,0.6650,2.9250,0.023230,0.023605,4.1819,0.6000,0.006976,0.003048,275
baseline-short-s52,colocated,8,0,500,short,200.0,52,500,0.8209,4.1912,0.023296,0.023762,4.3915,0.5720,0.007082,0.003095,278
baseline-short-s53,colocated,8,0,500,short,200.0,53,500,0.7651,3.9359,0.023233,0.023691,4.1941,0.5920,0.006801,0.002972,272
baseline-short-s54,colocated,8,0,500,short,200.0,54,500,1.0299,4.6782,0.023316,0.023763,4.6389,0.5120,0.007158,0.003128,255
baseline-short-s55,colocated,8,0,500,short,200.0,55,500,1.2005,4.7065,0.023483,0.023950,4.9053,0.4340,0.007349,0.003211,273
baseline-short-s56,colocated,8,0,500,short,200.0,56,500,0.9096,4.4266,0.023327,0.023836,4.4710,0.5460,0.007064,0.003087,259
baseline-short-s57,colocated,8,0,500,short,200.0,57,500,0.8626,3.7037,0.023393,0.023918,4.4344,0.5320,0.007085,0.003096,267
baseline-short-s58,colocated,8,0,500,short,200.0,58,500,0.8729,4.2855,0.023274,0.023602,4.4497,0.5580,0.007095,0.003100,218
baseline-short-s59,colocated,8,0,500,short,200.0,59,500,0.7513,3.4653,0.023238,0.023623,4.3016,0.5720,0.007042,0.003077,237
baseline-short-s60,colocated,8,0,500,short,200.0,60,500,0.7083,3.7592,0.023173,0.023587,4.1669,0.6240,0.006860,0.002998,243
baseline-short-s61,colocated,8,0,500,short,200.0,61,500,0.9803,4.4540,0.023346,0.023820,4.5065,0.5260,0.006994,0.003056,255
sw-short-1p7d-kv100-s42,splitwise,1,7,500,short,100.0,42,500,2.8250,4.9510,0.023287,0.023846,6.2544,0.0660,0.007749,0.003386,287
sw-short-1p7d-kv100-s43,splitwise,1,7,500,short,100.0,43,500,3.6457,6.4938,0.023251,0.024002,10.4309,0.0520,0.015158,0.006624,306
sw-short-1p7d-kv100-s44,splitwise,1,7,500,short,100.0,44,500,3.0298,5.4492,0.023001,0.023430,13.5604,0.0660,0.021149,0.009242,337
sw-short-1p7d-kv100-s45,splitwise,1,7,500,short,100.0,45,500,2.4283,5.1452,0.023233,0.023710,7.1406,0.0920,0.010102,0.004415,302
sw-short-1p7d-kv100-s46,splitwise,1,7,500,short,100.0,46,500,2.7832,5.1200,0.023347,0.023868,4.5285,0.0340,0.004444,0.001942,339
sw-short-1p7d-kv100-s48,splitwise,1,7,500,short,100.0,48,500,2.9566,5.1761,0.022970,0.023466,14.7220,0.0580,0.023470,0.010257,311
sw-short-1p7d-kv100-s49,splitwise,1,7,500,short,100.0,49,500,3.3931,5.9673,0.023345,0.023890,7.3467,0.0660,0.009522,0.004161,331
sw-short-1p7d-kv100-s47,splitwise,1,7,500,short,100.0,47,500,3.1079,5.5089,0.023368,0.023791,3.5608,0.0460,0.002312,0.001010,386
sw-short-1p7d-kv100-s50,splitwise,1,7,500,short,100.0,50,500,3.1205,5.5842,0.022966,0.023430,14.6197,0.0580,0.022908,0.010011,240
sw-short-1p7d-kv100-s51,splitwise,1,7,500,short,100.0,51,500,2.8140,5.2501,0.023348,0.024042,5.2030,0.1040,0.005770,0.002521,302
sw-short-1p7d-kv100-s52,splitwise,1,7,500,short,100.0,52,500,3.1210,5.9867,0.023409,0.023830,3.5719,0.0620,0.002369,0.001035,325
sw-short-1p7d-kv100-s53,splitwise,1,7,500,short,100.0,53,500,2.9785,5.5083,0.023282,0.023897,7.8941,0.0460,0.010950,0.004785,333
sw-short-1p7d-kv100-s54,splitwise,1,7,500,short,100.0,54,500,2.8714,5.1002,0.023232,0.023838,10.4398,0.0900,0.015796,0.006903,279
sw-short-1p7d-kv100-s55,splitwise,1,7,500,short,100.0,55,500,3.6012,6.0563,0.023501,0.024050,4.1730,0.0420,0.002974,0.001299,322
sw-short-1p7d-kv100-s57,splitwise,1,7,500,short,100.0,57,500,3.5754,6.2218,0.023185,0.023970,10.2580,0.0540,0.014366,0.006278,328
sw-short-1p7d-kv100-s56,splitwise,1,7,500,short,100.0,56,500,2.9268,5.4647,0.023340,0.024048,6.4142,0.0460,0.007990,0.003491,364
sw-short-1p7d-kv100-s60,splitwise,1,7,500,short,100.0,60,500,2.6156,4.8312,0.022956,0.023427,14.7672,0.0780,0.024179,0.010566,266
sw-short-1p7d-kv100-s59,splitwise,1,7,500,short,100.0,59,500,2.8293,5.0969,0.023203,0.023820,10.5825,0.0900,0.016221,0.007089,287
sw-short-1p7d-kv100-s58,splitwise,1,7,500,short,100.0,58,500,2.8835,5.2675,0.023342,0.024009,5.5397,0.0500,0.006181,0.002701,323
sw-short-1p7d-kv100-s61,splitwise,1,7,500,short,100.0,61,500,3.0326,5.5823,0.023422,0.023936,3.7495,0.0880,0.002776,0.001213,310
sw-short-2p6d-kv100-s43,splitwise,2,6,500,short,100.0,43,500,1.1092,3.5652,0.022824,0.023177,69.5526,0.3280,0.135758,0.059326,282
sw-short-2p6d-kv100-s42,splitwise,2,6,500,short,100.0,42,500,1.1220,3.2018,0.022814,0.023235,90.1949,0.2420,0.176677,0.077208,320
sw-short-2p6d-kv100-s44,splitwise,2,6,500,short,100.0,44,500,0.9963,2.9714,0.022834,0.023257,109.5581,0.2100,0.215333,0.094101,360
sw-short-2p6d-kv100-s45,splitwise,2,6,500,short,100.0,45,500,1.6606,6.5527,0.022815,0.023225,49.1312,0.2620,0.094158,0.041147,368
sw-short-2p6d-kv100-s47,splitwise,2,6,500,short,100.0,47,500,1.2309,3.3709,0.022812,0.023188,100.7572,0.2220,0.197411,0.086269,286
sw-short-2p6d-kv100-s46,splitwise,2,6,500,short,100.0,46,500,1.0354,3.3099,0.022826,0.023218,120.6982,0.3440,0.237352,0.103723,312
sw-short-2p6d-kv100-s48,splitwise,2,6,500,short,100.0,48,500,0.8629,3.0115,0.022796,0.023072,85.3828,0.4080,0.167646,0.073261,344
sw-short-2p6d-kv100-s49,splitwise,2,6,500,short,100.0,49,500,1.2091,3.1446,0.022802,0.023149,103.7620,0.2440,0.203414,0.088892,348
sw-short-2p6d-kv100-s50,splitwise,2,6,500,short,100.0,50,500,0.7949,3.1253,0.022786,0.023140,73.3109,0.4020,0.143836,0.062856,337
sw-short-2p6d-kv100-s51,splitwise,2,6,500,short,100.0,51,500,1.2538,3.4101,0.022807,0.023099,101.6673,0.2200,0.199171,0.087038,368
sw-short-2p6d-kv100-s52,splitwise,2,6,500,short,100.0,52,500,1.1778,3.0450,0.022824,0.023289,112.4088,0.2820,0.220628,0.096414,347
sw-short-2p6d-kv100-s53,splitwise,2,6,500,short,100.0,53,500,1.0346,3.2605,0.022807,0.023129,112.3921,0.3380,0.220878,0.096524,396
sw-short-2p6d-kv100-s54,splitwise,2,6,500,short,100.0,54,500,1.0143,3.2296,0.022771,0.023109,106.8003,0.3240,0.209827,0.091694,317
sw-short-2p6d-kv100-s56,splitwise,2,6,500,short,100.0,56,500,1.1444,3.1590,0.022817,0.023129,104.3567,0.2940,0.204722,0.089464,310
sw-short-2p6d-kv100-s55,splitwise,2,6,500,short,100.0,55,500,0.9937,2.8476,0.022821,0.023287,52.2788,0.2540,0.101724,0.044454,347
sw-short-2p6d-kv100-s57,splitwise,2,6,500,short,100.0,57,500,1.1119,3.4682,0.022804,0.023188,74.0904,0.3200,0.144753,0.063257,342
sw-short-2p6d-kv100-s58,splitwise,2,6,500,short,100.0,58,500,1.1559,3.2704,0.022808,0.023129,98.9353,0.2420,0.193946,0.084754,294
sw-short-2p6d-kv100-s59,splitwise,2,6,500,short,100.0,59,500,1.0427,2.9794,0.022819,0.023226,88.3783,0.3140,0.173231,0.075702,292
sw-short-2p6d-kv100-s60,splitwise,2,6,500,short,100.0,60,500,1.7609,6.6286,0.022758,0.023073,71.0878,0.2840,0.137510,0.060092,316
sw-short-2p6d-kv100-s61,splitwise,2,6,500,short,100.0,61,500,1.1153,3.2693,0.022816,0.023132,102.5117,0.2380,0.201120,0.087890,333
sw-short-3p5d-kv100-s42,splitwise,3,5,500,short,100.0,42,500,1.9287,5.3690,0.022784,0.023072,75.7324,0.2080,0.146390,0.063973,332
sw-short-3p5d-kv100-s43,splitwise,3,5,500,short,100.0,43,500,1.6537,4.7991,0.022816,0.023203,75.3209,0.2720,0.146119,0.063854,313
sw-short-3p5d-kv100-s44,splitwise,3,5,500,short,100.0,44,500,2.0089,5.6312,0.022797,0.023129,99.7275,0.2600,0.193826,0.084702,410
sw-short-3p5d-kv100-s45,splitwise,3,5,500,short,100.0,45,500,2.1028,5.6709,0.022812,0.023169,121.0538,0.1860,0.235940,0.103106,389
sw-short-3p5d-kv100-s46,splitwise,3,5,500,short,100.0,46,500,1.9931,5.6228,0.022784,0.023073,109.8516,0.2620,0.213938,0.093491,296
sw-short-3p5d-kv100-s47,splitwise,3,5,500,short,100.0,47,500,2.0522,6.2863,0.022777,0.023105,84.9014,0.2760,0.164332,0.071813,372
sw-short-3p5d-kv100-s48,splitwise,3,5,500,short,100.0,48,500,1.9871,5.2654,0.022785,0.023126,80.5957,0.2520,0.155921,0.068137,376
sw-short-3p5d-kv100-s49,splitwise,3,5,500,short,100.0,49,500,1.9416,6.1085,0.022775,0.023072,93.3637,0.2580,0.181336,0.079244,328
sw-short-3p5d-kv100-s50,splitwise,3,5,500,short,100.0,50,500,1.8220,5.3002,0.022778,0.023078,71.5386,0.2420,0.138283,0.060430,302
sw-short-3p5d-kv100-s51,splitwise,3,5,500,short,100.0,51,500,2.1320,6.3432,0.022780,0.023093,93.6101,0.2500,0.181448,0.079293,348
sw-short-3p5d-kv100-s52,splitwise,3,5,500,short,100.0,52,500,2.1184,5.7118,0.022784,0.023083,102.2988,0.2180,0.198709,0.086836,356
sw-short-3p5d-kv100-s53,splitwise,3,5,500,short,100.0,53,500,1.8553,5.3629,0.022804,0.023177,97.1516,0.2240,0.189021,0.082602,355
sw-short-3p5d-kv100-s54,splitwise,3,5,500,short,100.0,54,500,1.8804,5.3482,0.022776,0.023136,100.7888,0.2460,0.196186,0.085733,266
sw-short-3p5d-kv100-s55,splitwise,3,5,500,short,100.0,55,500,1.8489,5.9798,0.022765,0.023140,74.6772,0.2980,0.144455,0.063127,405
sw-short-3p5d-kv100-s56,splitwise,3,5,500,short,100.0,56,500,2.0331,5.6065,0.022789,0.023117,87.8890,0.2560,0.170296,0.074419,406
sw-short-3p5d-kv100-s57,splitwise,3,5,500,short,100.0,57,500,1.6886,5.9211,0.022787,0.023184,66.9686,0.3100,0.129483,0.056584,329
sw-short-3p5d-kv100-s58,splitwise,3,5,500,short,100.0,58,500,1.9294,5.6852,0.022772,0.023045,93.7178,0.2560,0.182063,0.079562,263
sw-short-3p5d-kv100-s59,splitwise,3,5,500,short,100.0,59,500,2.2662,6.3931,0.022784,0.023112,85.5786,0.2260,0.165251,0.072215,315
sw-short-3p5d-kv100-s60,splitwise,3,5,500,short,100.0,60,500,1.8479,5.4393,0.022782,0.023075,100.0810,0.2180,0.194846,0.085148,340
sw-short-3p5d-kv100-s61,splitwise,3,5,500,short,100.0,61,500,2.3460,6.4246,0.022779,0.023062,98.0790,0.2280,0.189887,0.082981,370
sw-short-4p4d-kv100-s42,splitwise,4,4,500,short,100.0,42,500,1.8471,5.2263,0.022828,0.023245,97.8701,0.2140,0.190462,0.083232,287
sw-short-4p4d-kv100-s43,splitwise,4,4,500,short,100.0,43,500,1.9426,5.0998,0.022830,0.023174,104.3003,0.2380,0.203027,0.088723,276
sw-short-4p4d-kv100-s44,splitwise,4,4,500,short,100.0,44,500,2.0008,5.3403,0.022866,0.023243,117.4808,0.1800,0.229055,0.100097,373
sw-short-4p4d-kv100-s45,splitwise,4,4,500,short,100.0,45,500,1.7267,5.1036,0.022874,0.023302,132.9191,0.1960,0.260221,0.113717,371
sw-short-4p4d-kv100-s46,splitwise,4,4,500,short,100.0,46,500,1.8199,5.2323,0.022840,0.023309,127.5326,0.2440,0.249352,0.108967,317
sw-short-4p4d-kv100-s47,splitwise,4,4,500,short,100.0,47,500,1.8984,5.2309,0.022823,0.023160,113.1788,0.2340,0.220725,0.096457,330
sw-short-4p4d-kv100-s48,splitwise,4,4,500,short,100.0,48,500,1.9535,5.3263,0.022828,0.023309,99.4878,0.2280,0.193460,0.084542,308
sw-short-4p4d-kv100-s49,splitwise,4,4,500,short,100.0,49,500,1.9245,5.2754,0.022820,0.023276,119.9658,0.2340,0.234136,0.102317,347
sw-short-4p4d-kv100-s50,splitwise,4,4,500,short,100.0,50,500,1.8458,5.1899,0.022820,0.023175,85.5109,0.2420,0.165950,0.072520,292
sw-short-4p4d-kv100-s51,splitwise,4,4,500,short,100.0,51,500,1.8420,5.2982,0.022827,0.023209,109.8537,0.2460,0.214242,0.093624,343
sw-short-4p4d-kv100-s52,splitwise,4,4,500,short,100.0,52,500,1.8807,5.2671,0.022847,0.023259,122.8402,0.2160,0.239924,0.104847,379
sw-short-4p4d-kv100-s53,splitwise,4,4,500,short,100.0,53,500,1.8949,5.2175,0.022839,0.023234,126.3227,0.2140,0.246803,0.107853,305
sw-short-4p4d-kv100-s54,splitwise,4,4,500,short,100.0,54,500,1.7809,5.1330,0.022822,0.023144,117.0549,0.2000,0.228647,0.099919,259
sw-short-4p4d-kv100-s55,splitwise,4,4,500,short,100.0,55,500,1.5967,4.8386,0.022805,0.023233,88.1977,0.2620,0.171774,0.075065,433
sw-short-4p4d-kv100-s56,splitwise,4,4,500,short,100.0,56,500,1.9189,5.2210,0.022836,0.023214,108.0787,0.2560,0.210569,0.092019,436
sw-short-4p4d-kv100-s57,splitwise,4,4,500,short,100.0,57,500,1.8550,5.1439,0.022812,0.023200,97.3167,0.2760,0.189349,0.082745,394
sw-short-4p4d-kv100-s58,splitwise,4,4,500,short,100.0,58,500,1.8486,5.1189,0.022826,0.023228,114.7431,0.2400,0.223927,0.097856,361
sw-short-4p4d-kv100-s60,splitwise,4,4,500,short,100.0,60,500,1.7244,5.2037,0.022846,0.023234,122.7536,0.2080,0.240062,0.104907,299
sw-short-4p4d-kv100-s59,splitwise,4,4,500,short,100.0,59,500,1.6681,5.0746,0.022834,0.023256,100.8175,0.2460,0.196664,0.085942,367
sw-short-4p4d-kv100-s61,splitwise,4,4,500,short,100.0,61,500,2.0415,5.3715,0.022832,0.023172,119.3473,0.2060,0.232677,0.101680,325
sw-short-5p3d-kv100-s42,splitwise,5,3,500,short,100.0,42,500,1.6882,4.9358,0.022921,0.023584,119.4922,0.2100,0.233665,0.102112,332
sw-short-5p3d-kv100-s44,splitwise,5,3,500,short,100.0,44,500,1.7291,4.9217,0.022946,0.023465,132.6252,0.1920,0.259633,0.113460,317
sw-short-5p3d-kv100-s43,splitwise,5,3,500,short,100.0,43,500,1.9484,5.0711,0.022906,0.023347,130.1545,0.2140,0.254298,0.111128,357
sw-short-5p3d-kv100-s45,splitwise,5,3,500,short,100.0,45,500,1.8748,7.8626,0.022933,0.023448,75.3170,0.2380,0.145673,0.063659,358
sw-short-5p3d-kv100-s46,splitwise,5,3,500,short,100.0,46,500,1.6737,4.8975,0.022919,0.023590,143.8915,0.2300,0.282090,0.123273,290
sw-short-5p3d-kv100-s48,splitwise,5,3,500,short,100.0,48,500,1.8187,4.9641,0.022904,0.023340,117.0112,0.2200,0.228485,0.099848,397
sw-short-5p3d-kv100-s47,splitwise,5,3,500,short,100.0,47,500,1.7997,4.9744,0.022904,0.023344,128.6846,0.2200,0.251677,0.109983,447
sw-short-5p3d-kv100-s49,splitwise,5,3,500,short,100.0,49,500,1.7714,4.9394,0.022896,0.023466,144.4963,0.2160,0.283096,0.123713,372
sw-short-5p3d-kv100-s50,splitwise,5,3,500,short,100.0,50,500,1.7288,4.8516,0.022896,0.023437,102.3733,0.2100,0.199629,0.087238,346
sw-short-5p3d-kv100-s52,splitwise,5,3,500,short,100.0,52,500,1.8133,5.0701,0.022945,0.023587,142.9430,0.1940,0.279932,0.122330,340
sw-short-5p3d-kv100-s53,splitwise,5,3,500,short,100.0,53,500,1.7076,4.9489,0.022927,0.023618,142.7160,0.2360,0.279691,0.122225,391
sw-short-5p3d-kv100-s51,splitwise,5,3,500,short,100.0,51,500,1.7428,4.9351,0.022918,0.023433,127.1485,0.2080,0.248743,0.108701,403
sw-short-5p3d-kv100-s54,splitwise,5,3,500,short,100.0,54,500,1.6731,4.9032,0.022911,0.023493,129.7260,0.2120,0.253994,0.110995,352
sw-short-5p3d-kv100-s55,splitwise,5,3,500,short,100.0,55,500,1.5642,4.8661,0.022884,0.023344,112.9695,0.2600,0.220973,0.096565,381
sw-short-5p3d-kv100-s57,splitwise,5,3,500,short,100.0,57,500,1.7986,5.0372,0.022896,0.023308,112.5691,0.2640,0.219714,0.096015,363
sw-short-5p3d-kv100-s56,splitwise,5,3,500,short,100.0,56,500,1.8735,5.0964,0.022930,0.023498,133.1220,0.2160,0.260332,0.113765,419
sw-short-5p3d-kv100-s58,splitwise,5,3,500,short,100.0,58,500,1.7065,4.8359,0.022906,0.023395,128.5373,0.2200,0.251570,0.109936,325
sw-short-5p3d-kv100-s60,splitwise,5,3,500,short,100.0,60,500,1.8241,7.7567,0.022914,0.023382,72.4912,0.2580,0.140169,0.061254,262
sw-short-5p3d-kv100-s59,splitwise,5,3,500,short,100.0,59,500,1.6406,4.9315,0.022929,0.023484,118.7700,0.2660,0.232327,0.101527,327
sw-short-5p3d-kv100-s61,splitwise,5,3,500,short,100.0,61,500,1.8622,5.0456,0.022916,0.023375,137.0732,0.2080,0.268192,0.117200,325
sw-short-6p2d-kv100-s42,splitwise,6,2,500,short,100.0,42,500,1.5362,4.7196,0.023058,0.023956,99.0608,0.2560,0.193441,0.084534,296
sw-short-6p2d-kv100-s43,splitwise,6,2,500,short,100.0,43,500,1.8261,4.8699,0.023055,0.023782,158.0325,0.2140,0.309836,0.135399,297
sw-short-6p2d-kv100-s44,splitwise,6,2,500,short,100.0,44,500,1.6028,7.8410,0.023111,0.023900,91.9415,0.2500,0.179187,0.078305,316
sw-short-6p2d-kv100-s45,splitwise,6,2,500,short,100.0,45,500,2.1480,8.1627,0.023035,0.023873,113.5039,0.2340,0.220875,0.096522,335
sw-short-6p2d-kv100-s46,splitwise,6,2,500,short,100.0,46,500,1.5682,4.7998,0.023085,0.023994,114.3759,0.2980,0.223755,0.097781,313
sw-short-6p2d-kv100-s47,splitwise,6,2,500,short,100.0,47,500,1.7407,4.8414,0.023057,0.023628,150.1175,0.2220,0.294306,0.128612,333
sw-short-6p2d-kv100-s48,splitwise,6,2,500,short,100.0,48,500,1.6497,4.8362,0.023073,0.023763,144.9521,0.2120,0.284241,0.124213,311
sw-short-6p2d-kv100-s49,splitwise,6,2,500,short,100.0,49,500,1.6618,4.8300,0.023035,0.023788,172.4029,0.2180,0.338666,0.147997,326
sw-short-6p2d-kv100-s50,splitwise,6,2,500,short,100.0,50,500,1.6510,4.7633,0.023043,0.023817,130.3884,0.2000,0.255352,0.111589,344
sw-short-6p2d-kv100-s51,splitwise,6,2,500,short,100.0,51,500,1.5990,4.7190,0.023078,0.023929,155.2443,0.2300,0.304757,0.133179,337
sw-short-6p2d-kv100-s52,splitwise,6,2,500,short,100.0,52,500,1.6234,4.7920,0.023098,0.023852,165.6066,0.2320,0.325262,0.142139,331
sw-short-6p2d-kv100-s53,splitwise,6,2,500,short,100.0,53,500,1.9022,7.9913,0.023022,0.023596,105.8963,0.2280,0.206273,0.090141,338
sw-short-6p2d-kv100-s54,splitwise,6,2,500,short,100.0,54,500,1.7720,7.9841,0.023027,0.023834,100.3127,0.2400,0.195456,0.085414,358
sw-short-6p2d-kv100-s55,splitwise,6,2,500,short,100.0,55,500,1.6220,4.8496,0.023026,0.023754,145.2725,0.2300,0.284932,0.124515,350
sw-short-6p2d-kv100-s56,splitwise,6,2,500,short,100.0,56,500,1.6996,4.7608,0.023106,0.023913,160.8069,0.2460,0.315591,0.137913,364
sw-short-6p2d-kv100-s57,splitwise,6,2,500,short,100.0,57,500,1.7899,4.7857,0.023045,0.023653,147.2520,0.2240,0.288525,0.126085,369
sw-short-6p2d-kv100-s58,splitwise,6,2,500,short,100.0,58,500,1.5029,4.5097,0.023053,0.023769,157.1560,0.3000,0.308739,0.134919,361
sw-short-6p2d-kv100-s60,splitwise,6,2,500,short,100.0,60,500,2.0817,7.9873,0.023000,0.023691,98.5678,0.2620,0.191381,0.083633,318
sw-short-6p2d-kv100-s59,splitwise,6,2,500,short,100.0,59,500,1.8538,7.8377,0.023059,0.023886,98.6880,0.2460,0.192071,0.083935,346
sw-short-6p2d-kv100-s61,splitwise,6,2,500,short,100.0,61,500,1.8004,4.9830,0.023077,0.023618,162.3176,0.1860,0.318387,0.139135,352
sw-short-1p7d-kv200-s42,splitwise,1,7,500,short,200.0,42,500,2.8250,4.9510,0.023287,0.023846,6.2543,0.0660,0.007749,0.003386,298
sw-short-1p7d-kv200-s43,splitwise,1,7,500,short,200.0,43,500,3.6457,6.4938,0.023251,0.024002,10.4308,0.0520,0.015158,0.006624,262
sw-short-1p7d-kv200-s44,splitwise,1,7,500,short,200.0,44,500,3.0298,5.4492,0.023315,0.024008,10.0850,0.0660,0.014341,0.006267,287
sw-short-1p7d-kv200-s45,splitwise,1,7,500,short,200.0,45,500,2.4283,5.1452,0.023233,0.023710,7.1407,0.0920,0.010102,0.004415,311
sw-short-1p7d-kv200-s46,splitwise,1,7,500,short,200.0,46,500,2.7832,5.1200,0.023347,0.023868,4.5285,0.0340,0.004444,0.001942,350
sw-short-1p7d-kv200-s48,splitwise,1,7,500,short,200.0,48,500,2.9566,5.1761,0.023245,0.024037,10.5725,0.0580,0.015359,0.006712,202
sw-short-1p7d-kv200-s47,splitwise,1,7,500,short,200.0,47,500,3.1079,5.5089,0.023368,0.023791,3.5607,0.0460,0.002311,0.001010,283
sw-short-1p7d-kv200-s49,splitwise,1,7,500,short,200.0,49,500,3.3931,5.9673,0.023345,0.023890,7.3467,0.0660,0.009522,0.004161,279
sw-short-1p7d-kv200-s50,splitwise,1,7,500,short,200.0,50,500,3.1205,5.5842,0.023281,0.023947,11.2798,0.0580,0.016296,0.007121,242
sw-short-1p7d-kv200-s51,splitwise,1,7,500,short,200.0,51,500,2.8140,5.2501,0.023348,0.024042,5.2029,0.1040,0.005770,0.002521,268
sw-short-1p7d-kv200-s52,splitwise,1,7,500,short,200.0,52,500,3.1210,5.9867,0.023409,0.023830,3.5718,0.0620,0.002368,0.001035,293
sw-short-1p7d-kv200-s53,splitwise,1,7,500,short,200.0,53,500,2.9785,5.5083,0.023282,0.023897,7.8941,0.0460,0.010950,0.004785,312
sw-short-1p7d-kv200-s54,splitwise,1,7,500,short,200.0,54,500,2.8714,5.1002,0.023232,0.023838,10.4397,0.0900,0.015796,0.006903,256
sw-short-1p7d-kv200-s55,splitwise,1,7,500,short,200.0,55,500,3.6012,6.0563,0.023501,0.024050,4.1729,0.0420,0.002973,0.001299,310
sw-short-1p7d-kv200-s56,splitwise,1,7,500,short,200.0,56,500,2.9268,5.4647,0.023340,0.024048,6.4141,0.0460,0.007989,0.003491,308
sw-short-1p7d-kv200-s57,splitwise,1,7,500,short,200.0,57,500,3.5754,6.2218,0.023322,0.023970,7.5712,0.0540,0.009204,0.004022,351
sw-short-1p7d-kv200-s58,splitwise,1,7,500,short,200.0,58,500,2.8835,5.2675,0.023342,0.024009,5.5695,0.0500,0.006239,0.002726,330
sw-short-1p7d-kv200-s60,splitwise,1,7,500,short,200.0,60,500,2.6156,4.8312,0.023236,0.023865,107.2748,0.0780,0.207666,0.090750,241
sw-short-1p7d-kv200-s59,splitwise,1,7,500,short,200.0,59,500,2.8293,5.0969,0.023203,0.023820,10.5824,0.0900,0.016221,0.007089,296
sw-short-1p7d-kv200-s61,splitwise,1,7,500,short,200.0,61,500,3.0326,5.5823,0.023422,0.023936,3.7494,0.0880,0.002776,0.001213,367
sw-short-2p6d-kv200-s42,splitwise,2,6,500,short,200.0,42,500,1.1220,3.2018,0.022974,0.023500,65.6250,0.2420,0.127942,0.055911,427
sw-short-2p6d-kv200-s43,splitwise,2,6,500,short,200.0,43,500,1.1092,3.5652,0.022966,0.023549,55.7966,0.3280,0.108473,0.047403,296
sw-short-2p6d-kv200-s44,splitwise,2,6,500,short,200.0,44,500,0.9963,2.9714,0.023027,0.023664,72.4636,0.2100,0.141756,0.061947,315
sw-short-2p6d-kv200-s45,splitwise,2,6,500,short,200.0,45,500,1.6607,6.5527,0.022965,0.023605,48.9195,0.2620,0.093738,0.040964,356
sw-short-2p6d-kv200-s46,splitwise,2,6,500,short,200.0,46,500,1.0354,3.3099,0.023006,0.023646,82.6390,0.3440,0.161861,0.070733,341
sw-short-2p6d-kv200-s47,splitwise,2,6,500,short,200.0,47,500,1.2309,3.3709,0.022965,0.023405,75.1560,0.2220,0.146631,0.064078,364
sw-short-2p6d-kv200-s48,splitwise,2,6,500,short,200.0,48,500,0.8629,3.0115,0.022945,0.023301,62.6873,0.4080,0.122629,0.053589,391
sw-short-2p6d-kv200-s49,splitwise,2,6,500,short,200.0,49,500,1.2091,3.1446,0.022957,0.023450,62.6611,0.2440,0.121890,0.053266,453
sw-short-2p6d-kv200-s50,splitwise,2,6,500,short,200.0,50,500,0.7949,3.1253,0.022924,0.023454,45.2504,0.4020,0.088178,0.038534,394
sw-short-2p6d-kv200-s51,splitwise,2,6,500,short,200.0,51,500,1.2538,3.4101,0.022976,0.023473,70.8723,0.2200,0.138089,0.060345,338
sw-short-2p6d-kv200-s52,splitwise,2,6,500,short,200.0,52,500,1.1778,3.0450,0.022987,0.023543,81.6165,0.2820,0.159551,0.069724,329
sw-short-2p6d-kv200-s54,splitwise,2,6,500,short,200.0,54,500,1.0143,3.2296,0.022906,0.023487,83.4046,0.3240,0.163422,0.071415,286
sw-short-2p6d-kv200-s53,splitwise,2,6,500,short,200.0,53,500,1.0346,3.2605,0.022953,0.023417,79.9088,0.3380,0.156448,0.068368,376
sw-short-2p6d-kv200-s56,splitwise,2,6,500,short,200.0,56,500,1.1444,3.1590,0.022965,0.023429,85.4773,0.2940,0.167275,0.073099,311
sw-short-2p6d-kv200-s55,splitwise,2,6,500,short,200.0,55,500,0.9937,2.8476,0.022999,0.023876,39.7008,0.2540,0.076776,0.033551,364
sw-short-2p6d-kv200-s57,splitwise,2,6,500,short,200.0,57,500,1.1119,3.4682,0.022936,0.023355,55.8398,0.3200,0.108553,0.047438,260
sw-short-2p6d-kv200-s58,splitwise,2,6,500,short,200.0,58,500,1.1559,3.2704,0.022969,0.023446,74.2924,0.2420,0.145067,0.063394,271
sw-short-2p6d-kv200-s60,splitwise,2,6,500,short,200.0,60,500,1.7609,6.6286,0.022875,0.023405,53.5850,0.2840,0.102794,0.044921,348
sw-short-2p6d-kv200-s59,splitwise,2,6,500,short,200.0,59,500,1.0427,2.9794,0.022987,0.023477,64.4869,0.3140,0.125842,0.054993,387
sw-short-2p6d-kv200-s61,splitwise,2,6,500,short,200.0,61,500,1.1153,3.2693,0.022956,0.023427,79.6730,0.2380,0.155820,0.068093,341
sw-short-3p5d-kv200-s42,splitwise,3,5,500,short,200.0,42,500,1.9287,5.3690,0.022914,0.023389,59.3234,0.2080,0.113843,0.049749,341
sw-short-3p5d-kv200-s43,splitwise,3,5,500,short,200.0,43,500,1.6537,4.7991,0.022971,0.023669,64.2393,0.2720,0.124139,0.054249,264
sw-short-3p5d-kv200-s44,splitwise,3,5,500,short,200.0,44,500,2.0089,5.6312,0.022950,0.023478,70.1223,0.2600,0.135103,0.059040,319
sw-short-3p5d-kv200-s46,splitwise,3,5,500,short,200.0,46,500,1.9931,5.6228,0.022925,0.023447,80.2678,0.2620,0.155259,0.067848,309
sw-short-3p5d-kv200-s45,splitwise,3,5,500,short,200.0,45,500,2.1028,5.6709,0.022965,0.023581,91.4191,0.1860,0.177159,0.077419,364
sw-short-3p5d-kv200-s47,splitwise,3,5,500,short,200.0,47,500,2.0522,6.2863,0.022908,0.023462,65.4219,0.2760,0.125694,0.054928,340
sw-short-3p5d-kv200-s48,splitwise,3,5,500,short,200.0,48,500,1.9871,5.2654,0.022921,0.023389,66.5952,0.2520,0.128151,0.056002,301
sw-short-3p5d-kv200-s49,splitwise,3,5,500,short,200.0,49,500,1.9416,6.1085,0.022929,0.023558,65.3360,0.2580,0.125743,0.054950,300
sw-short-3p5d-kv200-s50,splitwise,3,5,500,short,200.0,50,500,1.8220,5.3002,0.022919,0.023410,51.4565,0.2420,0.098450,0.043023,322
sw-short-3p5d-kv200-s51,splitwise,3,5,500,short,200.0,51,500,2.1320,6.3432,0.022914,0.023371,62.8498,0.2500,0.120434,0.052630,408
sw-short-3p5d-kv200-s52,splitwise,3,5,500,short,200.0,52,500,2.1184,5.7118,0.022929,0.023380,76.7768,0.2180,0.148086,0.064713,402
sw-short-3p5d-kv200-s53,splitwise,3,5,500,short,200.0,53,500,1.8553,5.3629,0.022947,0.023556,75.5236,0.2240,0.146122,0.063855,333
sw-short-3p5d-kv200-s54,splitwise,3,5,500,short,200.0,54,500,1.8804,5.3482,0.022902,0.023356,79.4896,0.2460,0.153938,0.067271,295
sw-short-3p5d-kv200-s55,splitwise,3,5,500,short,200.0,55,500,1.8495,5.9804,0.022889,0.023359,59.5071,0.2960,0.114364,0.049977,283
sw-short-3p5d-kv200-s56,splitwise,3,5,500,short,200.0,56,500,2.0331,5.6065,0.022921,0.023423,71.4765,0.2560,0.137742,0.060193,356
sw-short-3p5d-kv200-s57,splitwise,3,5,500,short,200.0,57,500,1.6887,5.9211,0.022904,0.023383,53.2900,0.3100,0.102352,0.044728,297
sw-short-3p5d-kv200-s58,splitwise,3,5,500,short,200.0,58,500,1.9294,5.6852,0.022902,0.023327,74.7282,0.2560,0.144397,0.063101,319
sw-short-3p5d-kv200-s59,splitwise,3,5,500,short,200.0,59,500,2.2662,6.3931,0.022923,0.023397,64.3689,0.2260,0.123181,0.053830,277
sw-short-3p5d-kv200-s60,splitwise,3,5,500,short,200.0,60,500,1.8479,5.4393,0.022908,0.023417,73.8392,0.2180,0.142795,0.062401,279
sw-short-3p5d-kv200-s61,splitwise,3,5,500,short,200.0,61,500,2.3460,6.4246,0.022889,0.023279,76.0547,0.2280,0.146202,0.063890,363
sw-short-4p4d-kv200-s42,splitwise,4,4,500,short,200.0,42,500,1.8471,5.2263,0.022999,0.023529,79.6066,0.2140,0.154237,0.067401,372
sw-short-4p4d-kv200-s43,splitwise,4,4,500,short,200.0,43,500,1.9426,5.0998,0.022993,0.023556,86.5913,0.2380,0.167901,0.073373,281
sw-short-4p4d-kv200-s44,splitwise,4,4,500,short,200.0,44,500,2.0008,5.3403,0.023089,0.023863,83.3243,0.1800,0.161306,0.070491,319
sw-short-4p4d-kv200-s45,splitwise,4,4,500,short,200.0,45,500,1.7267,5.1036,0.023091,0.023991,103.1052,0.1960,0.201085,0.087874,335
sw-short-4p4d-kv200-s46,splitwise,4,4,500,short,200.0,46,500,1.8200,5.2323,0.023047,0.023759,92.6352,0.2440,0.180133,0.078718,319
sw-short-4p4d-kv200-s48,splitwise,4,4,500,short,200.0,48,500,1.9535,5.3263,0.023002,0.023616,77.4653,0.2280,0.149778,0.065453,293
sw-short-4p4d-kv200-s47,splitwise,4,4,500,short,200.0,47,500,1.8984,5.2309,0.022989,0.023586,86.9393,0.2340,0.168679,0.073713,366
sw-short-4p4d-kv200-s49,splitwise,4,4,500,short,200.0,49,500,1.9245,5.2754,0.023006,0.023727,82.3707,0.2340,0.159566,0.069730,346
sw-short-4p4d-kv200-s50,splitwise,4,4,500,short,200.0,50,500,1.8458,5.1899,0.022996,0.023573,62.0665,0.2420,0.119448,0.052199,325
sw-short-4p4d-kv200-s51,splitwise,4,4,500,short,200.0,51,500,1.8420,5.2982,0.023015,0.023748,76.3254,0.2460,0.147738,0.064562,300
sw-short-4p4d-kv200-s52,splitwise,4,4,500,short,200.0,52,500,1.8807,5.2671,0.023040,0.023747,93.6697,0.2160,0.182064,0.079562,325
sw-short-4p4d-kv200-s53,splitwise,4,4,500,short,200.0,53,500,1.8949,5.2175,0.023002,0.023597,96.6983,0.2140,0.188043,0.082175,336
sw-short-4p4d-kv200-s54,splitwise,4,4,500,short,200.0,54,500,1.7809,5.1330,0.023011,0.023643,91.8436,0.2000,0.178640,0.078066,308
sw-short-4p4d-kv200-s55,splitwise,4,4,500,short,200.0,55,500,1.5967,4.8386,0.022971,0.023535,71.1379,0.2620,0.137935,0.060278,324
sw-short-4p4d-kv200-s56,splitwise,4,4,500,short,200.0,56,500,1.9189,5.2210,0.023016,0.023615,91.1039,0.2560,0.176899,0.077305,370
sw-short-4p4d-kv200-s57,splitwise,4,4,500,short,200.0,57,500,1.8550,5.1439,0.022958,0.023377,76.2505,0.2760,0.147564,0.064485,360
sw-short-4p4d-kv200-s58,splitwise,4,4,500,short,200.0,58,500,1.8486,5.1189,0.022999,0.023695,90.6174,0.2400,0.176074,0.076944,351
sw-short-4p4d-kv200-s60,splitwise,4,4,500,short,200.0,60,500,1.7244,5.2037,0.023033,0.023785,83.6723,0.2080,0.162544,0.071032,315
sw-short-4p4d-kv200-s59,splitwise,4,4,500,short,200.0,59,500,1.6681,5.0746,0.023030,0.023767,74.7097,0.2460,0.144879,0.063312,393
sw-short-5p3d-kv200-s42,splitwise,5,3,500,short,200.0,42,500,1.6882,4.9358,0.023162,0.024013,94.3309,0.2100,0.183757,0.080302,376
sw-short-4p4d-kv200-s61,splitwise,4,4,500,short,200.0,61,500,2.0415,5.3715,0.022984,0.023484,93.2408,0.2060,0.180894,0.079051,377
sw-short-5p3d-kv200-s43,splitwise,5,3,500,short,200.0,43,500,1.9484,5.0711,0.023125,0.023864,110.4414,0.2140,0.215197,0.094041,287
sw-short-5p3d-kv200-s44,splitwise,5,3,500,short,200.0,44,500,1.7291,4.9217,0.023265,0.024319,95.9684,0.1920,0.186924,0.081686,304
sw-short-5p3d-kv200-s45,splitwise,5,3,500,short,200.0,45,500,1.8748,7.8626,0.023172,0.024189,65.7388,0.2380,0.126675,0.055357,343
sw-short-5p3d-kv200-s46,splitwise,5,3,500,short,200.0,46,500,1.6737,4.8975,0.023204,0.024063,107.2243,0.2300,0.209360,0.091491,364
sw-short-5p3d-kv200-s48,splitwise,5,3,500,short,200.0,48,500,1.8187,4.9641,0.023156,0.023846,94.2579,0.2200,0.183354,0.080126,282
sw-short-5p3d-kv200-s47,splitwise,5,3,500,short,200.0,47,500,1.7997,4.9744,0.023153,0.023942,100.3952,0.2200,0.195565,0.085462,338
sw-short-5p3d-kv200-s49,splitwise,5,3,500,short,200.0,49,500,1.7714,4.9394,0.023164,0.024300,98.6887,0.2160,0.192236,0.084007,326
sw-short-5p3d-kv200-s50,splitwise,5,3,500,short,200.0,50,500,1.7288,4.8516,0.023149,0.024040,76.1579,0.2100,0.147631,0.064515,345
sw-short-5p3d-kv200-s51,splitwise,5,3,500,short,200.0,51,500,1.7428,4.9351,0.023185,0.024105,94.0270,0.2080,0.183046,0.079991,368
sw-short-5p3d-kv200-s52,splitwise,5,3,500,short,200.0,52,500,1.8133,5.0701,0.023211,0.024087,108.6541,0.1940,0.211920,0.092609,342
sw-short-5p3d-kv200-s54,splitwise,5,3,500,short,200.0,54,500,1.6731,4.9032,0.023166,0.024046,104.0623,0.2120,0.203090,0.088750,357
sw-short-5p3d-kv200-s53,splitwise,5,3,500,short,200.0,53,500,1.7076,4.9489,0.023163,0.024019,110.5820,0.2360,0.215953,0.094372,422
sw-short-5p3d-kv200-s55,splitwise,5,3,500,short,200.0,55,500,1.5643,4.8661,0.023126,0.023977,88.3503,0.2600,0.172141,0.075225,300
sw-short-5p3d-kv200-s56,splitwise,5,3,500,short,200.0,56,500,1.8735,5.0964,0.023184,0.023942,113.3853,0.2160,0.221184,0.096658,303
sw-short-5p3d-kv200-s57,splitwise,5,3,500,short,200.0,57,500,1.7986,5.0372,0.023107,0.023844,91.4751,0.2640,0.177874,0.077731,336
sw-short-5p3d-kv200-s58,splitwise,5,3,500,short,200.0,58,500,1.7065,4.8359,0.023160,0.024009,103.2950,0.2200,0.201502,0.088056,351
sw-short-5p3d-kv200-s60,splitwise,5,3,500,short,200.0,60,500,1.8081,7.7991,0.023168,0.024038,58.5155,0.2500,0.112480,0.049154,292
sw-short-5p3d-kv200-s59,splitwise,5,3,500,short,200.0,59,500,1.6406,4.9315,0.023212,0.024174,90.1007,0.2660,0.175461,0.076677,372
sw-short-6p2d-kv200-s42,splitwise,6,2,500,short,200.0,42,500,1.5362,4.7196,0.023436,0.024747,87.2259,0.2560,0.169966,0.074275,319
sw-short-5p3d-kv200-s61,splitwise,5,3,500,short,200.0,61,500,1.8622,5.0456,0.023130,0.023797,110.7063,0.2080,0.215893,0.094345,390
sw-short-6p2d-kv200-s43,splitwise,6,2,500,short,200.0,43,500,1.8261,4.8699,0.023403,0.024542,136.2449,0.2140,0.266621,0.116513,242
sw-short-6p2d-kv200-s44,splitwise,6,2,500,short,200.0,44,500,1.6028,7.8410,0.023595,0.025476,79.7813,0.2500,0.155067,0.067764,312
sw-short-6p2d-kv200-s46,splitwise,6,2,500,short,200.0,46,500,1.5682,4.7998,0.023530,0.024796,99.4871,0.2980,0.194223,0.084875,327
sw-short-6p2d-kv200-s45,splitwise,6,2,500,short,200.0,45,500,2.1480,8.1627,0.023378,0.024945,91.9866,0.2340,0.178195,0.077871,361
sw-short-6p2d-kv200-s47,splitwise,6,2,500,short,200.0,47,500,1.7407,4.8414,0.023450,0.024536,120.0418,0.2220,0.234651,0.102542,328
sw-short-6p2d-kv200-s48,splitwise,6,2,500,short,200.0,48,500,1.6497,4.8362,0.023460,0.024451,119.7518,0.2120,0.234256,0.102370,304
sw-short-6p2d-kv200-s49,splitwise,6,2,500,short,200.0,49,500,1.6618,4.8300,0.023469,0.025094,124.9547,0.2180,0.244552,0.106869,341
sw-short-6p2d-kv200-s50,splitwise,6,2,500,short,200.0,50,500,1.6510,4.7633,0.023440,0.024583,99.7158,0.2000,0.194512,0.085002,357
sw-short-6p2d-kv200-s51,splitwise,6,2,500,short,200.0,51,500,1.5990,4.7190,0.023500,0.024834,119.9322,0.2300,0.234715,0.102570,344
sw-short-6p2d-kv200-s52,splitwise,6,2,500,short,200.0,52,500,1.6234,4.7920,0.023536,0.025020,131.0985,0.2320,0.256815,0.112228,363
sw-short-6p2d-kv200-s53,splitwise,6,2,500,short,200.0,53,500,1.9022,7.9913,0.023362,0.024620,92.1480,0.2280,0.179003,0.078224,355
sw-short-6p2d-kv200-s54,splitwise,6,2,500,short,200.0,54,500,1.7720,7.9841,0.023369,0.024485,101.8966,0.2400,0.198598,0.086787,389
sw-short-6p2d-kv200-s55,splitwise,6,2,500,short,200.0,55,500,1.6221,4.8496,0.023386,0.024597,120.4227,0.2300,0.235642,0.102976,292
sw-short-6p2d-kv200-s56,splitwise,6,2,500,short,200.0,56,500,1.6996,4.7608,0.023501,0.024600,143.2402,0.2460,0.280747,0.122686,378
sw-short-6p2d-kv200-s57,splitwise,6,2,500,short,200.0,57,500,1.7899,4.7857,0.023379,0.024460,123.7726,0.2240,0.241954,0.105734,417
sw-short-6p2d-kv200-s58,splitwise,6,2,500,short,200.0,58,500,1.5029,4.5097,0.023443,0.024593,131.2444,0.3000,0.257343,0.112459,388
sw-short-6p2d-kv200-s59,splitwise,6,2,500,short,200.0,59,500,1.8538,7.8377,0.023447,0.024939,83.7154,0.2460,0.162373,0.070957,343
sw-short-6p2d-kv200-s60,splitwise,6,2,500,short,200.0,60,500,2.0817,7.9873,0.023331,0.024624,82.8654,0.2620,0.160235,0.070023,334
sw-short-1p7d-kv400-s42,splitwise,1,7,500,short,400.0,42,500,2.8250,4.9510,0.023287,0.023846,6.2543,0.0660,0.007749,0.003386,293
sw-short-6p2d-kv200-s61,splitwise,6,2,500,short,200.0,61,500,1.8004,4.9830,0.023425,0.024418,135.5582,0.1860,0.265310,0.115940,375
sw-short-1p7d-kv400-s43,splitwise,1,7,500,short,400.0,43,500,3.6457,6.4938,0.023251,0.024002,10.4307,0.0520,0.015158,0.006624,232
sw-short-1p7d-kv400-s44,splitwise,1,7,500,short,400.0,44,500,3.0298,5.4492,0.023546,0.024456,580.3528,0.0660,1.145670,0.500658,386
sw-short-1p7d-kv400-s45,splitwise,1,7,500,short,400.0,45,500,2.4283,5.1452,0.023233,0.023710,7.1407,0.0920,0.010102,0.004415,361
sw-short-1p7d-kv400-s46,splitwise,1,7,500,short,400.0,46,500,2.7832,5.1200,0.023347,0.023868,4.5285,0.0340,0.004444,0.001942,309
sw-short-1p7d-kv400-s47,splitwise,1,7,500,short,400.0,47,500,3.1079,5.5089,0.023368,0.023791,3.5606,0.0460,0.002311,0.001010,348
sw-short-1p7d-kv400-s48,splitwise,1,7,500,short,400.0,48,500,2.9566,5.1761,0.023405,0.024264,495.1687,0.0580,0.976877,0.426895,293
sw-short-1p7d-kv400-s49,splitwise,1,7,500,short,400.0,49,500,3.3931,5.9673,0.023345,0.023890,7.3467,0.0660,0.009522,0.004161,299
sw-short-1p7d-kv400-s50,splitwise,1,7,500,short,400.0,50,500,3.1205,5.5842,0.023413,0.024278,497.2441,0.0580,0.980650,0.428544,243
sw-short-1p7d-kv400-s51,splitwise,1,7,500,short,400.0,51,500,2.8140,5.2501,0.023348,0.024042,5.2028,0.1040,0.005770,0.002521,281
sw-short-1p7d-kv400-s53,splitwise,1,7,500,short,400.0,53,500,2.9785,5.5083,0.023282,0.023897,7.8941,0.0460,0.010950,0.004785,280
sw-short-1p7d-kv400-s52,splitwise,1,7,500,short,400.0,52,500,3.1210,5.9867,0.023409,0.023830,3.5717,0.0620,0.002368,0.001035,336
sw-short-1p7d-kv400-s54,splitwise,1,7,500,short,400.0,54,500,2.8714,5.1002,0.023232,0.023838,10.4396,0.0900,0.015796,0.006903,339
sw-short-1p7d-kv400-s55,splitwise,1,7,500,short,400.0,55,500,3.6012,6.0563,0.023501,0.024050,4.1729,0.0420,0.002973,0.001299,244
sw-short-1p7d-kv400-s56,splitwise,1,7,500,short,400.0,56,500,2.9268,5.4647,0.023340,0.024048,6.4141,0.0460,0.007989,0.003491,282
sw-short-1p7d-kv400-s58,splitwise,1,7,500,short,400.0,58,500,2.8835,5.2675,0.023342,0.024009,5.5694,0.0500,0.006239,0.002726,286
sw-short-1p7d-kv400-s57,splitwise,1,7,500,short,400.0,57,500,3.5754,6.2218,0.023484,0.024287,5.9379,0.0540,0.006144,0.002685,328
sw-short-1p7d-kv400-s59,splitwise,1,7,500,short,400.0,59,500,2.8293,5.0969,0.023203,0.023820,10.5824,0.0900,0.016221,0.007089,292
sw-short-1p7d-kv400-s60,splitwise,1,7,500,short,400.0,60,500,2.6156,4.8312,0.023466,0.024259,528.9383,0.0780,1.044233,0.456330,250
sw-short-1p7d-kv400-s61,splitwise,1,7,500,short,400.0,61,500,3.0326,5.5823,0.023422,0.023936,3.7494,0.0880,0.002776,0.001213,291
sw-short-2p6d-kv400-s42,splitwise,2,6,500,short,400.0,42,500,1.1220,3.2018,0.023097,0.023692,273.9673,0.2420,0.541190,0.236500,321
sw-short-2p6d-kv400-s43,splitwise,2,6,500,short,400.0,43,500,1.1092,3.5652,0.023129,0.023786,172.9344,0.3280,0.340816,0.148937,305
sw-short-2p6d-kv400-s44,splitwise,2,6,500,short,400.0,44,500,0.9963,2.9714,0.023175,0.023870,334.0524,0.2100,0.660619,0.288691,314
sw-short-2p6d-kv400-s45,splitwise,2,6,500,short,400.0,45,500,1.6607,6.5527,0.023153,0.024094,98.5460,0.2620,0.192173,0.083980,339
sw-short-2p6d-kv400-s46,splitwise,2,6,500,short,400.0,46,500,1.0354,3.3099,0.023151,0.023853,345.2818,0.3440,0.682815,0.298390,320
sw-short-2p6d-kv400-s47,splitwise,2,6,500,short,400.0,47,500,1.2309,3.3709,0.023101,0.023776,292.2411,0.2220,0.577221,0.252245,275
sw-short-2p6d-kv400-s48,splitwise,2,6,500,short,400.0,48,500,0.8629,3.0115,0.023066,0.023517,251.2020,0.4080,0.496549,0.216992,263
sw-short-2p6d-kv400-s49,splitwise,2,6,500,short,400.0,49,500,1.2091,3.1446,0.023106,0.023694,259.4326,0.2440,0.512188,0.223826,293
sw-short-2p6d-kv400-s50,splitwise,2,6,500,short,400.0,50,500,0.7949,3.1253,0.023019,0.023530,226.3357,0.4020,0.447362,0.195497,338
sw-short-2p6d-kv400-s51,splitwise,2,6,500,short,400.0,51,500,1.2538,3.4101,0.023119,0.023727,302.4860,0.2200,0.597496,0.261106,349
sw-short-2p6d-kv400-s52,splitwise,2,6,500,short,400.0,52,500,1.1778,3.0450,0.023143,0.023797,329.6066,0.2820,0.651441,0.284680,298
sw-short-2p6d-kv400-s53,splitwise,2,6,500,short,400.0,53,500,1.0346,3.2605,0.023117,0.023679,300.3872,0.3380,0.593768,0.259477,298
sw-short-2p6d-kv400-s54,splitwise,2,6,500,short,400.0,54,500,1.0145,3.2296,0.023024,0.023600,295.0830,0.3240,0.583287,0.254896,305
sw-short-2p6d-kv400-s55,splitwise,2,6,500,short,400.0,55,500,0.9937,2.8476,0.023148,0.024014,175.5462,0.2540,0.346226,0.151301,330
sw-short-2p6d-kv400-s56,splitwise,2,6,500,short,400.0,56,500,1.1444,3.1590,0.023111,0.023719,308.4564,0.2940,0.609556,0.266376,574
sw-short-2p6d-kv400-s57,splitwise,2,6,500,short,400.0,57,500,1.1119,3.4682,0.023101,0.023738,194.9841,0.3200,0.384547,0.168047,545
sw-short-2p6d-kv400-s58,splitwise,2,6,500,short,400.0,58,500,1.1559,3.2704,0.023093,0.023685,310.2125,0.2420,0.613016,0.267888,618
sw-short-2p6d-kv400-s59,splitwise,2,6,500,short,400.0,59,500,1.0427,2.9794,0.023122,0.023748,322.8067,0.3140,0.638221,0.278903,409
sw-short-2p6d-kv400-s60,splitwise,2,6,500,short,400.0,60,500,1.7609,6.6286,0.022986,0.023509,130.8803,0.2840,0.256109,0.111920,270
sw-short-2p6d-kv400-s61,splitwise,2,6,500,short,400.0,61,500,1.1153,3.2693,0.023114,0.023573,280.2771,0.2380,0.553719,0.241975,273
sw-short-3p5d-kv400-s43,splitwise,3,5,500,short,400.0,43,500,1.6537,4.7991,0.023141,0.023951,134.4121,0.2720,0.263327,0.115074,333
sw-short-3p5d-kv400-s42,splitwise,3,5,500,short,400.0,42,500,1.9287,5.3690,0.023024,0.023594,193.4771,0.2080,0.379938,0.166033,428
sw-short-3p5d-kv400-s44,splitwise,3,5,500,short,400.0,44,500,2.0089,5.6312,0.023072,0.023639,264.2995,0.2600,0.520255,0.227352,325
sw-short-3p5d-kv400-s45,splitwise,3,5,500,short,400.0,45,500,2.1028,5.6709,0.023134,0.023853,304.4096,0.1860,0.599628,0.262037,340
sw-short-3p5d-kv400-s46,splitwise,3,5,500,short,400.0,46,500,1.9931,5.6228,0.023043,0.023579,233.8594,0.2620,0.459908,0.200980,326
sw-short-3p5d-kv400-s47,splitwise,3,5,500,short,400.0,47,500,2.0522,6.2863,0.023010,0.023641,180.6557,0.2760,0.354261,0.154812,332
sw-short-3p5d-kv400-s48,splitwise,3,5,500,short,400.0,48,500,1.9871,5.2654,0.023040,0.023668,166.4944,0.2520,0.326301,0.142594,315
sw-short-3p5d-kv400-s49,splitwise,3,5,500,short,400.0,49,500,1.9416,6.1085,0.023041,0.023727,180.8469,0.2580,0.354860,0.155074,340
sw-short-3p5d-kv400-s50,splitwise,3,5,500,short,400.0,50,500,1.8220,5.3002,0.023022,0.023619,165.0036,0.2420,0.323672,0.141445,364
sw-short-3p5d-kv400-s51,splitwise,3,5,500,short,400.0,51,500,2.1320,6.3432,0.023027,0.023524,206.0974,0.2500,0.404567,0.176796,332
sw-short-3p5d-kv400-s52,splitwise,3,5,500,short,400.0,52,500,2.1184,5.7118,0.023060,0.023582,245.3632,0.2180,0.482478,0.210843,325
sw-short-3p5d-kv400-s53,splitwise,3,5,500,short,400.0,53,500,1.8553,5.3629,0.023099,0.023818,199.0286,0.2240,0.391095,0.170908,306
sw-short-3p5d-kv400-s54,splitwise,3,5,500,short,400.0,54,500,1.8804,5.3482,0.023024,0.023690,244.0688,0.2460,0.480382,0.209927,349
sw-short-3p5d-kv400-s55,splitwise,3,5,500,short,400.0,55,500,1.8495,5.9804,0.023003,0.023533,170.3920,0.2960,0.334305,0.146091,460
sw-short-3p5d-kv400-s57,splitwise,3,5,500,short,400.0,57,500,1.6887,5.9211,0.023042,0.023703,136.0876,0.3100,0.266581,0.116496,318
sw-short-3p5d-kv400-s56,splitwise,3,5,500,short,400.0,56,500,2.0331,5.6065,0.023048,0.023653,222.6999,0.2560,0.437694,0.191272,364
sw-short-3p5d-kv400-s58,splitwise,3,5,500,short,400.0,58,500,1.9294,5.6852,0.023007,0.023481,223.4674,0.2560,0.439422,0.192028,394
sw-short-3p5d-kv400-s59,splitwise,3,5,500,short,400.0,59,500,2.2662,6.3931,0.023035,0.023590,234.8407,0.2260,0.461313,0.201594,382
sw-short-3p5d-kv400-s60,splitwise,3,5,500,short,400.0,60,500,1.8479,5.4393,0.023053,0.023678,234.9825,0.2180,0.462424,0.202079,314
sw-short-3p5d-kv400-s61,splitwise,3,5,500,short,400.0,61,500,2.3460,6.4246,0.023022,0.023502,203.2979,0.2280,0.398590,0.174184,306
sw-short-4p4d-kv400-s42,splitwise,4,4,500,short,400.0,42,500,1.8471,5.2263,0.023145,0.023859,243.3716,0.2140,0.479065,0.209352,393
sw-short-4p4d-kv400-s43,splitwise,4,4,500,short,400.0,43,500,1.9427,5.0998,0.023165,0.023823,235.8269,0.2380,0.463911,0.202729,315
sw-short-4p4d-kv400-s44,splitwise,4,4,500,short,400.0,44,500,2.0008,5.3403,0.023263,0.024214,309.5756,0.1800,0.610077,0.266604,287
sw-short-4p4d-kv400-s45,splitwise,4,4,500,short,400.0,45,500,1.7267,5.1036,0.023327,0.024371,348.1266,0.1960,0.687087,0.300257,326
sw-short-4p4d-kv400-s46,splitwise,4,4,500,short,400.0,46,500,1.8200,5.2323,0.023195,0.024159,292.2773,0.2440,0.576124,0.251766,335
sw-short-4p4d-kv400-s47,splitwise,4,4,500,short,400.0,47,500,1.8984,5.2309,0.023140,0.023921,261.1355,0.2340,0.514199,0.224705,321
sw-short-4p4d-kv400-s48,splitwise,4,4,500,short,400.0,48,500,1.9535,5.3263,0.023148,0.023725,230.6774,0.2280,0.453675,0.198256,330
sw-short-4p4d-kv400-s49,splitwise,4,4,500,short,400.0,49,500,1.9245,5.2754,0.023155,0.023978,254.8660,0.2340,0.501711,0.219248,334
sw-short-4p4d-kv400-s50,splitwise,4,4,500,short,400.0,50,500,1.8458,5.1899,0.023129,0.023742,226.8366,0.2420,0.446271,0.195020,326
sw-short-4p4d-kv400-s51,splitwise,4,4,500,short,400.0,51,500,1.8420,5.2982,0.023167,0.023919,248.2987,0.2460,0.488849,0.213627,376
sw-short-4p4d-kv400-s52,splitwise,4,4,500,short,400.0,52,500,1.8807,5.2671,0.023223,0.024092,296.8560,0.2160,0.585086,0.255682,334
sw-short-4p4d-kv400-s53,splitwise,4,4,500,short,400.0,53,500,1.8949,5.2175,0.023199,0.024089,272.1264,0.2140,0.536006,0.234235,404
sw-short-4p4d-kv400-s54,splitwise,4,4,500,short,400.0,54,500,1.7810,5.1330,0.023173,0.023889,275.8668,0.2000,0.543651,0.237576,291
sw-short-4p4d-kv400-s55,splitwise,4,4,500,short,400.0,55,500,1.5969,4.8386,0.023109,0.023736,215.3950,0.2620,0.424070,0.185319,382
sw-short-4p4d-kv400-s56,splitwise,4,4,500,short,400.0,56,500,1.9189,5.2210,0.023182,0.023903,266.1006,0.2560,0.524006,0.228991,397
sw-short-4p4d-kv400-s57,splitwise,4,4,500,short,400.0,57,500,1.8550,5.1439,0.023117,0.023627,216.4533,0.2760,0.425657,0.186012,319
sw-short-4p4d-kv400-s58,splitwise,4,4,500,short,400.0,58,500,1.8486,5.1189,0.023144,0.023896,262.6535,0.2400,0.517308,0.226064,310
sw-short-4p4d-kv400-s60,splitwise,4,4,500,short,400.0,60,500,1.7244,5.2037,0.023217,0.024006,280.5920,0.2080,0.553136,0.241720,330
sw-short-4p4d-kv400-s59,splitwise,4,4,500,short,400.0,59,500,1.6681,5.0746,0.023179,0.023927,283.6478,0.2460,0.559309,0.244418,416
sw-short-4p4d-kv400-s61,splitwise,4,4,500,short,400.0,61,500,2.0415,5.3715,0.023163,0.023778,246.9830,0.2060,0.485843,0.212313,423
sw-short-5p3d-kv400-s42,splitwise,5,3,500,short,400.0,42,500,1.6882,4.9358,0.023371,0.024399,276.4299,0.2100,0.544952,0.238144,478
sw-short-5p3d-kv400-s44,splitwise,5,3,500,short,400.0,44,500,1.7291,4.9217,0.023506,0.024687,337.0170,0.1920,0.665046,0.290625,342
sw-short-5p3d-kv400-s43,splitwise,5,3,500,short,400.0,43,500,1.9484,5.0711,0.023372,0.024245,274.3264,0.2140,0.540264,0.236095,434
sw-short-5p3d-kv400-s45,splitwise,5,3,500,short,400.0,45,500,1.8748,7.8626,0.023466,0.024764,76.8042,0.2380,0.148623,0.064948,415
sw-short-5p3d-kv400-s46,splitwise,5,3,500,short,400.0,46,500,1.6737,4.8975,0.023413,0.024444,307.8407,0.2300,0.607284,0.265383,390
sw-short-5p3d-kv400-s47,splitwise,5,3,500,short,400.0,47,500,1.7997,4.9744,0.023365,0.024430,291.7714,0.2200,0.575161,0.251345,424
sw-short-5p3d-kv400-s48,splitwise,5,3,500,short,400.0,48,500,1.8187,4.9641,0.023359,0.024291,258.9285,0.2200,0.509979,0.222861,390
sw-short-5p3d-kv400-s49,splitwise,5,3,500,short,400.0,49,500,1.7714,4.9394,0.023378,0.024529,298.3000,0.2160,0.588167,0.257029,315
sw-short-5p3d-kv400-s50,splitwise,5,3,500,short,400.0,50,500,1.7288,4.8516,0.023329,0.024219,256.7954,0.2100,0.505926,0.221090,296
sw-short-5p3d-kv400-s51,splitwise,5,3,500,short,400.0,51,500,1.7428,4.9351,0.023406,0.024463,296.1500,0.2080,0.583959,0.255190,409
sw-short-5p3d-kv400-s52,splitwise,5,3,500,short,400.0,52,500,1.8133,5.0701,0.023472,0.024601,327.5993,0.1940,0.646199,0.282389,428
sw-short-5p3d-kv400-s53,splitwise,5,3,500,short,400.0,53,500,1.7076,4.9489,0.023425,0.024526,303.4535,0.2360,0.598515,0.261551,404
sw-short-5p3d-kv400-s54,splitwise,5,3,500,short,400.0,54,500,1.6731,4.9032,0.023398,0.024497,304.4718,0.2120,0.600603,0.262464,268
sw-short-5p3d-kv400-s57,splitwise,5,3,500,short,400.0,57,500,1.7986,5.0372,0.023341,0.024331,252.2947,0.2640,0.496861,0.217128,349
sw-short-5p3d-kv400-s55,splitwise,5,3,500,short,400.0,55,500,1.5643,4.8661,0.023315,0.024212,248.2864,0.2600,0.489375,0.213857,460
sw-short-5p3d-kv400-s56,splitwise,5,3,500,short,400.0,56,500,1.8735,5.0964,0.023426,0.024474,300.0477,0.2160,0.591431,0.258455,456
sw-short-5p3d-kv400-s58,splitwise,5,3,500,short,400.0,58,500,1.7065,4.8359,0.023367,0.024553,295.3581,0.2200,0.582460,0.254535,278
sw-short-5p3d-kv400-s60,splitwise,5,3,500,short,400.0,60,500,1.8081,7.7991,0.023430,0.024626,57.9397,0.2500,0.111337,0.048654,363
sw-short-5p3d-kv400-s59,splitwise,5,3,500,short,400.0,59,500,1.6406,4.9315,0.023432,0.024584,323.3030,0.2660,0.638020,0.278815,399
sw-short-5p3d-kv400-s61,splitwise,5,3,500,short,400.0,61,500,1.8622,5.0456,0.023396,0.024286,281.9496,0.2080,0.555555,0.242778,390
sw-short-6p2d-kv400-s42,splitwise,6,2,500,short,400.0,42,500,1.5362,4.7196,0.023750,0.025130,77.1419,0.2560,0.149964,0.065534,296
sw-short-6p2d-kv400-s43,splitwise,6,2,500,short,400.0,43,500,1.8261,4.8699,0.023774,0.025162,306.0401,0.2140,0.603411,0.263690,268
sw-short-6p2d-kv400-s44,splitwise,6,2,500,short,400.0,44,500,1.6028,7.8410,0.023929,0.025903,68.3286,0.2500,0.132351,0.057837,330
sw-short-6p2d-kv400-s45,splitwise,6,2,500,short,400.0,45,500,2.1480,8.1627,0.023756,0.025562,129.0035,0.2340,0.251619,0.109957,356
sw-short-6p2d-kv400-s46,splitwise,6,2,500,short,400.0,46,500,1.5682,4.7998,0.023841,0.025376,87.5540,0.2980,0.170553,0.074532,279
sw-short-6p2d-kv400-s48,splitwise,6,2,500,short,400.0,48,500,1.6497,4.8362,0.023770,0.024924,291.0096,0.2120,0.573947,0.250815,302
sw-short-6p2d-kv400-s47,splitwise,6,2,500,short,400.0,47,500,1.7408,4.8414,0.023774,0.025416,310.5364,0.2220,0.612498,0.267662,400
sw-short-6p2d-kv400-s49,splitwise,6,2,500,short,400.0,49,500,1.6618,4.8300,0.023782,0.025496,330.2121,0.2180,0.651682,0.284785,369
sw-short-6p2d-kv400-s50,splitwise,6,2,500,short,400.0,50,500,1.6510,4.7633,0.023718,0.025035,281.4185,0.2000,0.554921,0.242500,355
sw-short-6p2d-kv400-s51,splitwise,6,2,500,short,400.0,51,500,1.5990,4.7190,0.023850,0.025457,327.8629,0.2300,0.647147,0.282803,357
sw-short-6p2d-kv400-s52,splitwise,6,2,500,short,400.0,52,500,1.6258,4.7945,0.023904,0.025596,348.0205,0.2320,0.687076,0.300252,338
sw-short-6p2d-kv400-s53,splitwise,6,2,500,short,400.0,53,500,1.9022,7.9913,0.023730,0.025245,103.0230,0.2280,0.200574,0.087651,403
sw-short-6p2d-kv400-s54,splitwise,6,2,500,short,400.0,54,500,1.7721,7.9841,0.023706,0.025199,96.0512,0.2400,0.187003,0.081720,312
sw-short-6p2d-kv400-s55,splitwise,6,2,500,short,400.0,55,500,1.6221,4.8496,0.023682,0.025010,292.3483,0.2300,0.576657,0.251999,333
sw-short-6p2d-kv400-s56,splitwise,6,2,500,short,400.0,56,500,1.6996,4.7608,0.023868,0.025313,329.5932,0.2460,0.650379,0.284216,432
sw-short-6p2d-kv400-s57,splitwise,6,2,500,short,400.0,57,500,1.7899,4.7857,0.023759,0.025081,300.6526,0.2240,0.592796,0.259052,362
sw-short-6p2d-kv400-s58,splitwise,6,2,500,short,400.0,58,500,1.5029,4.5097,0.023748,0.025225,318.6889,0.3000,0.629140,0.274934,386
sw-short-6p2d-kv400-s59,splitwise,6,2,500,short,400.0,59,500,1.8538,7.8377,0.023749,0.025424,91.5371,0.2460,0.177888,0.077737,276
sw-short-6p2d-kv400-s60,splitwise,6,2,500,short,400.0,60,500,2.0817,7.9873,0.023672,0.025127,109.6374,0.2620,0.213338,0.093229,319
sw-short-6p2d-kv400-s61,splitwise,6,2,500,short,400.0,61,500,1.8004,4.9830,0.023840,0.025298,316.5220,0.1860,0.624253,0.272798,364
baseline-medium-s42,colocated,8,0,500,medium,200.0,42,500,11.2694,19.9638,0.028964,0.029946,24.7648,0.0240,0.026768,0.011698,297
baseline-medium-s43,colocated,8,0,500,medium,200.0,43,500,13.6792,19.5976,0.028885,0.030224,26.5176,0.0160,0.025465,0.011128,224
baseline-medium-s44,colocated,8,0,500,medium,200.0,44,500,10.6086,19.2146,0.028996,0.029915,24.2468,0.0160,0.027051,0.011821,229
baseline-medium-s45,colocated,8,0,500,medium,200.0,45,500,10.8601,18.0633,0.028852,0.029666,24.0345,0.0180,0.026132,0.011419,245
baseline-medium-s46,colocated,8,0,500,medium,200.0,46,500,9.1734,19.2534,0.028774,0.029796,23.0883,0.0400,0.027600,0.012061,246
baseline-medium-s47,colocated,8,0,500,medium,200.0,47,500,12.5214,19.5826,0.028657,0.029984,25.3557,0.0200,0.025457,0.011125,211
baseline-medium-s48,colocated,8,0,500,medium,200.0,48,500,11.2486,19.1868,0.028774,0.029780,24.5012,0.0160,0.026287,0.011487,215
baseline-medium-s49,colocated,8,0,500,medium,200.0,49,500,11.7878,19.5815,0.028768,0.029722,24.9214,0.0200,0.026051,0.011384,237
baseline-medium-s50,colocated,8,0,500,medium,200.0,50,500,11.0136,18.1662,0.028814,0.029699,24.4296,0.0160,0.026611,0.011629,254
baseline-medium-s51,colocated,8,0,500,medium,200.0,51,500,9.3887,18.7083,0.028682,0.029976,22.8123,0.0220,0.026626,0.011635,219
baseline-medium-s52,colocated,8,0,500,medium,200.0,52,500,11.2736,20.9045,0.029028,0.030159,25.3654,0.0180,0.027951,0.012215,210
baseline-medium-s53,colocated,8,0,500,medium,200.0,53,500,11.9539,20.1154,0.028998,0.030280,25.4129,0.0220,0.026696,0.011666,239
baseline-medium-s54,colocated,8,0,500,medium,200.0,54,500,10.3482,19.8541,0.028764,0.029648,24.0125,0.0220,0.027103,0.011844,242
baseline-medium-s55,colocated,8,0,500,medium,200.0,55,500,12.3644,20.3874,0.028887,0.030150,25.6456,0.0340,0.026343,0.011512,234
baseline-medium-s56,colocated,8,0,500,medium,200.0,56,500,10.2960,19.4644,0.028830,0.030212,23.9146,0.0320,0.027013,0.011805,240
baseline-medium-s57,colocated,8,0,500,medium,200.0,57,500,12.5917,20.6306,0.028966,0.030098,25.8422,0.0160,0.026283,0.011485,223
baseline-medium-s58,colocated,8,0,500,medium,200.0,58,500,9.0070,19.1165,0.028835,0.030209,22.8278,0.0340,0.027414,0.011980,234
baseline-medium-s59,colocated,8,0,500,medium,200.0,59,500,12.3271,20.2861,0.028880,0.030209,25.4322,0.0180,0.025994,0.011359,218
baseline-medium-s60,colocated,8,0,500,medium,200.0,60,500,10.7677,19.6209,0.029036,0.029968,24.4431,0.0160,0.027125,0.011854,212
baseline-medium-s61,colocated,8,0,500,medium,200.0,61,500,10.4049,20.1065,0.028893,0.029899,23.9433,0.0220,0.026854,0.011735,236
sw-medium-1p7d-kv100-s42,splitwise,1,7,500,medium,100.0,42,500,27.1307,47.8314,0.028423,0.030930,52.7600,0.0020,0.071341,0.031176,300
sw-medium-1p7d-kv100-s43,splitwise,1,7,500,medium,100.0,43,500,27.5198,48.6815,0.028610,0.031013,48.0703,0.0060,0.060616,0.026489,228
sw-medium-1p7d-kv100-s44,splitwise,1,7,500,medium,100.0,44,500,26.9661,48.0547,0.028417,0.030704,25.6353,0.0080,0.019692,0.008605,260
sw-medium-1p7d-kv100-s45,splitwise,1,7,500,medium,100.0,45,500,25.8453,46.0741,0.028468,0.030794,25.1575,0.0020,0.019464,0.008506,261
sw-medium-1p7d-kv100-s46,splitwise,1,7,500,medium,100.0,46,500,26.9294,47.9622,0.028619,0.030787,26.1571,0.0020,0.019629,0.008578,313
sw-medium-1p7d-kv100-s47,splitwise,1,7,500,medium,100.0,47,500,25.6620,45.6196,0.029013,0.030697,23.2016,0.0020,0.014999,0.006555,241
sw-medium-1p7d-kv100-s48,splitwise,1,7,500,medium,100.0,48,500,26.5441,47.2887,0.028511,0.030476,25.6716,0.0020,0.018444,0.008060,242
sw-medium-1p7d-kv100-s49,splitwise,1,7,500,medium,100.0,49,500,26.9962,48.1386,0.029064,0.030782,21.5213,0.0020,0.011069,0.004837,292
sw-medium-1p7d-kv100-s50,splitwise,1,7,500,medium,100.0,50,500,26.6134,47.0949,0.028525,0.030872,28.3337,0.0080,0.024591,0.010746,251
sw-medium-1p7d-kv100-s51,splitwise,1,7,500,medium,100.0,51,500,25.9191,46.0813,0.028226,0.030517,27.2469,0.0020,0.023169,0.010125,257
sw-medium-1p7d-kv100-s52,splitwise,1,7,500,medium,100.0,52,500,26.9786,49.2715,0.027822,0.030662,40.6070,0.0020,0.045659,0.019953,231
sw-medium-1p7d-kv100-s53,splitwise,1,7,500,medium,100.0,53,500,27.6074,49.3598,0.029091,0.031047,19.9817,0.0020,0.008035,0.003511,308
sw-medium-1p7d-kv100-s54,splitwise,1,7,500,medium,100.0,54,500,25.9833,45.8143,0.028795,0.030717,19.7848,0.0020,0.008286,0.003621,246
sw-medium-1p7d-kv100-s56,splitwise,1,7,500,medium,100.0,56,500,27.1882,48.6725,0.028316,0.030987,40.8317,0.0020,0.047386,0.020708,285
sw-medium-1p7d-kv100-s55,splitwise,1,7,500,medium,100.0,55,500,28.2596,49.5906,0.029503,0.030869,21.7986,0.0020,0.009480,0.004143,315
sw-medium-1p7d-kv100-s57,splitwise,1,7,500,medium,100.0,57,500,27.7918,49.4192,0.028556,0.031234,39.9914,0.0060,0.044856,0.019602,296
sw-medium-1p7d-kv100-s58,splitwise,1,7,500,medium,100.0,58,500,26.5905,47.8535,0.028884,0.031237,19.6409,0.0020,0.008130,0.003553,298
sw-medium-1p7d-kv100-s59,splitwise,1,7,500,medium,100.0,59,500,26.4659,47.1875,0.028664,0.031016,44.5228,0.0120,0.054227,0.023697,268
sw-medium-1p7d-kv100-s60,splitwise,1,7,500,medium,100.0,60,500,27.7350,48.6534,0.028407,0.031384,41.6607,0.0060,0.049236,0.021516,278
sw-medium-1p7d-kv100-s61,splitwise,1,7,500,medium,100.0,61,500,27.4986,49.4430,0.028529,0.030995,23.5386,0.0020,0.014970,0.006542,388
sw-medium-2p6d-kv100-s42,splitwise,2,6,500,medium,100.0,42,500,12.6244,21.0187,0.028778,0.031957,72.0567,0.0080,0.119181,0.052082,374
sw-medium-2p6d-kv100-s44,splitwise,2,6,500,medium,100.0,44,500,12.2460,20.4208,0.026325,0.031634,67.1314,0.0220,0.110192,0.048154,426
sw-medium-2p6d-kv100-s43,splitwise,2,6,500,medium,100.0,43,500,12.8446,20.8445,0.027363,0.032216,90.9595,0.0140,0.156283,0.068296,385
sw-medium-2p6d-kv100-s45,splitwise,2,6,500,medium,100.0,45,500,11.5553,19.7203,0.028676,0.031865,44.6668,0.0120,0.067284,0.029403,411
sw-medium-2p6d-kv100-s46,splitwise,2,6,500,medium,100.0,46,500,12.3841,21.0447,0.028377,0.032396,57.8451,0.0040,0.091592,0.040026,397
sw-medium-2p6d-kv100-s47,splitwise,2,6,500,medium,100.0,47,500,11.6850,19.5836,0.028774,0.031893,48.0575,0.0160,0.073345,0.032052,341
sw-medium-2p6d-kv100-s48,splitwise,2,6,500,medium,100.0,48,500,12.1756,19.6188,0.028627,0.032045,53.7835,0.0180,0.083654,0.036557,349
sw-medium-2p6d-kv100-s49,splitwise,2,6,500,medium,100.0,49,500,12.5401,20.8805,0.029281,0.031732,42.3870,0.0120,0.060661,0.026509,314
sw-medium-2p6d-kv100-s50,splitwise,2,6,500,medium,100.0,50,500,12.1891,19.8151,0.028887,0.032305,57.6272,0.0220,0.091403,0.039943,309
sw-medium-2p6d-kv100-s51,splitwise,2,6,500,medium,100.0,51,500,11.7430,19.5728,0.026926,0.031796,81.7159,0.0140,0.139960,0.061163,307
sw-medium-2p6d-kv100-s52,splitwise,2,6,500,medium,100.0,52,500,12.3739,20.2736,0.027629,0.031937,48.5437,0.0160,0.072846,0.031834,363
sw-medium-2p6d-kv100-s53,splitwise,2,6,500,medium,100.0,53,500,12.7342,21.0949,0.028776,0.032403,41.3544,0.0100,0.058231,0.025447,297
sw-medium-2p6d-kv100-s54,splitwise,2,6,500,medium,100.0,54,500,11.8267,19.5770,0.028354,0.031805,46.1764,0.0140,0.069029,0.030166,332
sw-medium-2p6d-kv100-s55,splitwise,2,6,500,medium,100.0,55,500,13.2404,22.0256,0.029445,0.032011,44.0107,0.0060,0.062214,0.027188,422
sw-medium-2p6d-kv100-s56,splitwise,2,6,500,medium,100.0,56,500,12.5090,20.3563,0.028958,0.032663,68.9688,0.0100,0.113058,0.049406,394
sw-medium-2p6d-kv100-s57,splitwise,2,6,500,medium,100.0,57,500,13.0351,20.7661,0.028496,0.031771,73.8989,0.0160,0.121988,0.053309,269
sw-medium-2p6d-kv100-s58,splitwise,2,6,500,medium,100.0,58,500,12.2017,20.4281,0.028177,0.031914,52.1676,0.0120,0.080643,0.035241,316
sw-medium-2p6d-kv100-s60,splitwise,2,6,500,medium,100.0,60,500,12.5147,20.0972,0.028463,0.032281,68.4495,0.0200,0.112194,0.049029,375
sw-medium-2p6d-kv100-s59,splitwise,2,6,500,medium,100.0,59,500,11.9662,20.4066,0.028488,0.032098,65.9978,0.0200,0.107974,0.047185,449
sw-medium-2p6d-kv100-s61,splitwise,2,6,500,medium,100.0,61,500,12.6563,21.0631,0.027474,0.031871,69.2969,0.0080,0.113675,0.049676,418
sw-medium-3p5d-kv100-s42,splitwise,3,5,500,medium,100.0,42,500,6.9465,12.9216,0.027811,0.034173,120.1523,0.0260,0.224575,0.098139,443
sw-medium-3p5d-kv100-s43,splitwise,3,5,500,medium,100.0,43,500,7.4683,12.5152,0.024275,0.030033,219.6962,0.0300,0.420964,0.183961,315
sw-medium-3p5d-kv100-s44,splitwise,3,5,500,medium,100.0,44,500,6.6190,11.7675,0.024301,0.030209,152.7873,0.0440,0.289954,0.126710,327
sw-medium-3p5d-kv100-s45,splitwise,3,5,500,medium,100.0,45,500,5.8878,12.0642,0.028275,0.033404,105.2686,0.0320,0.197139,0.086150,306
sw-medium-3p5d-kv100-s46,splitwise,3,5,500,medium,100.0,46,500,6.8217,13.1060,0.027892,0.033687,104.3592,0.0180,0.193501,0.084560,296
sw-medium-3p5d-kv100-s48,splitwise,3,5,500,medium,100.0,48,500,6.6865,11.2655,0.025316,0.029969,146.0270,0.0360,0.276400,0.120787,351
sw-medium-3p5d-kv100-s47,splitwise,3,5,500,medium,100.0,47,500,6.4216,11.2519,0.027866,0.032998,98.4421,0.0360,0.182533,0.079767,380
sw-medium-3p5d-kv100-s49,splitwise,3,5,500,medium,100.0,49,500,7.1870,12.2656,0.028190,0.033801,80.2112,0.0320,0.144844,0.063297,340
sw-medium-3p5d-kv100-s50,splitwise,3,5,500,medium,100.0,50,500,6.9839,12.0318,0.023561,0.026634,194.2424,0.0420,0.371471,0.162333,269
sw-medium-3p5d-kv100-s51,splitwise,3,5,500,medium,100.0,51,500,6.3938,11.8515,0.026707,0.033571,123.8896,0.0280,0.233067,0.101850,248
sw-medium-3p5d-kv100-s52,splitwise,3,5,500,medium,100.0,52,500,6.8416,12.5898,0.028064,0.032585,63.1808,0.0460,0.111766,0.048842,321
sw-medium-3p5d-kv100-s53,splitwise,3,5,500,medium,100.0,53,500,7.0134,12.7118,0.028505,0.034004,90.2478,0.0200,0.165105,0.072151,356
sw-medium-3p5d-kv100-s54,splitwise,3,5,500,medium,100.0,54,500,6.4570,11.6782,0.027522,0.033092,93.5570,0.0340,0.172776,0.075503,300
sw-medium-3p5d-kv100-s55,splitwise,3,5,500,medium,100.0,55,500,7.8643,13.1333,0.028272,0.034051,88.9612,0.0200,0.160860,0.070296,331
sw-medium-3p5d-kv100-s56,splitwise,3,5,500,medium,100.0,56,500,6.9678,12.7873,0.027847,0.033699,114.0147,0.0320,0.212359,0.092801,346
sw-medium-3p5d-kv100-s57,splitwise,3,5,500,medium,100.0,57,500,7.6788,13.4700,0.024517,0.029935,180.9505,0.0300,0.343720,0.150206,284
sw-medium-3p5d-kv100-s58,splitwise,3,5,500,medium,100.0,58,500,6.7237,11.8820,0.027589,0.032433,102.1160,0.0240,0.189230,0.082694,315
sw-medium-3p5d-kv100-s60,splitwise,3,5,500,medium,100.0,60,500,6.8636,12.0979,0.026512,0.034133,146.2223,0.0340,0.276453,0.120810,251
sw-medium-3p5d-kv100-s59,splitwise,3,5,500,medium,100.0,59,500,6.6005,12.7134,0.027966,0.034230,117.2809,0.0400,0.219535,0.095937,305
sw-medium-3p5d-kv100-s61,splitwise,3,5,500,medium,100.0,61,500,7.0740,11.7706,0.025336,0.030373,132.4387,0.0360,0.248689,0.108677,362
sw-medium-4p4d-kv100-s42,splitwise,4,4,500,medium,100.0,42,500,3.5351,8.3743,0.025493,0.032676,230.6268,0.0680,0.450438,0.196841,301
sw-medium-4p4d-kv100-s43,splitwise,4,4,500,medium,100.0,43,500,4.1457,7.8494,0.023266,0.028192,318.3523,0.0480,0.623231,0.272352,304
sw-medium-4p4d-kv100-s44,splitwise,4,4,500,medium,100.0,44,500,3.2275,6.7944,0.022744,0.023172,350.9828,0.0860,0.689775,0.301432,313
sw-medium-4p4d-kv100-s45,splitwise,4,4,500,medium,100.0,45,500,2.8101,7.7726,0.026109,0.032925,204.7048,0.1360,0.400460,0.175001,294
sw-medium-4p4d-kv100-s46,splitwise,4,4,500,medium,100.0,46,500,3.1623,6.1355,0.026504,0.035061,195.1033,0.0400,0.380716,0.166373,330
sw-medium-4p4d-kv100-s48,splitwise,4,4,500,medium,100.0,48,500,3.3887,7.0071,0.024096,0.029035,270.5191,0.0640,0.529855,0.231547,285
sw-medium-4p4d-kv100-s47,splitwise,4,4,500,medium,100.0,47,500,3.1191,6.6126,0.025812,0.032145,185.1558,0.0960,0.361071,0.157788,384
sw-medium-4p4d-kv100-s49,splitwise,4,4,500,medium,100.0,49,500,3.7635,7.4546,0.025492,0.032092,225.3466,0.0620,0.439512,0.192067,251
sw-medium-4p4d-kv100-s50,splitwise,4,4,500,medium,100.0,50,500,3.5936,6.6330,0.022739,0.023233,362.1733,0.0580,0.711245,0.310814,291
sw-medium-4p4d-kv100-s51,splitwise,4,4,500,medium,100.0,51,500,2.8992,6.0022,0.028410,0.036275,146.3778,0.1000,0.284591,0.124366,279
sw-medium-4p4d-kv100-s52,splitwise,4,4,500,medium,100.0,52,500,3.4620,7.8063,0.023414,0.026031,249.5220,0.0700,0.488062,0.213283,293
sw-medium-4p4d-kv100-s53,splitwise,4,4,500,medium,100.0,53,500,3.5067,7.9851,0.026357,0.033269,168.7721,0.0340,0.327805,0.143251,252
sw-medium-4p4d-kv100-s54,splitwise,4,4,500,medium,100.0,54,500,3.0189,6.5725,0.024826,0.029802,181.3053,0.0780,0.353632,0.154537,369
sw-medium-4p4d-kv100-s55,splitwise,4,4,500,medium,100.0,55,500,4.3351,8.1920,0.025976,0.032585,183.4666,0.0400,0.355308,0.155270,398
sw-medium-4p4d-kv100-s56,splitwise,4,4,500,medium,100.0,56,500,3.4350,8.3152,0.025853,0.031828,206.8618,0.0560,0.403499,0.176329,410
sw-medium-4p4d-kv100-s57,splitwise,4,4,500,medium,100.0,57,500,4.2514,9.2918,0.023522,0.028514,289.4691,0.0520,0.565731,0.247225,251
sw-medium-4p4d-kv100-s58,splitwise,4,4,500,medium,100.0,58,500,3.3483,7.2163,0.024699,0.030321,221.3388,0.0480,0.432386,0.188953,380
sw-medium-4p4d-kv100-s59,splitwise,4,4,500,medium,100.0,59,500,3.0691,6.4647,0.024470,0.030104,282.0123,0.1040,0.553286,0.241786,356
sw-medium-4p4d-kv100-s60,splitwise,4,4,500,medium,100.0,60,500,3.2502,6.6462,0.022868,0.025160,332.1217,0.0680,0.652319,0.285063,339
sw-medium-4p4d-kv100-s61,splitwise,4,4,500,medium,100.0,61,500,3.6468,7.3095,0.023469,0.027642,288.6544,0.0720,0.565315,0.247042,271
sw-medium-5p3d-kv100-s42,splitwise,5,3,500,medium,100.0,42,500,1.3043,3.1247,0.022884,0.026128,574.1462,0.1780,1.136236,0.496535,349
sw-medium-5p3d-kv100-s43,splitwise,5,3,500,medium,100.0,43,500,2.0095,4.4153,0.022836,0.023452,374.7108,0.0780,0.739256,0.323055,287
sw-medium-5p3d-kv100-s44,splitwise,5,3,500,medium,100.0,44,500,1.1921,3.0707,0.022744,0.023206,480.5747,0.1880,0.950859,0.415525,310
sw-medium-5p3d-kv100-s45,splitwise,5,3,500,medium,100.0,45,500,1.4573,5.4107,0.023032,0.024228,342.0567,0.2180,0.675581,0.295229,328
sw-medium-5p3d-kv100-s47,splitwise,5,3,500,medium,100.0,47,500,1.6857,4.0668,0.024487,0.030313,301.1712,0.1520,0.594032,0.259592,332
sw-medium-5p3d-kv100-s46,splitwise,5,3,500,medium,100.0,46,500,1.1126,2.7603,0.024430,0.032054,404.4237,0.2500,0.799970,0.349587,366
sw-medium-5p3d-kv100-s48,splitwise,5,3,500,medium,100.0,48,500,1.6677,4.4473,0.022741,0.023214,482.3689,0.1600,0.953474,0.416668,339
sw-medium-5p3d-kv100-s49,splitwise,5,3,500,medium,100.0,49,500,1.6938,3.5200,0.023226,0.026594,396.8402,0.1180,0.783776,0.342510,289
sw-medium-5p3d-kv100-s52,splitwise,5,3,500,medium,100.0,52,500,1.3316,3.5435,0.022742,0.023306,483.7368,0.2040,0.956854,0.418145,300
sw-medium-5p3d-kv100-s50,splitwise,5,3,500,medium,100.0,50,500,1.6004,3.8442,0.022844,0.023962,414.2886,0.1060,0.818570,0.357715,324
sw-medium-5p3d-kv100-s51,splitwise,5,3,500,medium,100.0,51,500,1.5931,4.5191,0.023004,0.025430,410.5590,0.1780,0.811187,0.354489,333
sw-medium-5p3d-kv100-s53,splitwise,5,3,500,medium,100.0,53,500,1.5606,5.0903,0.023658,0.028206,343.2537,0.1940,0.677751,0.296177,281
sw-medium-5p3d-kv100-s54,splitwise,5,3,500,medium,100.0,54,500,1.2673,2.5114,0.022902,0.025491,457.1792,0.1120,0.904304,0.395181,292
sw-medium-5p3d-kv100-s56,splitwise,5,3,500,medium,100.0,56,500,1.3324,3.1769,0.023164,0.026660,463.1894,0.2000,0.916097,0.400334,300
sw-medium-5p3d-kv100-s55,splitwise,5,3,500,medium,100.0,55,500,2.1315,4.1679,0.024547,0.030301,369.2735,0.0740,0.728229,0.318236,350
sw-medium-5p3d-kv100-s57,splitwise,5,3,500,medium,100.0,57,500,2.0582,4.6949,0.022767,0.023318,443.6899,0.1040,0.875980,0.382803,239
sw-medium-5p3d-kv100-s59,splitwise,5,3,500,medium,100.0,59,500,1.4152,3.9952,0.022771,0.023383,458.8607,0.1960,0.907346,0.396510,313
sw-medium-5p3d-kv100-s58,splitwise,5,3,500,medium,100.0,58,500,1.7990,4.3368,0.023664,0.028496,383.3367,0.1880,0.756783,0.330714,375
sw-medium-5p3d-kv100-s60,splitwise,5,3,500,medium,100.0,60,500,1.0970,2.3280,0.022761,0.023398,469.4030,0.1720,0.928888,0.405924,339
sw-medium-5p3d-kv100-s61,splitwise,5,3,500,medium,100.0,61,500,1.7609,4.4538,0.023124,0.025635,375.2225,0.1520,0.740764,0.323714,319
sw-medium-6p2d-kv100-s43,splitwise,6,2,500,medium,100.0,43,500,1.1407,2.9099,0.023054,0.023930,538.5261,0.2220,1.065908,0.465802,287
sw-medium-6p2d-kv100-s44,splitwise,6,2,500,medium,100.0,44,500,1.0599,6.2786,0.022918,0.023740,577.6512,0.4060,1.143673,0.499785,298
sw-medium-6p2d-kv100-s42,splitwise,6,2,500,medium,100.0,42,500,1.0253,3.4740,0.023315,0.024759,474.3207,0.2580,0.938785,0.410249,391
sw-medium-6p2d-kv100-s45,splitwise,6,2,500,medium,100.0,45,500,1.6359,6.9572,0.023056,0.024312,537.8044,0.2320,1.063494,0.464747,284
sw-medium-6p2d-kv100-s48,splitwise,6,2,500,medium,100.0,48,500,1.9220,7.4295,0.022967,0.024029,567.9453,0.3240,1.122711,0.490625,339
sw-medium-6p2d-kv100-s46,splitwise,6,2,500,medium,100.0,46,500,0.9176,3.2916,0.023520,0.024867,372.7970,0.1940,0.737625,0.322342,343
sw-medium-6p2d-kv100-s47,splitwise,6,2,500,medium,100.0,47,500,1.1415,2.3429,0.023601,0.024777,353.5456,0.1660,0.698996,0.305461,387
sw-medium-6p2d-kv100-s49,splitwise,6,2,500,medium,100.0,49,500,1.2241,5.7753,0.022774,0.023298,642.7132,0.3540,1.272398,0.556038,339
sw-medium-6p2d-kv100-s50,splitwise,6,2,500,medium,100.0,50,500,0.9614,4.0055,0.022873,0.023664,617.9816,0.3780,1.223864,0.534828,300
sw-medium-6p2d-kv100-s51,splitwise,6,2,500,medium,100.0,51,500,1.0557,1.9225,0.023725,0.025748,306.2994,0.1620,0.605453,0.264583,301
sw-medium-6p2d-kv100-s52,splitwise,6,2,500,medium,100.0,52,500,1.7146,6.4942,0.023093,0.024950,534.1387,0.2300,1.056067,0.461501,327
sw-medium-6p2d-kv100-s53,splitwise,6,2,500,medium,100.0,53,500,1.4800,3.6467,0.023109,0.024455,506.9055,0.2420,1.002515,0.438099,290
sw-medium-6p2d-kv100-s54,splitwise,6,2,500,medium,100.0,54,500,1.8275,6.9190,0.022824,0.023632,692.6444,0.3860,1.370240,0.598795,341
sw-medium-6p2d-kv100-s55,splitwise,6,2,500,medium,100.0,55,500,1.2863,9.1612,0.022951,0.026048,814.9823,0.2740,1.613972,0.705306,336
sw-medium-6p2d-kv100-s56,splitwise,6,2,500,medium,100.0,56,500,1.0982,4.6892,0.023286,0.024324,444.1143,0.3560,0.878726,0.384003,327
sw-medium-6p2d-kv100-s57,splitwise,6,2,500,medium,100.0,57,500,1.1697,4.9177,0.022818,0.023379,651.7688,0.2880,1.290468,0.563934,290
sw-medium-6p2d-kv100-s58,splitwise,6,2,500,medium,100.0,58,500,0.9348,1.8177,0.023685,0.025236,405.6581,0.1500,0.802772,0.350811,320
sw-medium-6p2d-kv100-s60,splitwise,6,2,500,medium,100.0,60,500,1.1952,5.6911,0.022994,0.023796,677.1619,0.3220,1.340785,0.585923,298
sw-medium-6p2d-kv100-s59,splitwise,6,2,500,medium,100.0,59,500,0.8994,2.0065,0.023348,0.024615,486.0302,0.2820,0.962260,0.420508,342
sw-medium-6p2d-kv100-s61,splitwise,6,2,500,medium,100.0,61,500,1.3254,2.6275,0.023756,0.025645,321.8373,0.1200,0.635738,0.277817,296
sw-medium-1p7d-kv200-s44,splitwise,1,7,500,medium,200.0,44,500,26.9661,48.0547,0.028417,0.030704,25.6351,0.0080,0.019692,0.008605,228
sw-medium-1p7d-kv200-s43,splitwise,1,7,500,medium,200.0,43,500,27.5198,48.6815,0.028610,0.031013,48.0702,0.0060,0.060616,0.026489,331
sw-medium-1p7d-kv200-s42,splitwise,1,7,500,medium,200.0,42,500,27.1307,47.8314,0.028423,0.030930,52.7598,0.0020,0.071341,0.031176,354
sw-medium-1p7d-kv200-s45,splitwise,1,7,500,medium,200.0,45,500,25.8453,46.0741,0.028468,0.030794,25.1570,0.0020,0.019464,0.008506,244
sw-medium-1p7d-kv200-s46,splitwise,1,7,500,medium,200.0,46,500,26.9294,47.9622,0.028619,0.030787,26.1570,0.0020,0.019628,0.008578,325
sw-medium-1p7d-kv200-s48,splitwise,1,7,500,medium,200.0,48,500,26.5441,47.2887,0.028511,0.030476,25.6715,0.0020,0.018444,0.008060,250
sw-medium-1p7d-kv200-s47,splitwise,1,7,500,medium,200.0,47,500,25.6620,45.6196,0.029013,0.030697,23.2013,0.0020,0.014999,0.006554,298
sw-medium-1p7d-kv200-s49,splitwise,1,7,500,medium,200.0,49,500,26.9962,48.1386,0.029064,0.030782,21.5209,0.0020,0.011069,0.004837,290
sw-medium-1p7d-kv200-s50,splitwise,1,7,500,medium,200.0,50,500,26.6134,47.0949,0.028525,0.030872,28.3336,0.0080,0.024590,0.010746,319
sw-medium-1p7d-kv200-s52,splitwise,1,7,500,medium,200.0,52,500,26.9786,49.2715,0.027965,0.030662,32.1169,0.0020,0.029183,0.012753,307
sw-medium-1p7d-kv200-s51,splitwise,1,7,500,medium,200.0,51,500,25.9191,46.0813,0.028226,0.030517,27.2465,0.0020,0.023169,0.010125,352
sw-medium-1p7d-kv200-s53,splitwise,1,7,500,medium,200.0,53,500,27.6074,49.3598,0.029091,0.031047,19.9815,0.0020,0.008034,0.003511,287
sw-medium-1p7d-kv200-s54,splitwise,1,7,500,medium,200.0,54,500,25.9833,45.8143,0.028795,0.030717,19.7846,0.0020,0.008286,0.003621,241
sw-medium-1p7d-kv200-s55,splitwise,1,7,500,medium,200.0,55,500,28.2596,49.5906,0.029503,0.030869,21.7984,0.0020,0.009480,0.004143,280
sw-medium-1p7d-kv200-s56,splitwise,1,7,500,medium,200.0,56,500,27.1882,48.6725,0.028316,0.030987,40.8315,0.0020,0.047385,0.020707,332
sw-medium-1p7d-kv200-s57,splitwise,1,7,500,medium,200.0,57,500,27.7918,49.4192,0.028556,0.031234,39.9913,0.0060,0.044856,0.019602,312
sw-medium-1p7d-kv200-s58,splitwise,1,7,500,medium,200.0,58,500,26.5905,47.8535,0.028884,0.031237,19.6407,0.0020,0.008130,0.003553,252
sw-medium-1p7d-kv200-s59,splitwise,1,7,500,medium,200.0,59,500,26.4659,47.1875,0.028664,0.031016,44.5227,0.0120,0.054227,0.023697,262
sw-medium-1p7d-kv200-s60,splitwise,1,7,500,medium,200.0,60,500,27.7350,48.6534,0.028407,0.031384,41.6606,0.0060,0.049236,0.021516,283
sw-medium-1p7d-kv200-s61,splitwise,1,7,500,medium,200.0,61,500,27.4986,49.4430,0.028529,0.030995,23.5396,0.0020,0.014971,0.006542,311
sw-medium-2p6d-kv200-s42,splitwise,2,6,500,medium,200.0,42,500,12.6244,21.0187,0.028778,0.031957,72.0564,0.0080,0.119181,0.052082,305
sw-medium-2p6d-kv200-s43,splitwise,2,6,500,medium,200.0,43,500,12.8446,20.8445,0.027740,0.032216,79.3439,0.0140,0.133369,0.058282,275
sw-medium-2p6d-kv200-s44,splitwise,2,6,500,medium,200.0,44,500,12.2460,20.4208,0.026401,0.031634,56.1306,0.0220,0.088389,0.038626,374
sw-medium-2p6d-kv200-s45,splitwise,2,6,500,medium,200.0,45,500,11.5553,19.7203,0.028676,0.031865,44.6665,0.0120,0.067284,0.029403,369
sw-medium-2p6d-kv200-s47,splitwise,2,6,500,medium,200.0,47,500,11.6850,19.5836,0.028774,0.031893,48.0572,0.0160,0.073344,0.032051,315
sw-medium-2p6d-kv200-s46,splitwise,2,6,500,medium,200.0,46,500,12.3841,21.0447,0.028377,0.032396,57.8449,0.0040,0.091592,0.040026,351
sw-medium-2p6d-kv200-s48,splitwise,2,6,500,medium,200.0,48,500,12.1756,19.6188,0.028627,0.032045,53.7832,0.0180,0.083654,0.036557,354
sw-medium-2p6d-kv200-s49,splitwise,2,6,500,medium,200.0,49,500,12.5401,20.8805,0.029281,0.031732,42.3866,0.0120,0.060661,0.026509,343
sw-medium-2p6d-kv200-s50,splitwise,2,6,500,medium,200.0,50,500,12.1891,19.8151,0.028887,0.032305,57.6269,0.0220,0.091402,0.039943,290
sw-medium-2p6d-kv200-s51,splitwise,2,6,500,medium,200.0,51,500,11.7430,19.5728,0.026926,0.031796,81.7155,0.0140,0.139959,0.061162,362
sw-medium-2p6d-kv200-s52,splitwise,2,6,500,medium,200.0,52,500,12.3739,20.2735,0.027350,0.031937,68.8409,0.0160,0.112964,0.049365,343
sw-medium-2p6d-kv200-s53,splitwise,2,6,500,medium,200.0,53,500,12.7342,21.0949,0.028776,0.032403,41.3540,0.0100,0.058230,0.025447,386
sw-medium-2p6d-kv200-s54,splitwise,2,6,500,medium,200.0,54,500,11.8267,19.5770,0.028354,0.031805,46.1761,0.0140,0.069028,0.030165,326
sw-medium-2p6d-kv200-s55,splitwise,2,6,500,medium,200.0,55,500,13.2404,22.0256,0.029445,0.032011,44.0103,0.0060,0.062213,0.027187,443
sw-medium-2p6d-kv200-s56,splitwise,2,6,500,medium,200.0,56,500,12.5090,20.3563,0.028958,0.032663,68.9685,0.0100,0.113057,0.049406,426
sw-medium-2p6d-kv200-s57,splitwise,2,6,500,medium,200.0,57,500,13.0351,20.7661,0.028496,0.031771,73.8986,0.0160,0.121987,0.053308,389
sw-medium-2p6d-kv200-s58,splitwise,2,6,500,medium,200.0,58,500,12.2017,20.4281,0.028177,0.031914,52.1673,0.0120,0.080643,0.035241,283
sw-medium-2p6d-kv200-s60,splitwise,2,6,500,medium,200.0,60,500,12.5147,20.0972,0.028463,0.032281,68.4492,0.0200,0.112194,0.049029,385
sw-medium-2p6d-kv200-s61,splitwise,2,6,500,medium,200.0,61,500,12.6563,21.0631,0.028046,0.031871,65.4632,0.0080,0.106022,0.046332,378
sw-medium-2p6d-kv200-s59,splitwise,2,6,500,medium,200.0,59,500,11.9662,20.4066,0.028818,0.032517,65.2000,0.0200,0.106360,0.046480,448
sw-medium-3p5d-kv200-s42,splitwise,3,5,500,medium,200.0,42,500,6.9465,12.9216,0.027811,0.034173,120.1519,0.0260,0.224574,0.098139,263
sw-medium-3p5d-kv200-s43,splitwise,3,5,500,medium,200.0,43,500,7.4683,12.5152,0.024518,0.030033,176.7415,0.0300,0.335769,0.146731,284
sw-medium-3p5d-kv200-s44,splitwise,3,5,500,medium,200.0,44,500,6.6190,11.7675,0.024390,0.030030,115.1505,0.0440,0.215301,0.094086,305
sw-medium-3p5d-kv200-s45,splitwise,3,5,500,medium,200.0,45,500,5.8878,12.0642,0.028275,0.033404,105.2679,0.0320,0.197138,0.086149,339
sw-medium-3p5d-kv200-s46,splitwise,3,5,500,medium,200.0,46,500,6.8217,13.1060,0.027892,0.033687,104.3587,0.0180,0.193500,0.084560,297
sw-medium-3p5d-kv200-s47,splitwise,3,5,500,medium,200.0,47,500,6.4216,11.2519,0.027866,0.032998,98.4416,0.0360,0.182532,0.079766,356
sw-medium-3p5d-kv200-s48,splitwise,3,5,500,medium,200.0,48,500,6.6865,11.2655,0.025369,0.029969,139.9407,0.0360,0.264328,0.115511,384
sw-medium-3p5d-kv200-s49,splitwise,3,5,500,medium,200.0,49,500,7.1870,12.2656,0.028190,0.033801,80.2106,0.0320,0.144843,0.063296,341
sw-medium-3p5d-kv200-s50,splitwise,3,5,500,medium,200.0,50,500,6.9839,12.0318,0.023681,0.026634,153.8618,0.0420,0.291376,0.127331,247
sw-medium-3p5d-kv200-s51,splitwise,3,5,500,medium,200.0,51,500,6.3938,11.8515,0.026707,0.033571,123.8891,0.0280,0.233066,0.101850,319
sw-medium-3p5d-kv200-s52,splitwise,3,5,500,medium,200.0,52,500,6.8416,12.5898,0.027907,0.032577,85.5215,0.0460,0.156079,0.068207,362
sw-medium-3p5d-kv200-s53,splitwise,3,5,500,medium,200.0,53,500,7.0134,12.7118,0.028505,0.034004,90.2472,0.0200,0.165104,0.072150,371
sw-medium-3p5d-kv200-s54,splitwise,3,5,500,medium,200.0,54,500,6.4570,11.6782,0.027522,0.033092,93.5565,0.0340,0.172775,0.075503,318
sw-medium-3p5d-kv200-s55,splitwise,3,5,500,medium,200.0,55,500,7.8643,13.1333,0.028272,0.034051,88.9606,0.0200,0.160859,0.070295,334
sw-medium-3p5d-kv200-s56,splitwise,3,5,500,medium,200.0,56,500,6.9678,12.7873,0.027847,0.033699,114.0142,0.0320,0.212358,0.092801,399
sw-medium-3p5d-kv200-s57,splitwise,3,5,500,medium,200.0,57,500,7.6788,13.4700,0.024698,0.029935,176.8743,0.0300,0.335635,0.146672,374
sw-medium-3p5d-kv200-s58,splitwise,3,5,500,medium,200.0,58,500,6.7237,11.8820,0.027629,0.032433,102.1142,0.0240,0.189226,0.082692,314
sw-medium-3p5d-kv200-s59,splitwise,3,5,500,medium,200.0,59,500,6.5612,12.4454,0.027966,0.034230,117.2820,0.0400,0.219615,0.095972,305
sw-medium-3p5d-kv200-s60,splitwise,3,5,500,medium,200.0,60,500,6.8636,12.0979,0.026617,0.034133,126.1420,0.0340,0.236623,0.103404,322
sw-medium-3p5d-kv200-s61,splitwise,3,5,500,medium,200.0,61,500,7.0742,11.7706,0.025399,0.030373,117.6755,0.0360,0.219405,0.095880,351
sw-medium-4p4d-kv200-s42,splitwise,4,4,500,medium,200.0,42,500,3.5351,8.3743,0.025527,0.032676,233.8379,0.0680,0.456807,0.199625,288
sw-medium-4p4d-kv200-s43,splitwise,4,4,500,medium,200.0,43,500,4.1457,7.8494,0.023511,0.028192,250.0660,0.0480,0.487785,0.213162,339
sw-medium-4p4d-kv200-s45,splitwise,4,4,500,medium,200.0,45,500,2.8101,7.7726,0.026135,0.032925,205.5445,0.1360,0.402125,0.175729,366
sw-medium-4p4d-kv200-s44,splitwise,4,4,500,medium,200.0,44,500,3.2275,6.7944,0.022906,0.023510,246.9907,0.0860,0.483506,0.211292,414
sw-medium-4p4d-kv200-s46,splitwise,4,4,500,medium,200.0,46,500,3.1623,6.1355,0.026504,0.035061,195.1024,0.0400,0.380715,0.166372,267
sw-medium-4p4d-kv200-s47,splitwise,4,4,500,medium,200.0,47,500,3.1191,6.6126,0.025848,0.032145,178.6545,0.0960,0.348176,0.152153,341
sw-medium-4p4d-kv200-s48,splitwise,4,4,500,medium,200.0,48,500,3.3887,7.0071,0.024167,0.029035,248.3453,0.0640,0.485873,0.212327,325
sw-medium-4p4d-kv200-s49,splitwise,4,4,500,medium,200.0,49,500,3.7635,7.4546,0.025525,0.032092,225.4502,0.0620,0.439717,0.192156,367
sw-medium-4p4d-kv200-s50,splitwise,4,4,500,medium,200.0,50,500,3.5936,6.6330,0.022899,0.023479,265.2871,0.0580,0.519071,0.226834,286
sw-medium-4p4d-kv200-s51,splitwise,4,4,500,medium,200.0,51,500,2.8992,6.0022,0.028410,0.036275,146.3767,0.1000,0.284589,0.124365,283
sw-medium-4p4d-kv200-s52,splitwise,4,4,500,medium,200.0,52,500,3.4638,7.8063,0.023610,0.026431,172.8467,0.0700,0.335972,0.146820,258
sw-medium-4p4d-kv200-s53,splitwise,4,4,500,medium,200.0,53,500,3.5067,7.9851,0.026357,0.033269,168.7712,0.0340,0.327803,0.143250,303
sw-medium-4p4d-kv200-s54,splitwise,4,4,500,medium,200.0,54,500,3.0189,6.5725,0.024903,0.029802,153.6291,0.0780,0.298736,0.130548,300
sw-medium-4p4d-kv200-s55,splitwise,4,4,500,medium,200.0,55,500,4.3351,8.1920,0.026008,0.032585,175.1828,0.0400,0.338878,0.148089,302
sw-medium-4p4d-kv200-s56,splitwise,4,4,500,medium,200.0,56,500,3.4350,8.3152,0.025891,0.031828,197.1781,0.0560,0.384291,0.167935,310
sw-medium-4p4d-kv200-s57,splitwise,4,4,500,medium,200.0,57,500,4.2514,9.2918,0.023673,0.028673,238.2436,0.0520,0.464125,0.202823,322
sw-medium-4p4d-kv200-s58,splitwise,4,4,500,medium,200.0,58,500,3.3512,7.2163,0.024742,0.030321,217.3843,0.0460,0.424536,0.185522,288
sw-medium-4p4d-kv200-s59,splitwise,4,4,500,medium,200.0,59,500,3.0692,6.4647,0.024531,0.030104,257.4498,0.1040,0.504566,0.220495,391
sw-medium-4p4d-kv200-s60,splitwise,4,4,500,medium,200.0,60,500,3.2502,6.6462,0.023029,0.025338,222.2142,0.0680,0.434317,0.189796,366
sw-medium-4p4d-kv200-s61,splitwise,4,4,500,medium,200.0,61,500,3.6468,7.3095,0.023565,0.027642,257.0536,0.0720,0.502634,0.219651,320
sw-medium-5p3d-kv200-s42,splitwise,5,3,500,medium,200.0,42,500,1.3043,3.1247,0.022982,0.026128,517.8381,0.1780,1.024548,0.447728,261
sw-medium-5p3d-kv200-s43,splitwise,5,3,500,medium,200.0,43,500,2.0071,4.4088,0.022933,0.023585,284.8123,0.0780,0.560946,0.245133,356
sw-medium-5p3d-kv200-s44,splitwise,5,3,500,medium,200.0,44,500,1.1921,3.0707,0.022909,0.023573,336.1169,0.1880,0.664326,0.290310,338
sw-medium-5p3d-kv200-s45,splitwise,5,3,500,medium,200.0,45,500,1.4573,5.4107,0.023432,0.025695,272.2809,0.2180,0.537180,0.234748,331
sw-medium-5p3d-kv200-s46,splitwise,5,3,500,medium,200.0,46,500,1.1126,2.7603,0.024430,0.032054,404.4228,0.2500,0.799969,0.349586,271
sw-medium-5p3d-kv200-s48,splitwise,5,3,500,medium,200.0,48,500,1.6677,4.4473,0.022894,0.023556,360.2408,0.1600,0.711232,0.310809,307
sw-medium-5p3d-kv200-s47,splitwise,5,3,500,medium,200.0,47,500,1.6856,4.0668,0.024611,0.030313,260.4359,0.1520,0.513233,0.224283,329
sw-medium-5p3d-kv200-s49,splitwise,5,3,500,medium,200.0,49,500,1.6938,3.5200,0.023349,0.026594,307.2239,0.1180,0.606021,0.264831,380
sw-medium-5p3d-kv200-s50,splitwise,5,3,500,medium,200.0,50,500,1.6004,3.8442,0.023077,0.024282,273.6170,0.1060,0.539547,0.235782,309
sw-medium-5p3d-kv200-s51,splitwise,5,3,500,medium,200.0,51,500,1.5931,4.5191,0.023193,0.025430,331.5537,0.1780,0.654479,0.286007,334
sw-medium-5p3d-kv200-s52,splitwise,5,3,500,medium,200.0,52,500,1.3365,3.5435,0.022907,0.023521,330.7844,0.2020,0.653462,0.285563,317
sw-medium-5p3d-kv200-s53,splitwise,5,3,500,medium,200.0,53,500,1.5606,5.0903,0.023824,0.028206,275.5333,0.1940,0.543427,0.237477,320
sw-medium-5p3d-kv200-s54,splitwise,5,3,500,medium,200.0,54,500,1.2716,2.5071,0.023047,0.025491,324.2284,0.1120,0.640587,0.279937,269
sw-medium-5p3d-kv200-s55,splitwise,5,3,500,medium,200.0,55,500,2.1315,4.1679,0.024578,0.030301,365.4622,0.0740,0.720669,0.314932,376
sw-medium-5p3d-kv200-s56,splitwise,5,3,500,medium,200.0,56,500,1.3324,3.1769,0.023271,0.026660,414.6839,0.2000,0.819886,0.358290,365
sw-medium-5p3d-kv200-s57,splitwise,5,3,500,medium,200.0,57,500,2.0521,4.4742,0.022931,0.023636,318.3154,0.1020,0.627311,0.274135,322
sw-medium-5p3d-kv200-s58,splitwise,5,3,500,medium,200.0,58,500,1.8005,4.3445,0.023759,0.028496,343.1035,0.1860,0.676977,0.295839,281
sw-medium-5p3d-kv200-s59,splitwise,5,3,500,medium,200.0,59,500,1.4151,3.9952,0.022970,0.023835,329.2004,0.1960,0.650164,0.284122,291
sw-medium-5p3d-kv200-s60,splitwise,5,3,500,medium,200.0,60,500,1.0970,2.3280,0.022923,0.023776,330.2770,0.1720,0.652931,0.285331,303
sw-medium-5p3d-kv200-s61,splitwise,5,3,500,medium,200.0,61,500,1.7532,4.4538,0.023262,0.025635,282.9589,0.1500,0.557773,0.243747,343
sw-medium-6p2d-kv200-s42,splitwise,6,2,500,medium,200.0,42,500,1.0253,3.4740,0.023922,0.025399,356.6677,0.2600,0.705419,0.308268,264
sw-medium-6p2d-kv200-s44,splitwise,6,2,500,medium,200.0,44,500,1.0599,6.2786,0.023254,0.024343,427.8699,0.4060,0.846581,0.369956,340
sw-medium-6p2d-kv200-s43,splitwise,6,2,500,medium,200.0,43,500,1.1394,2.9099,0.023483,0.024885,429.2483,0.2260,0.849157,0.371082,366
sw-medium-6p2d-kv200-s45,splitwise,6,2,500,medium,200.0,45,500,1.6359,6.9572,0.023497,0.025933,435.5305,0.2320,0.860633,0.376097,330
sw-medium-6p2d-kv200-s46,splitwise,6,2,500,medium,200.0,46,500,0.9176,3.2916,0.024358,0.026830,304.5739,0.1940,0.602304,0.263207,289
sw-medium-6p2d-kv200-s48,splitwise,6,2,500,medium,200.0,48,500,1.9220,7.4295,0.023364,0.025026,446.5602,0.3240,0.881943,0.385409,265
sw-medium-6p2d-kv200-s47,splitwise,6,2,500,medium,200.0,47,500,1.1415,2.3429,0.024564,0.026634,325.6184,0.1660,0.643602,0.281254,318
sw-medium-6p2d-kv200-s49,splitwise,6,2,500,medium,200.0,49,500,1.2241,5.7753,0.022938,0.023882,463.6638,0.3540,0.917252,0.400839,323
sw-medium-6p2d-kv200-s50,splitwise,6,2,500,medium,200.0,50,500,0.9614,4.0055,0.023158,0.024777,435.1818,0.3780,0.861279,0.376379,264
sw-medium-6p2d-kv200-s51,splitwise,6,2,500,medium,200.0,51,500,1.0557,1.9225,0.024717,0.027789,293.3313,0.1620,0.579731,0.253342,276
sw-medium-6p2d-kv200-s52,splitwise,6,2,500,medium,200.0,52,500,1.7146,6.4942,0.023526,0.025075,431.3579,0.2300,0.852201,0.372412,306
sw-medium-6p2d-kv200-s53,splitwise,6,2,500,medium,200.0,53,500,1.4800,3.6467,0.023552,0.025591,388.7824,0.2420,0.768217,0.335711,306
sw-medium-6p2d-kv200-s54,splitwise,6,2,500,medium,200.0,54,500,1.8273,6.9185,0.023072,0.024201,546.3204,0.3860,1.080006,0.471963,286
sw-medium-6p2d-kv200-s55,splitwise,6,2,500,medium,200.0,55,500,1.2863,9.1612,0.023055,0.026048,770.9124,0.2740,1.526559,0.667106,321
sw-medium-6p2d-kv200-s56,splitwise,6,2,500,medium,200.0,56,500,1.0982,4.6892,0.023882,0.025800,371.3573,0.3560,0.734412,0.320938,331
sw-medium-6p2d-kv200-s57,splitwise,6,2,500,medium,200.0,57,500,1.1702,4.9177,0.023035,0.024081,456.4299,0.2880,0.903011,0.394616,336
sw-medium-6p2d-kv200-s58,splitwise,6,2,500,medium,200.0,58,500,0.9627,1.8362,0.024741,0.027184,363.3027,0.1500,0.718704,0.314074,353
sw-medium-6p2d-kv200-s59,splitwise,6,2,500,medium,200.0,59,500,0.8995,2.0065,0.024109,0.026399,365.5009,0.2820,0.723190,0.316034,285
sw-medium-6p2d-kv200-s60,splitwise,6,2,500,medium,200.0,60,500,1.2860,5.6911,0.023341,0.024739,480.6563,0.2560,0.950834,0.415515,304
sw-medium-6p2d-kv200-s61,splitwise,6,2,500,medium,200.0,61,500,1.3254,2.6275,0.024947,0.027976,268.0736,0.1200,0.529097,0.231215,334
sw-medium-1p7d-kv400-s42,splitwise,1,7,500,medium,400.0,42,500,27.1307,47.8314,0.028423,0.030930,52.7597,0.0020,0.071341,0.031176,265
sw-medium-1p7d-kv400-s43,splitwise,1,7,500,medium,400.0,43,500,27.5198,48.6815,0.028610,0.031013,48.0702,0.0060,0.060616,0.026489,239
sw-medium-1p7d-kv400-s44,splitwise,1,7,500,medium,400.0,44,500,26.9661,48.0547,0.028417,0.030704,25.6350,0.0080,0.019692,0.008605,266
sw-medium-1p7d-kv400-s45,splitwise,1,7,500,medium,400.0,45,500,25.8453,46.0741,0.028468,0.030794,25.1568,0.0020,0.019463,0.008505,252
sw-medium-1p7d-kv400-s46,splitwise,1,7,500,medium,400.0,46,500,26.9294,47.9622,0.028619,0.030787,26.1569,0.0020,0.019628,0.008578,306
sw-medium-1p7d-kv400-s47,splitwise,1,7,500,medium,400.0,47,500,25.6620,45.6196,0.029013,0.030697,23.2012,0.0020,0.014999,0.006554,302
sw-medium-1p7d-kv400-s48,splitwise,1,7,500,medium,400.0,48,500,26.5441,47.2887,0.028511,0.030476,25.6715,0.0020,0.018444,0.008060,271
sw-medium-1p7d-kv400-s49,splitwise,1,7,500,medium,400.0,49,500,26.9962,48.1386,0.029064,0.030782,21.5207,0.0020,0.011068,0.004837,342
sw-medium-1p7d-kv400-s50,splitwise,1,7,500,medium,400.0,50,500,26.6134,47.0949,0.028525,0.030872,28.3336,0.0080,0.024590,0.010746,302
sw-medium-1p7d-kv400-s52,splitwise,1,7,500,medium,400.0,52,500,26.9786,49.2715,0.029133,0.030961,21.6247,0.0020,0.009873,0.004314,276
sw-medium-1p7d-kv400-s51,splitwise,1,7,500,medium,400.0,51,500,25.9191,46.0813,0.028226,0.030517,27.2463,0.0020,0.023169,0.010125,282
sw-medium-1p7d-kv400-s53,splitwise,1,7,500,medium,400.0,53,500,27.6074,49.3598,0.029091,0.031047,19.9814,0.0020,0.008034,0.003511,319
sw-medium-1p7d-kv400-s54,splitwise,1,7,500,medium,400.0,54,500,25.9833,45.8143,0.028795,0.030717,19.7845,0.0020,0.008286,0.003621,321
sw-medium-1p7d-kv400-s55,splitwise,1,7,500,medium,400.0,55,500,28.2596,49.5906,0.029503,0.030869,21.7984,0.0020,0.009480,0.004143,246
sw-medium-1p7d-kv400-s56,splitwise,1,7,500,medium,400.0,56,500,27.1882,48.6725,0.028316,0.030987,40.8313,0.0020,0.047385,0.020707,285
sw-medium-1p7d-kv400-s57,splitwise,1,7,500,medium,400.0,57,500,27.7918,49.4192,0.028556,0.031234,39.9913,0.0060,0.044856,0.019602,315
sw-medium-1p7d-kv400-s58,splitwise,1,7,500,medium,400.0,58,500,26.5905,47.8535,0.028884,0.031237,19.6406,0.0020,0.008130,0.003553,322
sw-medium-1p7d-kv400-s60,splitwise,1,7,500,medium,400.0,60,500,27.7350,48.6534,0.028407,0.031384,41.6605,0.0060,0.049236,0.021516,234
sw-medium-1p7d-kv400-s59,splitwise,1,7,500,medium,400.0,59,500,26.4659,47.1875,0.028664,0.031016,44.5227,0.0120,0.054227,0.023697,270
sw-medium-1p7d-kv400-s61,splitwise,1,7,500,medium,400.0,61,500,27.4986,49.4430,0.028529,0.030995,23.5395,0.0020,0.014971,0.006542,307
sw-medium-2p6d-kv400-s42,splitwise,2,6,500,medium,400.0,42,500,12.6244,21.0187,0.028778,0.031957,72.0563,0.0080,0.119181,0.052082,354
sw-medium-2p6d-kv400-s43,splitwise,2,6,500,medium,400.0,43,500,12.8446,20.8445,0.028299,0.032216,75.6234,0.0140,0.125931,0.055032,275
sw-medium-2p6d-kv400-s44,splitwise,2,6,500,medium,400.0,44,500,12.2460,20.4208,0.026522,0.031634,46.8912,0.0220,0.070045,0.030610,286
sw-medium-2p6d-kv400-s45,splitwise,2,6,500,medium,400.0,45,500,11.5553,19.7203,0.028676,0.031865,44.6663,0.0120,0.067284,0.029403,327
sw-medium-2p6d-kv400-s46,splitwise,2,6,500,medium,400.0,46,500,12.3841,21.0447,0.028378,0.032396,57.0071,0.0040,0.089930,0.039300,352
sw-medium-2p6d-kv400-s48,splitwise,2,6,500,medium,400.0,48,500,12.1756,19.6188,0.028628,0.032045,53.6890,0.0180,0.083467,0.036475,390
sw-medium-2p6d-kv400-s47,splitwise,2,6,500,medium,400.0,47,500,11.6850,19.5836,0.028774,0.031893,48.0570,0.0160,0.073344,0.032051,425
sw-medium-2p6d-kv400-s49,splitwise,2,6,500,medium,400.0,49,500,12.5401,20.8805,0.029281,0.031732,42.3864,0.0120,0.060660,0.026509,324
sw-medium-2p6d-kv400-s50,splitwise,2,6,500,medium,400.0,50,500,12.1891,19.8151,0.028888,0.032305,57.3974,0.0220,0.090947,0.039744,403
sw-medium-2p6d-kv400-s52,splitwise,2,6,500,medium,400.0,52,500,12.3785,20.2828,0.027446,0.031937,68.0832,0.0140,0.111440,0.048699,278
sw-medium-2p6d-kv400-s51,splitwise,2,6,500,medium,400.0,51,500,11.7430,19.5728,0.026926,0.031796,81.7152,0.0140,0.139959,0.061162,300
sw-medium-2p6d-kv400-s53,splitwise,2,6,500,medium,400.0,53,500,12.7342,21.0949,0.028794,0.032403,40.0104,0.0100,0.055560,0.024280,406
sw-medium-2p6d-kv400-s54,splitwise,2,6,500,medium,400.0,54,500,11.8267,19.5770,0.028355,0.031805,46.0134,0.0140,0.068706,0.030024,301
sw-medium-2p6d-kv400-s55,splitwise,2,6,500,medium,400.0,55,500,13.2404,22.0256,0.029445,0.032011,42.9872,0.0060,0.060184,0.026300,363
sw-medium-2p6d-kv400-s56,splitwise,2,6,500,medium,400.0,56,500,12.5090,20.3563,0.028959,0.032663,68.4208,0.0100,0.111971,0.048931,375
sw-medium-2p6d-kv400-s57,splitwise,2,6,500,medium,400.0,57,500,13.0351,20.7661,0.028497,0.031771,72.4876,0.0160,0.119188,0.052085,414
sw-medium-2p6d-kv400-s58,splitwise,2,6,500,medium,400.0,58,500,12.2017,20.4281,0.028177,0.031914,52.1671,0.0120,0.080643,0.035241,305
sw-medium-2p6d-kv400-s60,splitwise,2,6,500,medium,400.0,60,500,12.5147,20.0972,0.028464,0.032281,68.0754,0.0200,0.111453,0.048705,322
sw-medium-2p6d-kv400-s59,splitwise,2,6,500,medium,400.0,59,500,11.9662,20.4066,0.028819,0.032517,64.9120,0.0200,0.105789,0.046230,351
sw-medium-3p5d-kv400-s42,splitwise,3,5,500,medium,400.0,42,500,6.9465,12.9216,0.027813,0.034173,117.8732,0.0260,0.220054,0.096164,300
sw-medium-2p6d-kv400-s61,splitwise,2,6,500,medium,400.0,61,500,12.6563,21.0631,0.028046,0.031871,65.1773,0.0080,0.105455,0.046084,355
sw-medium-3p5d-kv400-s43,splitwise,3,5,500,medium,400.0,43,500,7.4681,12.5152,0.026272,0.033636,194.2993,0.0300,0.370590,0.161948,293
sw-medium-3p5d-kv400-s44,splitwise,3,5,500,medium,400.0,44,500,6.6190,11.7675,0.024594,0.030209,131.9650,0.0440,0.248652,0.108661,281
sw-medium-3p5d-kv400-s46,splitwise,3,5,500,medium,400.0,46,500,6.8217,13.1060,0.027894,0.033687,102.3824,0.0180,0.189580,0.082846,293
sw-medium-3p5d-kv400-s45,splitwise,3,5,500,medium,400.0,45,500,5.8878,12.0642,0.028275,0.033404,105.2676,0.0320,0.197138,0.086149,331
sw-medium-3p5d-kv400-s47,splitwise,3,5,500,medium,400.0,47,500,6.4216,11.2519,0.027868,0.032998,94.9366,0.0360,0.175580,0.076728,315
sw-medium-3p5d-kv400-s48,splitwise,3,5,500,medium,400.0,48,500,6.6865,11.2655,0.025476,0.029969,172.9821,0.0360,0.329866,0.144151,345
sw-medium-3p5d-kv400-s50,splitwise,3,5,500,medium,400.0,50,500,6.9839,12.0318,0.023868,0.026634,161.2004,0.0420,0.305932,0.133692,331
sw-medium-3p5d-kv400-s49,splitwise,3,5,500,medium,400.0,49,500,7.1870,12.2656,0.028191,0.033801,79.5000,0.0320,0.143433,0.062680,330
sw-medium-3p5d-kv400-s51,splitwise,3,5,500,medium,400.0,51,500,6.3938,11.8515,0.026707,0.033571,123.8888,0.0280,0.233066,0.101850,238
sw-medium-3p5d-kv400-s52,splitwise,3,5,500,medium,400.0,52,500,6.8477,12.5990,0.027866,0.032582,85.8823,0.0420,0.156782,0.068514,295
sw-medium-3p5d-kv400-s53,splitwise,3,5,500,medium,400.0,53,500,7.0134,12.7118,0.028507,0.034004,88.9106,0.0200,0.162453,0.070992,300
sw-medium-3p5d-kv400-s54,splitwise,3,5,500,medium,400.0,54,500,6.4570,11.6782,0.027535,0.033092,91.5600,0.0340,0.168815,0.073772,342
sw-medium-3p5d-kv400-s55,splitwise,3,5,500,medium,400.0,55,500,7.8643,13.1333,0.028275,0.034051,87.4356,0.0200,0.157834,0.068974,269
sw-medium-3p5d-kv400-s56,splitwise,3,5,500,medium,400.0,56,500,6.9678,12.7873,0.027851,0.033699,112.3743,0.0320,0.209106,0.091379,372
sw-medium-3p5d-kv400-s57,splitwise,3,5,500,medium,400.0,57,500,7.6788,13.4700,0.024839,0.029935,191.6860,0.0300,0.365014,0.159511,312
sw-medium-3p5d-kv400-s58,splitwise,3,5,500,medium,400.0,58,500,6.7237,11.8820,0.027631,0.032433,101.5286,0.0240,0.188065,0.082184,324
sw-medium-3p5d-kv400-s59,splitwise,3,5,500,medium,400.0,59,500,6.5612,12.4454,0.027968,0.034230,115.9817,0.0400,0.217036,0.094845,275
sw-medium-3p5d-kv400-s60,splitwise,3,5,500,medium,400.0,60,500,6.8636,12.0979,0.026840,0.034133,110.6230,0.0340,0.205841,0.089953,292
sw-medium-3p5d-kv400-s61,splitwise,3,5,500,medium,400.0,61,500,7.0742,11.7706,0.025494,0.030373,163.3817,0.0360,0.310064,0.135498,366
sw-medium-4p4d-kv400-s42,splitwise,4,4,500,medium,400.0,42,500,3.5351,8.3743,0.025597,0.032676,228.5829,0.0680,0.446384,0.195070,338
sw-medium-4p4d-kv400-s43,splitwise,4,4,500,medium,400.0,43,500,4.1442,7.8494,0.023754,0.028192,207.4777,0.0480,0.403313,0.176248,253
sw-medium-4p4d-kv400-s44,splitwise,4,4,500,medium,400.0,44,500,3.2275,6.7944,0.023183,0.023950,191.6173,0.0860,0.373673,0.163295,275
sw-medium-4p4d-kv400-s45,splitwise,4,4,500,medium,400.0,45,500,2.8101,7.7726,0.026178,0.032925,210.0803,0.1360,0.411122,0.179660,290
sw-medium-4p4d-kv400-s46,splitwise,4,4,500,medium,400.0,46,500,3.1623,6.1355,0.026507,0.035061,192.8934,0.0400,0.376333,0.164458,321
sw-medium-4p4d-kv400-s47,splitwise,4,4,500,medium,400.0,47,500,3.1191,6.6126,0.025935,0.032145,186.0222,0.0960,0.362790,0.158539,284
sw-medium-4p4d-kv400-s48,splitwise,4,4,500,medium,400.0,48,500,3.3887,7.0071,0.024300,0.029035,240.4735,0.0640,0.470259,0.205503,270
sw-medium-4p4d-kv400-s49,splitwise,4,4,500,medium,400.0,49,500,3.7635,7.4546,0.025600,0.032092,235.7185,0.0620,0.460084,0.201057,327
sw-medium-4p4d-kv400-s50,splitwise,4,4,500,medium,400.0,50,500,3.5936,6.6330,0.023185,0.024071,181.1576,0.0580,0.352199,0.153911,313
sw-medium-4p4d-kv400-s51,splitwise,4,4,500,medium,400.0,51,500,2.8992,6.0022,0.028411,0.036275,144.7118,0.1000,0.281286,0.122922,272
sw-medium-4p4d-kv400-s52,splitwise,4,4,500,medium,400.0,52,500,3.4640,7.8063,0.023825,0.026431,153.7217,0.0700,0.298037,0.130242,265
sw-medium-4p4d-kv400-s53,splitwise,4,4,500,medium,400.0,53,500,3.5067,7.9851,0.026384,0.033269,163.1353,0.0340,0.316624,0.138365,292
sw-medium-4p4d-kv400-s54,splitwise,4,4,500,medium,400.0,54,500,3.0189,6.5725,0.025022,0.029802,151.2574,0.0780,0.294032,0.128492,370
sw-medium-4p4d-kv400-s55,splitwise,4,4,500,medium,400.0,55,500,4.3351,8.1920,0.026103,0.032585,161.1839,0.0400,0.311111,0.135955,321
sw-medium-4p4d-kv400-s56,splitwise,4,4,500,medium,400.0,56,500,3.4350,8.3152,0.025966,0.031828,202.0422,0.0560,0.393939,0.172151,282
sw-medium-4p4d-kv400-s57,splitwise,4,4,500,medium,400.0,57,500,4.2514,9.2918,0.023875,0.028673,216.2472,0.0520,0.420495,0.183756,480
sw-medium-4p4d-kv400-s58,splitwise,4,4,500,medium,400.0,58,500,3.3512,7.2163,0.024817,0.030321,203.4950,0.0460,0.396987,0.173483,487
sw-medium-4p4d-kv400-s59,splitwise,4,4,500,medium,400.0,59,500,3.0692,6.4647,0.024656,0.030104,247.4675,0.1040,0.484766,0.211843,362
sw-medium-4p4d-kv400-s60,splitwise,4,4,500,medium,400.0,60,500,3.2502,6.6462,0.023312,0.025338,170.5456,0.0680,0.331832,0.145010,262
sw-medium-4p4d-kv400-s61,splitwise,4,4,500,medium,400.0,61,500,3.6468,7.3095,0.023718,0.027642,226.2285,0.0720,0.441492,0.192932,319
sw-medium-5p3d-kv400-s42,splitwise,5,3,500,medium,400.0,42,500,1.3043,3.1247,0.023156,0.026128,463.0979,0.1780,0.915971,0.400279,293
sw-medium-5p3d-kv400-s43,splitwise,5,3,500,medium,400.0,43,500,2.0089,4.4088,0.023261,0.023966,181.7658,0.0780,0.356549,0.155812,302
sw-medium-5p3d-kv400-s44,splitwise,5,3,500,medium,400.0,44,500,1.1921,3.0707,0.023197,0.024018,237.2326,0.1880,0.468188,0.204598,271
sw-medium-5p3d-kv400-s45,splitwise,5,3,500,medium,400.0,45,500,1.4573,5.4107,0.024155,0.026949,242.7803,0.2180,0.478666,0.209177,285
sw-medium-5p3d-kv400-s46,splitwise,5,3,500,medium,400.0,46,500,1.1126,2.7603,0.024443,0.032054,386.3621,0.2500,0.764145,0.333931,328
sw-medium-5p3d-kv400-s47,splitwise,5,3,500,medium,400.0,47,500,1.6856,4.0668,0.024901,0.030313,207.0271,0.1520,0.407296,0.177988,424
sw-medium-5p3d-kv400-s48,splitwise,5,3,500,medium,400.0,48,500,1.6735,4.4473,0.023155,0.023812,259.9832,0.1600,0.512359,0.223901,377
sw-medium-5p3d-kv400-s49,splitwise,5,3,500,medium,400.0,49,500,1.6938,3.5200,0.023560,0.026594,263.4644,0.1180,0.519224,0.226901,368
sw-medium-5p3d-kv400-s50,splitwise,5,3,500,medium,400.0,50,500,1.6004,3.8442,0.023493,0.024855,203.2473,0.1060,0.399968,0.174786,294
sw-medium-5p3d-kv400-s52,splitwise,5,3,500,medium,400.0,52,500,1.3353,3.5439,0.023224,0.023942,226.7383,0.2020,0.447088,0.195378,271
sw-medium-5p3d-kv400-s51,splitwise,5,3,500,medium,400.0,51,500,1.5931,4.5191,0.023493,0.025430,269.8704,0.1780,0.532130,0.232541,314
sw-medium-5p3d-kv400-s54,splitwise,5,3,500,medium,400.0,54,500,1.2716,2.5071,0.023324,0.025491,219.1787,0.1120,0.432220,0.188880,259
sw-medium-5p3d-kv400-s53,splitwise,5,3,500,medium,400.0,53,500,1.5606,5.0903,0.024125,0.028206,258.8530,0.1940,0.510341,0.223019,336
sw-medium-5p3d-kv400-s56,splitwise,5,3,500,medium,400.0,56,500,1.3324,3.1769,0.023453,0.026660,368.8422,0.2000,0.728958,0.318555,325
sw-medium-5p3d-kv400-s55,splitwise,5,3,500,medium,400.0,55,500,2.1315,4.1679,0.024644,0.030301,341.9150,0.0740,0.673963,0.294522,371
sw-medium-5p3d-kv400-s57,splitwise,5,3,500,medium,400.0,57,500,2.0521,4.4742,0.023237,0.024065,223.3106,0.1020,0.438868,0.191785,226
sw-medium-5p3d-kv400-s58,splitwise,5,3,500,medium,400.0,58,500,1.8005,4.3445,0.023923,0.028637,295.6562,0.1860,0.582865,0.254712,298
sw-medium-5p3d-kv400-s59,splitwise,5,3,500,medium,400.0,59,500,1.4151,3.9952,0.023278,0.024793,256.6852,0.1960,0.506330,0.221266,290
sw-medium-5p3d-kv400-s60,splitwise,5,3,500,medium,400.0,60,500,1.0970,2.3280,0.023226,0.024139,231.1742,0.1720,0.456360,0.199429,271
sw-medium-5p3d-kv400-s61,splitwise,5,3,500,medium,400.0,61,500,1.7532,4.4538,0.023494,0.025635,226.6960,0.1500,0.446176,0.194979,306
sw-medium-6p2d-kv400-s42,splitwise,6,2,500,medium,400.0,42,500,1.0263,3.4740,0.025292,0.028287,291.0242,0.2580,0.575213,0.251368,288
sw-medium-6p2d-kv400-s43,splitwise,6,2,500,medium,400.0,43,500,1.1397,2.9099,0.024408,0.026563,295.2136,0.2260,0.583298,0.254901,264
sw-medium-6p2d-kv400-s44,splitwise,6,2,500,medium,400.0,44,500,1.8058,9.2796,0.023577,0.025152,344.9585,0.3660,0.680646,0.297442,287
sw-medium-6p2d-kv400-s45,splitwise,6,2,500,medium,400.0,45,500,1.6359,6.9572,0.024348,0.027491,356.2261,0.2320,0.703332,0.307356,309
sw-medium-6p2d-kv400-s46,splitwise,6,2,500,medium,400.0,46,500,0.9176,3.2916,0.026097,0.029533,276.2079,0.1940,0.546040,0.238620,451
sw-medium-6p2d-kv400-s47,splitwise,6,2,500,medium,400.0,47,500,1.1417,2.3429,0.026553,0.029755,275.7793,0.1660,0.544746,0.238054,391
sw-medium-6p2d-kv400-s48,splitwise,6,2,500,medium,400.0,48,500,1.9220,7.4295,0.024074,0.026519,364.5188,0.3240,0.719213,0.314296,399
sw-medium-6p2d-kv400-s49,splitwise,6,2,500,medium,400.0,49,500,1.2241,5.7753,0.023257,0.024337,329.5721,0.3540,0.651280,0.284610,284
sw-medium-6p2d-kv400-s50,splitwise,6,2,500,medium,400.0,50,500,0.9614,4.0055,0.023670,0.026105,334.7170,0.3780,0.662006,0.289297,331
sw-medium-6p2d-kv400-s51,splitwise,6,2,500,medium,400.0,51,500,1.0557,1.9225,0.026717,0.029262,225.0988,0.1620,0.444391,0.194199,320
sw-medium-6p2d-kv400-s52,splitwise,6,2,500,medium,400.0,52,500,1.7149,6.4942,0.024469,0.027533,339.8869,0.2300,0.670766,0.293125,327
sw-medium-6p2d-kv400-s53,splitwise,6,2,500,medium,400.0,53,500,1.4800,3.6467,0.024460,0.027688,305.9285,0.2420,0.603876,0.263894,293
sw-medium-6p2d-kv400-s54,splitwise,6,2,500,medium,400.0,54,500,1.8272,6.9183,0.023502,0.025535,429.1254,0.3860,0.847549,0.370379,323
sw-medium-6p2d-kv400-s55,splitwise,6,2,500,medium,400.0,55,500,1.2863,9.1612,0.023218,0.026048,695.2000,0.2740,1.376383,0.601479,357
sw-medium-6p2d-kv400-s56,splitwise,6,2,500,medium,400.0,56,500,1.0982,4.6892,0.025140,0.028374,329.1967,0.3560,0.650786,0.284393,364
sw-medium-6p2d-kv400-s57,splitwise,6,2,500,medium,400.0,57,500,1.1702,4.9177,0.023425,0.024655,330.3172,0.2880,0.652865,0.285302,236
sw-medium-6p2d-kv400-s58,splitwise,6,2,500,medium,400.0,58,500,0.9627,1.8362,0.026819,0.029845,289.2061,0.1500,0.571733,0.249847,370
sw-medium-6p2d-kv400-s59,splitwise,6,2,500,medium,400.0,59,500,0.8995,2.0065,0.025606,0.028940,297.4155,0.2820,0.588142,0.257018,385
sw-medium-6p2d-kv400-s60,splitwise,6,2,500,medium,400.0,60,500,1.1953,5.6911,0.024199,0.026870,408.4074,0.3220,0.807708,0.352968,352
sw-medium-6p2d-kv400-s61,splitwise,6,2,500,medium,400.0,61,500,1.5382,3.3963,0.025750,0.029451,273.7354,0.1140,0.539905,0.235938,313
baseline-long-s42,colocated,8,0,500,long,200.0,42,500,15.0289,24.7820,0.047024,0.051973,39.0669,0.0140,0.047679,0.020836,244
baseline-long-s43,colocated,8,0,500,long,200.0,43,500,16.3236,25.7549,0.046624,0.052194,38.7001,0.0060,0.044384,0.019396,206
baseline-long-s44,colocated,8,0,500,long,200.0,44,500,15.6387,26.6775,0.047241,0.052397,38.9386,0.0060,0.046215,0.020196,244
baseline-long-s45,colocated,8,0,500,long,200.0,45,500,12.8927,23.2983,0.045725,0.051972,36.2217,0.0140,0.046273,0.020221,218
baseline-long-s46,colocated,8,0,500,long,200.0,46,500,14.6487,24.7174,0.046373,0.051947,37.9707,0.0120,0.046260,0.020215,225
baseline-long-s47,colocated,8,0,500,long,200.0,47,500,14.2443,25.1265,0.045461,0.051485,36.9710,0.0120,0.045079,0.019699,231
baseline-long-s48,colocated,8,0,500,long,200.0,48,500,16.2929,27.4673,0.046553,0.053146,38.7237,0.0060,0.044492,0.019443,246
baseline-long-s49,colocated,8,0,500,long,200.0,49,500,14.3923,24.0878,0.045783,0.051500,37.6269,0.0060,0.046086,0.020140,224
baseline-long-s50,colocated,8,0,500,long,200.0,50,500,17.0931,30.5484,0.046079,0.051164,39.5565,0.0120,0.044556,0.019471,232
baseline-long-s51,colocated,8,0,500,long,200.0,51,500,14.9366,25.0618,0.046397,0.051160,37.6260,0.0080,0.045005,0.019667,213
baseline-long-s52,colocated,8,0,500,long,200.0,52,500,16.4546,37.7379,0.046281,0.050700,39.6366,0.0080,0.045982,0.020094,234
baseline-long-s53,colocated,8,0,500,long,200.0,53,500,14.3059,24.6530,0.046024,0.051187,37.5558,0.0060,0.046116,0.020153,220
baseline-long-s54,colocated,8,0,500,long,200.0,54,500,13.9417,23.3070,0.045683,0.050838,37.2743,0.0160,0.046280,0.020225,222
baseline-long-s55,colocated,8,0,500,long,200.0,55,500,15.8946,24.8953,0.046514,0.051520,38.7981,0.0080,0.045429,0.019853,224
baseline-long-s56,colocated,8,0,500,long,200.0,56,500,15.1421,25.2100,0.046827,0.052645,38.6257,0.0040,0.046580,0.020355,275
baseline-long-s57,colocated,8,0,500,long,200.0,57,500,17.3538,35.7116,0.045841,0.051670,39.1476,0.0060,0.043228,0.018891,240
baseline-long-s58,colocated,8,0,500,long,200.0,58,500,15.7155,26.1336,0.046797,0.051815,38.6969,0.0080,0.045584,0.019920,233
baseline-long-s59,colocated,8,0,500,long,200.0,59,500,14.1613,25.4165,0.045953,0.051879,37.1681,0.0100,0.045634,0.019942,220
baseline-long-s60,colocated,8,0,500,long,200.0,60,500,14.1648,23.2250,0.046737,0.052179,38.2374,0.0020,0.047748,0.020866,237
baseline-long-s61,colocated,8,0,500,long,200.0,61,500,14.1068,23.3214,0.045948,0.050799,37.3437,0.0040,0.046091,0.020142,198
sw-long-1p7d-kv100-s43,splitwise,1,7,500,long,100.0,43,500,125.6700,222.0187,0.044252,0.055051,29.9476,0.0020,0.008603,0.003759,222
sw-long-1p7d-kv100-s42,splitwise,1,7,500,long,100.0,42,500,125.3541,223.4393,0.039821,0.053757,61.3527,0.0020,0.049751,0.021741,268
sw-long-1p7d-kv100-s44,splitwise,1,7,500,long,100.0,44,500,128.6106,224.7516,0.043217,0.056712,49.6262,0.0020,0.039969,0.017467,283
sw-long-1p7d-kv100-s45,splitwise,1,7,500,long,100.0,45,500,118.2774,211.1929,0.039508,0.050414,29.7865,0.0020,0.009834,0.004297,281
sw-long-1p7d-kv100-s47,splitwise,1,7,500,long,100.0,47,500,117.6183,211.0250,0.040738,0.054391,36.8166,0.0000,0.018056,0.007890,240
sw-long-1p7d-kv100-s46,splitwise,1,7,500,long,100.0,46,500,123.1675,218.1979,0.043416,0.055005,32.6624,0.0020,0.013758,0.006012,284
sw-long-1p7d-kv100-s48,splitwise,1,7,500,long,100.0,48,500,125.0211,222.0413,0.044304,0.054135,21.5027,0.0000,0.002913,0.001273,311
sw-long-1p7d-kv100-s49,splitwise,1,7,500,long,100.0,49,500,119.5077,214.5668,0.041369,0.053244,27.3263,0.0000,0.006026,0.002633,243
sw-long-1p7d-kv100-s51,splitwise,1,7,500,long,100.0,51,500,122.8631,218.9782,0.038287,0.053291,40.4913,0.0020,0.021383,0.009345,232
sw-long-1p7d-kv100-s50,splitwise,1,7,500,long,100.0,50,500,122.8769,216.3939,0.044361,0.051583,18.7957,0.0000,0.001366,0.000597,310
sw-long-1p7d-kv100-s53,splitwise,1,7,500,long,100.0,53,500,121.3067,216.1572,0.042901,0.055017,34.7750,0.0020,0.017031,0.007443,322
sw-long-1p7d-kv100-s52,splitwise,1,7,500,long,100.0,52,500,121.6668,216.7488,0.039296,0.055411,66.4730,0.0000,0.053667,0.023452,332
sw-long-1p7d-kv100-s54,splitwise,1,7,500,long,100.0,54,500,119.5147,213.0839,0.041870,0.053527,46.5900,0.0020,0.034751,0.015186,310
sw-long-1p7d-kv100-s55,splitwise,1,7,500,long,100.0,55,500,124.9357,220.0152,0.044493,0.055980,31.6012,0.0020,0.011136,0.004866,313
sw-long-1p7d-kv100-s56,splitwise,1,7,500,long,100.0,56,500,124.3745,223.1873,0.040956,0.055806,50.8462,0.0020,0.035365,0.015454,297
sw-long-1p7d-kv100-s57,splitwise,1,7,500,long,100.0,57,500,121.3545,216.3699,0.042731,0.054344,31.7718,0.0020,0.012778,0.005584,308
sw-long-1p7d-kv100-s58,splitwise,1,7,500,long,100.0,58,500,125.7685,222.7715,0.043705,0.054051,22.3786,0.0000,0.002707,0.001183,257
sw-long-1p7d-kv100-s59,splitwise,1,7,500,long,100.0,59,500,120.2105,214.2285,0.044654,0.055374,21.7746,0.0000,0.001702,0.000744,341
sw-long-1p7d-kv100-s60,splitwise,1,7,500,long,100.0,60,500,123.2843,221.8329,0.045049,0.054092,19.7170,0.0000,0.001540,0.000673,279
sw-long-1p7d-kv100-s61,splitwise,1,7,500,long,100.0,61,500,121.7035,215.4122,0.041543,0.054440,24.1486,0.0000,0.003609,0.001577,260
sw-long-2p6d-kv100-s43,splitwise,2,6,500,long,100.0,43,500,66.9191,108.3066,0.042517,0.058517,59.4009,0.0020,0.061554,0.026899,324
sw-long-2p6d-kv100-s42,splitwise,2,6,500,long,100.0,42,500,66.9768,110.1675,0.042559,0.058144,70.5756,0.0040,0.079197,0.034609,370
sw-long-2p6d-kv100-s44,splitwise,2,6,500,long,100.0,44,500,68.5204,109.5812,0.043648,0.057801,65.4752,0.0040,0.072695,0.031768,324
sw-long-2p6d-kv100-s45,splitwise,2,6,500,long,100.0,45,500,62.5082,104.4149,0.039172,0.054595,54.8952,0.0040,0.056329,0.024616,436
sw-long-2p6d-kv100-s46,splitwise,2,6,500,long,100.0,46,500,65.4983,106.8127,0.040714,0.058171,64.0344,0.0020,0.070071,0.030621,394
sw-long-2p6d-kv100-s47,splitwise,2,6,500,long,100.0,47,500,62.5638,102.4687,0.041951,0.055468,39.0944,0.0020,0.029551,0.012914,389
sw-long-2p6d-kv100-s48,splitwise,2,6,500,long,100.0,48,500,66.4682,108.6940,0.042868,0.055239,47.6939,0.0000,0.044180,0.019307,351
sw-long-2p6d-kv100-s49,splitwise,2,6,500,long,100.0,49,500,63.6180,105.1694,0.044391,0.058383,43.4098,0.0000,0.037860,0.016545,361
sw-long-2p6d-kv100-s50,splitwise,2,6,500,long,100.0,50,500,65.2429,106.0195,0.042901,0.056463,45.3287,0.0020,0.038962,0.017026,346
sw-long-2p6d-kv100-s51,splitwise,2,6,500,long,100.0,51,500,65.3328,106.3014,0.039500,0.057662,69.8846,0.0020,0.081467,0.035601,340
sw-long-2p6d-kv100-s52,splitwise,2,6,500,long,100.0,52,500,64.6608,105.0908,0.038567,0.058362,85.7774,0.0020,0.108019,0.047204,365
sw-long-2p6d-kv100-s53,splitwise,2,6,500,long,100.0,53,500,64.2290,105.2628,0.041394,0.056030,59.5064,0.0040,0.063623,0.027803,322
sw-long-2p6d-kv100-s54,splitwise,2,6,500,long,100.0,54,500,63.3022,104.1335,0.039845,0.054630,68.6740,0.0040,0.081808,0.035750,349
sw-long-2p6d-kv100-s55,splitwise,2,6,500,long,100.0,55,500,66.6489,107.7218,0.043864,0.058367,55.3293,0.0040,0.053185,0.023242,358
sw-long-2p6d-kv100-s56,splitwise,2,6,500,long,100.0,56,500,66.1442,108.4455,0.042955,0.058242,66.4279,0.0040,0.075709,0.033085,356
sw-long-2p6d-kv100-s57,splitwise,2,6,500,long,100.0,57,500,65.0710,106.5581,0.042632,0.058499,59.4662,0.0040,0.061887,0.027045,343
sw-long-2p6d-kv100-s58,splitwise,2,6,500,long,100.0,58,500,66.6127,110.3436,0.045677,0.058324,34.6183,0.0000,0.022857,0.009989,306
sw-long-2p6d-kv100-s59,splitwise,2,6,500,long,100.0,59,500,63.8562,105.6098,0.041591,0.058152,50.6180,0.0000,0.044672,0.019522,316
sw-long-2p6d-kv100-s61,splitwise,2,6,500,long,100.0,61,500,64.5620,104.6745,0.042635,0.058200,34.5709,0.0000,0.021311,0.009313,359
sw-long-2p6d-kv100-s60,splitwise,2,6,500,long,100.0,60,500,65.6177,108.0218,0.045077,0.057170,38.9648,0.0000,0.030243,0.013216,389
sw-long-3p5d-kv100-s42,splitwise,3,5,500,long,100.0,42,500,46.5721,72.9588,0.038269,0.058503,121.5238,0.0060,0.184094,0.080449,277
sw-long-3p5d-kv100-s43,splitwise,3,5,500,long,100.0,43,500,46.8512,69.9710,0.042920,0.058482,73.7072,0.0040,0.093044,0.040660,314
sw-long-3p5d-kv100-s44,splitwise,3,5,500,long,100.0,44,500,46.9873,71.9186,0.041464,0.058568,95.6953,0.0040,0.134039,0.058575,353
sw-long-3p5d-kv100-s45,splitwise,3,5,500,long,100.0,45,500,43.1933,66.0471,0.038107,0.058314,93.9872,0.0060,0.133928,0.058526,375
sw-long-3p5d-kv100-s46,splitwise,3,5,500,long,100.0,46,500,45.3869,70.3642,0.039119,0.058324,99.7153,0.0040,0.142206,0.062144,271
sw-long-3p5d-kv100-s47,splitwise,3,5,500,long,100.0,47,500,43.7353,68.1604,0.038161,0.057283,85.3209,0.0020,0.117882,0.051514,433
sw-long-3p5d-kv100-s49,splitwise,3,5,500,long,100.0,49,500,44.4875,69.0018,0.038232,0.056381,83.2643,0.0000,0.112974,0.049369,379
sw-long-3p5d-kv100-s48,splitwise,3,5,500,long,100.0,48,500,46.1289,70.8765,0.041562,0.058336,71.6804,0.0000,0.089937,0.039302,415
sw-long-3p5d-kv100-s50,splitwise,3,5,500,long,100.0,50,500,45.4662,67.8944,0.041206,0.058243,84.3324,0.0020,0.113267,0.049498,282
sw-long-3p5d-kv100-s51,splitwise,3,5,500,long,100.0,51,500,45.4057,71.8528,0.034443,0.058553,111.3762,0.0040,0.163069,0.071261,321
sw-long-3p5d-kv100-s52,splitwise,3,5,500,long,100.0,52,500,45.0710,67.5047,0.037764,0.058345,99.3729,0.0040,0.143332,0.062636,358
sw-long-3p5d-kv100-s53,splitwise,3,5,500,long,100.0,53,500,44.4567,68.6644,0.040680,0.058375,101.2603,0.0040,0.146263,0.063917,387
sw-long-3p5d-kv100-s54,splitwise,3,5,500,long,100.0,54,500,44.1017,66.8957,0.037649,0.058413,116.5478,0.0060,0.176686,0.077212,289
sw-long-3p5d-kv100-s55,splitwise,3,5,500,long,100.0,55,500,46.4397,69.1668,0.039603,0.058480,94.4953,0.0060,0.129816,0.056729,409
sw-long-3p5d-kv100-s56,splitwise,3,5,500,long,100.0,56,500,46.1219,70.4167,0.038717,0.058361,111.7204,0.0040,0.163562,0.071476,382
sw-long-3p5d-kv100-s57,splitwise,3,5,500,long,100.0,57,500,45.0334,67.1810,0.038783,0.058357,97.2367,0.0060,0.135793,0.059342,359
sw-long-3p5d-kv100-s58,splitwise,3,5,500,long,100.0,58,500,46.6672,69.9470,0.038389,0.058043,74.8916,0.0020,0.094884,0.041464,314
sw-long-3p5d-kv100-s60,splitwise,3,5,500,long,100.0,60,500,45.1886,70.5320,0.042090,0.058428,74.8819,0.0000,0.099000,0.043263,343
sw-long-3p5d-kv100-s59,splitwise,3,5,500,long,100.0,59,500,44.3448,68.6282,0.040415,0.058396,84.7931,0.0020,0.114891,0.050207,393
sw-long-3p5d-kv100-s61,splitwise,3,5,500,long,100.0,61,500,44.5391,67.8123,0.038496,0.057918,74.0448,0.0000,0.097095,0.042431,388
sw-long-4p4d-kv100-s42,splitwise,4,4,500,long,100.0,42,500,35.4214,52.2723,0.032418,0.058596,208.4818,0.0080,0.357740,0.156332,251
sw-long-4p4d-kv100-s43,splitwise,4,4,500,long,100.0,43,500,35.6271,51.9921,0.037179,0.058468,125.9870,0.0060,0.199107,0.087010,290
sw-long-4p4d-kv100-s44,splitwise,4,4,500,long,100.0,44,500,35.7571,51.6680,0.036130,0.058455,177.7995,0.0040,0.299209,0.130754,323
sw-long-4p4d-kv100-s45,splitwise,4,4,500,long,100.0,45,500,32.5997,48.8774,0.032814,0.057818,176.4737,0.0080,0.299487,0.130876,329
sw-long-4p4d-kv100-s46,splitwise,4,4,500,long,100.0,46,500,34.0995,50.7366,0.033359,0.058515,176.7096,0.0060,0.298121,0.130279,259
sw-long-4p4d-kv100-s47,splitwise,4,4,500,long,100.0,47,500,32.7930,48.5041,0.035529,0.058411,143.4430,0.0040,0.235756,0.103025,289
sw-long-4p4d-kv100-s48,splitwise,4,4,500,long,100.0,48,500,35.0925,55.5339,0.035023,0.058401,150.3930,0.0040,0.248516,0.108601,382
sw-long-4p4d-kv100-s49,splitwise,4,4,500,long,100.0,49,500,33.6783,49.2926,0.035160,0.057339,136.0689,0.0020,0.220939,0.096550,366
sw-long-4p4d-kv100-s50,splitwise,4,4,500,long,100.0,50,500,34.1154,49.4818,0.035667,0.058518,155.5182,0.0020,0.257098,0.112352,314
sw-long-4p4d-kv100-s51,splitwise,4,4,500,long,100.0,51,500,34.3981,49.6401,0.036200,0.058507,143.8600,0.0040,0.235841,0.103063,289
sw-long-4p4d-kv100-s52,splitwise,4,4,500,long,100.0,52,500,34.6224,50.9833,0.031299,0.058237,176.5436,0.0060,0.298268,0.130343,318
sw-long-4p4d-kv100-s53,splitwise,4,4,500,long,100.0,53,500,33.3522,50.6711,0.035549,0.058513,176.0275,0.0060,0.297204,0.129878,359
sw-long-4p4d-kv100-s55,splitwise,4,4,500,long,100.0,55,500,35.6537,51.0719,0.035583,0.058468,175.8198,0.0060,0.294409,0.128657,283
sw-long-4p4d-kv100-s54,splitwise,4,4,500,long,100.0,54,500,33.6489,49.3046,0.032530,0.058493,198.2259,0.0060,0.340358,0.148736,288
sw-long-4p4d-kv100-s56,splitwise,4,4,500,long,100.0,56,500,34.5386,51.3805,0.035289,0.058467,182.6769,0.0040,0.310138,0.135530,364
sw-long-4p4d-kv100-s57,splitwise,4,4,500,long,100.0,57,500,34.8359,51.7161,0.034930,0.058564,178.0156,0.0060,0.297885,0.130176,347
sw-long-4p4d-kv100-s58,splitwise,4,4,500,long,100.0,58,500,35.9401,53.5066,0.032220,0.051836,160.2671,0.0040,0.265673,0.116099,278
sw-long-4p4d-kv100-s59,splitwise,4,4,500,long,100.0,59,500,33.1809,49.1177,0.034125,0.058566,154.3716,0.0040,0.255817,0.111792,300
sw-long-4p4d-kv100-s60,splitwise,4,4,500,long,100.0,60,500,33.9859,49.7161,0.036388,0.058531,128.1693,0.0000,0.205640,0.089864,321
sw-long-4p4d-kv100-s61,splitwise,4,4,500,long,100.0,61,500,33.5029,48.8221,0.036829,0.058401,122.5187,0.0000,0.194269,0.084895,349
sw-long-5p3d-kv100-s42,splitwise,5,3,500,long,100.0,42,500,27.9229,42.8538,0.027190,0.049258,406.6117,0.0100,0.757029,0.330821,322
sw-long-5p3d-kv100-s43,splitwise,5,3,500,long,100.0,43,500,29.1252,41.0836,0.031019,0.054523,264.3029,0.0080,0.476025,0.208023,288
sw-long-5p3d-kv100-s44,splitwise,5,3,500,long,100.0,44,500,29.2478,43.2234,0.030168,0.053195,322.0555,0.0040,0.588507,0.257177,329
sw-long-5p3d-kv100-s45,splitwise,5,3,500,long,100.0,45,500,25.3875,38.4212,0.026566,0.043857,348.6895,0.0080,0.647854,0.283112,342
sw-long-5p3d-kv100-s47,splitwise,5,3,500,long,100.0,47,500,27.2530,41.4378,0.029385,0.055987,294.6392,0.0060,0.539115,0.235593,370
sw-long-5p3d-kv100-s46,splitwise,5,3,500,long,100.0,46,500,28.0177,39.6527,0.028787,0.052844,329.2678,0.0080,0.606100,0.264866,370
sw-long-5p3d-kv100-s48,splitwise,5,3,500,long,100.0,48,500,29.0452,42.2504,0.030397,0.054679,278.4854,0.0020,0.504117,0.220299,369
sw-long-5p3d-kv100-s49,splitwise,5,3,500,long,100.0,49,500,27.9964,40.6205,0.030383,0.054708,277.6912,0.0020,0.504560,0.220493,314
sw-long-5p3d-kv100-s50,splitwise,5,3,500,long,100.0,50,500,28.0518,39.8374,0.028952,0.052744,302.6629,0.0040,0.552708,0.241533,300
sw-long-5p3d-kv100-s51,splitwise,5,3,500,long,100.0,51,500,27.9510,40.6721,0.029476,0.048779,277.3099,0.0060,0.503528,0.220042,277
sw-long-5p3d-kv100-s52,splitwise,5,3,500,long,100.0,52,500,27.4515,42.5165,0.027099,0.044561,344.4696,0.0080,0.636210,0.278024,336
sw-long-5p3d-kv100-s53,splitwise,5,3,500,long,100.0,53,500,27.8732,43.8434,0.029516,0.058576,336.0453,0.0060,0.617722,0.269944,341
sw-long-5p3d-kv100-s54,splitwise,5,3,500,long,100.0,54,500,27.2441,39.9071,0.027157,0.046315,363.3252,0.0080,0.672739,0.293987,279
sw-long-5p3d-kv100-s55,splitwise,5,3,500,long,100.0,55,500,29.1951,42.6534,0.028765,0.057343,330.7083,0.0080,0.604911,0.264346,303
sw-long-5p3d-kv100-s57,splitwise,5,3,500,long,100.0,57,500,28.0587,41.2131,0.027574,0.051075,324.4871,0.0060,0.594099,0.259621,292
sw-long-5p3d-kv100-s56,splitwise,5,3,500,long,100.0,56,500,28.6245,42.0844,0.029377,0.057439,344.9021,0.0040,0.633370,0.276783,338
sw-long-5p3d-kv100-s58,splitwise,5,3,500,long,100.0,58,500,28.8634,43.3763,0.030058,0.056079,273.9795,0.0060,0.495098,0.216358,315
sw-long-5p3d-kv100-s59,splitwise,5,3,500,long,100.0,59,500,27.4377,38.7284,0.028389,0.049800,315.1069,0.0060,0.578768,0.252922,294
sw-long-5p3d-kv100-s60,splitwise,5,3,500,long,100.0,60,500,27.9994,42.4533,0.031384,0.058459,248.5176,0.0000,0.446678,0.195198,311
sw-long-5p3d-kv100-s61,splitwise,5,3,500,long,100.0,61,500,28.1621,41.6759,0.030453,0.058363,244.9158,0.0000,0.440933,0.192688,365
sw-long-6p2d-kv100-s43,splitwise,6,2,500,long,100.0,43,500,24.1384,35.3123,0.032263,0.058575,422.5408,0.0080,0.794161,0.347048,316
sw-long-6p2d-kv100-s42,splitwise,6,2,500,long,100.0,42,500,22.4524,35.6444,0.031286,0.058508,512.3376,0.0100,0.973117,0.425252,342
sw-long-6p2d-kv100-s44,splitwise,6,2,500,long,100.0,44,500,24.1877,36.6059,0.033405,0.058582,467.1973,0.0040,0.880831,0.384923,421
sw-long-6p2d-kv100-s45,splitwise,6,2,500,long,100.0,45,500,20.4247,33.9824,0.032553,0.058518,436.5527,0.0100,0.827439,0.361591,413
sw-long-6p2d-kv100-s46,splitwise,6,2,500,long,100.0,46,500,22.8112,36.8277,0.031819,0.058642,492.9198,0.0080,0.934364,0.408317,407
sw-long-6p2d-kv100-s47,splitwise,6,2,500,long,100.0,47,500,22.4710,34.8234,0.032796,0.058481,393.2865,0.0060,0.739001,0.322943,390
sw-long-6p2d-kv100-s48,splitwise,6,2,500,long,100.0,48,500,24.5521,36.6583,0.031109,0.058578,450.8519,0.0040,0.850298,0.371580,373
sw-long-6p2d-kv100-s49,splitwise,6,2,500,long,100.0,49,500,23.5065,36.1547,0.032827,0.058647,427.4091,0.0020,0.805293,0.351913,323
sw-long-6p2d-kv100-s50,splitwise,6,2,500,long,100.0,50,500,23.1581,35.4944,0.033290,0.058562,395.4301,0.0040,0.741196,0.323903,289
sw-long-6p2d-kv100-s51,splitwise,6,2,500,long,100.0,51,500,23.3566,36.0168,0.033726,0.058608,431.1899,0.0060,0.810948,0.354384,311
sw-long-6p2d-kv100-s52,splitwise,6,2,500,long,100.0,52,500,22.9559,35.2684,0.030926,0.058452,492.1418,0.0080,0.932903,0.407679,334
sw-long-6p2d-kv100-s53,splitwise,6,2,500,long,100.0,53,500,22.0886,34.3530,0.032101,0.058539,470.1767,0.0060,0.890616,0.389199,364
sw-long-6p2d-kv100-s54,splitwise,6,2,500,long,100.0,54,500,21.0918,33.0835,0.033265,0.058638,449.3173,0.0100,0.851539,0.372123,377
sw-long-6p2d-kv100-s55,splitwise,6,2,500,long,100.0,55,500,24.4840,36.2006,0.035062,0.058585,415.9688,0.0080,0.780113,0.340909,341
sw-long-6p2d-kv100-s57,splitwise,6,2,500,long,100.0,57,500,23.6431,35.8266,0.033756,0.058526,433.7444,0.0060,0.815809,0.356508,322
sw-long-6p2d-kv100-s56,splitwise,6,2,500,long,100.0,56,500,23.6195,36.0898,0.032074,0.058556,506.5092,0.0040,0.959746,0.419409,456
sw-long-6p2d-kv100-s58,splitwise,6,2,500,long,100.0,58,500,23.0568,37.2767,0.029494,0.058448,451.6536,0.0060,0.854593,0.373457,355
sw-long-6p2d-kv100-s59,splitwise,6,2,500,long,100.0,59,500,20.5035,33.9159,0.032371,0.058474,422.6903,0.0060,0.800089,0.349639,344
sw-long-6p2d-kv100-s60,splitwise,6,2,500,long,100.0,60,500,22.0241,37.8035,0.032594,0.058577,372.4228,0.0000,0.697959,0.305008,280
sw-long-6p2d-kv100-s61,splitwise,6,2,500,long,100.0,61,500,22.1660,34.2901,0.034545,0.058558,345.2384,0.0000,0.643414,0.281172,321
sw-long-1p7d-kv200-s42,splitwise,1,7,500,long,200.0,42,500,125.3541,223.4393,0.042599,0.053757,50.8960,0.0020,0.041611,0.018184,293
sw-long-1p7d-kv200-s43,splitwise,1,7,500,long,200.0,43,500,125.6700,222.0187,0.044249,0.055051,29.9648,0.0020,0.008637,0.003775,241
sw-long-1p7d-kv200-s44,splitwise,1,7,500,long,200.0,44,500,128.6106,224.7516,0.043227,0.056712,46.5326,0.0020,0.034512,0.015082,247
sw-long-1p7d-kv200-s45,splitwise,1,7,500,long,200.0,45,500,118.2774,211.1929,0.041567,0.050414,26.2794,0.0020,0.007863,0.003436,273
sw-long-1p7d-kv200-s46,splitwise,1,7,500,long,200.0,46,500,123.1675,218.1979,0.043418,0.055005,31.9167,0.0020,0.012791,0.005590,249
sw-long-1p7d-kv200-s47,splitwise,1,7,500,long,200.0,47,500,117.6183,211.0250,0.041229,0.054391,26.4446,0.0000,0.005326,0.002328,254
sw-long-1p7d-kv200-s48,splitwise,1,7,500,long,200.0,48,500,125.0211,222.0413,0.044304,0.054135,21.5022,0.0000,0.002913,0.001273,267
sw-long-1p7d-kv200-s49,splitwise,1,7,500,long,200.0,49,500,119.5077,214.5668,0.043101,0.053244,24.6428,0.0000,0.004152,0.001814,238
sw-long-1p7d-kv200-s50,splitwise,1,7,500,long,200.0,50,500,122.8769,216.3939,0.044361,0.051583,18.7950,0.0000,0.001365,0.000597,273
sw-long-1p7d-kv200-s51,splitwise,1,7,500,long,200.0,51,500,122.8631,218.9782,0.041070,0.053291,35.8288,0.0020,0.018087,0.007904,297
sw-long-1p7d-kv200-s52,splitwise,1,7,500,long,200.0,52,500,121.6668,216.7488,0.039299,0.055411,65.4454,0.0000,0.051749,0.022614,317
sw-long-1p7d-kv200-s53,splitwise,1,7,500,long,200.0,53,500,121.3067,216.1572,0.042903,0.055017,34.4517,0.0020,0.016511,0.007215,270
sw-long-1p7d-kv200-s54,splitwise,1,7,500,long,200.0,54,500,119.5147,213.0839,0.041874,0.053527,45.6505,0.0020,0.033016,0.014428,272
sw-long-1p7d-kv200-s55,splitwise,1,7,500,long,200.0,55,500,124.9357,220.0152,0.044491,0.055980,31.4067,0.0020,0.010907,0.004766,278
sw-long-1p7d-kv200-s56,splitwise,1,7,500,long,200.0,56,500,124.3745,223.1873,0.043648,0.055806,43.3856,0.0020,0.028716,0.012549,293
sw-long-1p7d-kv200-s57,splitwise,1,7,500,long,200.0,57,500,121.3545,216.3699,0.042735,0.054344,31.4526,0.0020,0.012258,0.005357,272
sw-long-1p7d-kv200-s58,splitwise,1,7,500,long,200.0,58,500,125.7685,222.7715,0.043710,0.054051,22.0128,0.0000,0.002305,0.001007,267
sw-long-1p7d-kv200-s59,splitwise,1,7,500,long,200.0,59,500,120.2105,214.2285,0.044703,0.055374,21.9184,0.0000,0.001841,0.000805,284
sw-long-1p7d-kv200-s61,splitwise,1,7,500,long,200.0,61,500,121.7035,215.4122,0.041596,0.054440,23.6684,0.0000,0.003363,0.001470,284
sw-long-1p7d-kv200-s60,splitwise,1,7,500,long,200.0,60,500,123.2843,221.8329,0.045055,0.054092,19.6769,0.0000,0.001507,0.000658,318
sw-long-2p6d-kv200-s43,splitwise,2,6,500,long,200.0,43,500,66.9191,108.3066,0.042530,0.058517,57.9305,0.0020,0.058670,0.025639,303
sw-long-2p6d-kv200-s42,splitwise,2,6,500,long,200.0,42,500,66.9781,110.1702,0.042558,0.058144,70.0774,0.0040,0.078207,0.034176,323
sw-long-2p6d-kv200-s44,splitwise,2,6,500,long,200.0,44,500,68.5204,109.5812,0.043652,0.057801,65.9622,0.0040,0.073726,0.032218,293
sw-long-2p6d-kv200-s45,splitwise,2,6,500,long,200.0,45,500,62.5097,104.4149,0.039177,0.054595,54.3977,0.0040,0.055416,0.024217,418
sw-long-2p6d-kv200-s47,splitwise,2,6,500,long,200.0,47,500,62.5638,102.4686,0.042072,0.055468,44.0279,0.0020,0.038220,0.016702,358
sw-long-2p6d-kv200-s46,splitwise,2,6,500,long,200.0,46,500,65.4983,106.8127,0.041513,0.058171,59.1229,0.0020,0.062652,0.027379,354
sw-long-2p6d-kv200-s48,splitwise,2,6,500,long,200.0,48,500,66.4682,108.6940,0.042885,0.055239,46.4578,0.0000,0.041661,0.018206,406
sw-long-2p6d-kv200-s49,splitwise,2,6,500,long,200.0,49,500,63.6190,105.1694,0.044397,0.058383,42.2984,0.0000,0.035739,0.015618,370
sw-long-2p6d-kv200-s51,splitwise,2,6,500,long,200.0,51,500,65.3328,106.3014,0.041697,0.057662,55.2024,0.0020,0.059070,0.025814,341
sw-long-2p6d-kv200-s50,splitwise,2,6,500,long,200.0,50,500,65.2429,106.0195,0.042911,0.056463,44.3195,0.0020,0.036993,0.016166,349
sw-long-2p6d-kv200-s52,splitwise,2,6,500,long,200.0,52,500,64.6602,105.0908,0.038575,0.058362,82.5293,0.0020,0.101613,0.044405,368
sw-long-2p6d-kv200-s53,splitwise,2,6,500,long,200.0,53,500,64.2290,105.2628,0.041966,0.058007,58.3849,0.0040,0.061293,0.026785,349
sw-long-2p6d-kv200-s55,splitwise,2,6,500,long,200.0,55,500,66.6489,107.7218,0.043874,0.058367,52.6697,0.0040,0.048019,0.020984,343
sw-long-2p6d-kv200-s54,splitwise,2,6,500,long,200.0,54,500,63.3022,104.1335,0.042526,0.055065,62.2243,0.0040,0.071665,0.031318,327
sw-long-2p6d-kv200-s57,splitwise,2,6,500,long,200.0,57,500,65.0710,106.5581,0.042642,0.058499,56.6957,0.0040,0.056583,0.024727,329
sw-long-2p6d-kv200-s56,splitwise,2,6,500,long,200.0,56,500,66.1453,108.4455,0.042957,0.058242,66.2622,0.0040,0.075417,0.032957,380
sw-long-2p6d-kv200-s58,splitwise,2,6,500,long,200.0,58,500,66.6126,110.3435,0.045510,0.058324,38.4252,0.0000,0.028674,0.012530,375
sw-long-2p6d-kv200-s59,splitwise,2,6,500,long,200.0,59,500,63.8562,105.6098,0.042054,0.058152,44.9134,0.0000,0.035332,0.015440,360
sw-long-2p6d-kv200-s61,splitwise,2,6,500,long,200.0,61,500,64.5620,104.6745,0.043435,0.058200,38.1155,0.0000,0.027360,0.011956,298
sw-long-2p6d-kv200-s60,splitwise,2,6,500,long,200.0,60,500,65.6177,108.0218,0.045079,0.057170,38.4211,0.0000,0.029278,0.012794,350
sw-long-3p5d-kv200-s43,splitwise,3,5,500,long,200.0,43,500,46.8507,69.9696,0.042929,0.058482,73.1359,0.0040,0.091890,0.040156,261
sw-long-3p5d-kv200-s42,splitwise,3,5,500,long,200.0,42,500,46.5730,72.9615,0.038704,0.058503,117.6082,0.0060,0.176286,0.077037,316
sw-long-3p5d-kv200-s44,splitwise,3,5,500,long,200.0,44,500,46.9873,71.9186,0.041575,0.058568,91.6124,0.0040,0.126271,0.055181,273
sw-long-3p5d-kv200-s45,splitwise,3,5,500,long,200.0,45,500,43.1943,66.0471,0.038196,0.058314,91.5113,0.0060,0.129089,0.056412,317
sw-long-3p5d-kv200-s46,splitwise,3,5,500,long,200.0,46,500,45.3869,70.3642,0.039669,0.058420,97.6218,0.0040,0.138218,0.060401,337
sw-long-3p5d-kv200-s47,splitwise,3,5,500,long,200.0,47,500,43.7353,68.1604,0.040690,0.057283,84.8738,0.0020,0.117070,0.051160,327
sw-long-3p5d-kv200-s48,splitwise,3,5,500,long,200.0,48,500,46.1289,70.8765,0.041571,0.058336,70.8260,0.0000,0.088246,0.038563,345
sw-long-3p5d-kv200-s49,splitwise,3,5,500,long,200.0,49,500,44.4881,69.0018,0.041642,0.058282,77.5365,0.0000,0.102927,0.044979,306
sw-long-3p5d-kv200-s50,splitwise,3,5,500,long,200.0,50,500,45.4662,67.8944,0.041218,0.058243,81.3291,0.0020,0.107312,0.046895,368
sw-long-3p5d-kv200-s51,splitwise,3,5,500,long,200.0,51,500,45.4057,71.8528,0.036440,0.058448,94.1170,0.0040,0.130556,0.057053,357
sw-long-3p5d-kv200-s52,splitwise,3,5,500,long,200.0,52,500,45.0701,67.5033,0.037976,0.058345,94.5499,0.0040,0.134039,0.058575,385
sw-long-3p5d-kv200-s53,splitwise,3,5,500,long,200.0,53,500,44.4569,68.6644,0.040691,0.058375,99.0665,0.0040,0.141913,0.062016,399
sw-long-3p5d-kv200-s54,splitwise,3,5,500,long,200.0,54,500,44.1030,66.8957,0.038256,0.058433,113.8616,0.0060,0.171807,0.075080,369
sw-long-3p5d-kv200-s55,splitwise,3,5,500,long,200.0,55,500,46.4397,69.1668,0.040706,0.058504,93.2711,0.0060,0.127105,0.055545,438
sw-long-3p5d-kv200-s57,splitwise,3,5,500,long,200.0,57,500,45.0334,67.1810,0.038817,0.058357,93.4630,0.0060,0.128609,0.056202,380
sw-long-3p5d-kv200-s56,splitwise,3,5,500,long,200.0,56,500,46.1226,70.4167,0.040854,0.058564,102.7656,0.0040,0.146768,0.064138,502
sw-long-3p5d-kv200-s59,splitwise,3,5,500,long,200.0,59,500,44.3447,68.6282,0.040894,0.058399,79.5390,0.0020,0.105570,0.046134,377
sw-long-3p5d-kv200-s58,splitwise,3,5,500,long,200.0,58,500,46.6672,69.9470,0.038755,0.058043,79.9579,0.0020,0.104694,0.045751,405
sw-long-3p5d-kv200-s60,splitwise,3,5,500,long,200.0,60,500,45.1886,70.5320,0.042149,0.058428,71.0837,0.0000,0.091543,0.040004,347
sw-long-3p5d-kv200-s61,splitwise,3,5,500,long,200.0,61,500,44.5391,67.8123,0.039810,0.057918,74.1522,0.0000,0.096866,0.042330,406
sw-long-4p4d-kv200-s43,splitwise,4,4,500,long,200.0,43,500,35.6268,51.9921,0.037212,0.058468,121.8911,0.0060,0.191001,0.083467,354
sw-long-4p4d-kv200-s42,splitwise,4,4,500,long,200.0,42,500,35.4222,52.2748,0.032427,0.058596,204.1219,0.0080,0.349124,0.152567,360
sw-long-4p4d-kv200-s44,splitwise,4,4,500,long,200.0,44,500,35.7571,51.6680,0.036171,0.058455,172.3305,0.0040,0.288382,0.126023,361
sw-long-4p4d-kv200-s45,splitwise,4,4,500,long,200.0,45,500,32.6004,48.8774,0.032830,0.057817,172.8925,0.0080,0.292424,0.127789,360
sw-long-4p4d-kv200-s46,splitwise,4,4,500,long,200.0,46,500,34.0995,50.7366,0.033821,0.058515,171.2355,0.0060,0.286633,0.125259,283
sw-long-4p4d-kv200-s47,splitwise,4,4,500,long,200.0,47,500,32.7940,48.5082,0.035440,0.058411,155.4644,0.0040,0.259240,0.113288,313
sw-long-4p4d-kv200-s48,splitwise,4,4,500,long,200.0,48,500,35.0925,55.5339,0.035112,0.058401,144.2985,0.0040,0.236575,0.103383,371
sw-long-4p4d-kv200-s49,splitwise,4,4,500,long,200.0,49,500,33.6787,49.2925,0.035182,0.057478,131.8377,0.0020,0.212546,0.092882,435
sw-long-4p4d-kv200-s51,splitwise,4,4,500,long,200.0,51,500,34.3980,49.6401,0.035638,0.058477,148.1596,0.0040,0.243507,0.106413,238
sw-long-4p4d-kv200-s50,splitwise,4,4,500,long,200.0,50,500,34.1154,49.4818,0.035682,0.058518,151.4264,0.0020,0.248986,0.108807,294
sw-long-4p4d-kv200-s52,splitwise,4,4,500,long,200.0,52,500,34.6217,50.9833,0.031327,0.058237,170.2383,0.0060,0.285765,0.124879,331
sw-long-4p4d-kv200-s53,splitwise,4,4,500,long,200.0,53,500,33.3524,50.6711,0.035562,0.058513,172.9770,0.0060,0.291155,0.127235,408
sw-long-4p4d-kv200-s54,splitwise,4,4,500,long,200.0,54,500,33.6498,49.3086,0.033405,0.058531,186.8887,0.0060,0.318253,0.139077,304
sw-long-4p4d-kv200-s55,splitwise,4,4,500,long,200.0,55,500,35.6538,51.0719,0.035588,0.058468,172.5425,0.0060,0.287911,0.125817,305
sw-long-4p4d-kv200-s56,splitwise,4,4,500,long,200.0,56,500,34.5401,51.3805,0.035284,0.058467,177.2448,0.0040,0.299398,0.130837,324
sw-long-4p4d-kv200-s57,splitwise,4,4,500,long,200.0,57,500,34.8359,51.7161,0.035001,0.058564,162.2676,0.0060,0.266651,0.116527,284
sw-long-4p4d-kv200-s58,splitwise,4,4,500,long,200.0,58,500,35.9400,53.5065,0.033336,0.057149,146.5860,0.0040,0.238491,0.104221,379
sw-long-4p4d-kv200-s59,splitwise,4,4,500,long,200.0,59,500,33.1808,49.1177,0.034304,0.058577,149.3510,0.0040,0.246003,0.107503,373
sw-long-4p4d-kv200-s60,splitwise,4,4,500,long,200.0,60,500,33.9859,49.7161,0.036491,0.058531,117.8396,0.0000,0.185296,0.080974,320
sw-long-4p4d-kv200-s61,splitwise,4,4,500,long,200.0,61,500,33.5029,48.8221,0.035824,0.058463,132.6392,0.0000,0.213494,0.093297,267
sw-long-5p3d-kv200-s42,splitwise,5,3,500,long,200.0,42,500,27.9012,42.8546,0.027216,0.049258,396.0713,0.0100,0.736125,0.321686,312
sw-long-5p3d-kv200-s43,splitwise,5,3,500,long,200.0,43,500,29.1249,41.0822,0.031114,0.054523,250.2730,0.0080,0.448199,0.195863,290
sw-long-5p3d-kv200-s44,splitwise,5,3,500,long,200.0,44,500,29.2478,43.2234,0.030261,0.053195,301.0219,0.0040,0.546884,0.238988,326
sw-long-5p3d-kv200-s45,splitwise,5,3,500,long,200.0,45,500,25.3881,38.4212,0.026572,0.043853,336.1863,0.0080,0.623074,0.272283,274
sw-long-5p3d-kv200-s46,splitwise,5,3,500,long,200.0,46,500,28.0177,39.6527,0.028447,0.054162,339.1340,0.0080,0.625102,0.273170,299
sw-long-5p3d-kv200-s47,splitwise,5,3,500,long,200.0,47,500,27.2537,41.4378,0.029509,0.055987,304.9841,0.0060,0.559328,0.244427,363
sw-long-5p3d-kv200-s48,splitwise,5,3,500,long,200.0,48,500,29.0452,42.2504,0.030453,0.054679,270.1928,0.0020,0.487670,0.213112,380
sw-long-5p3d-kv200-s49,splitwise,5,3,500,long,200.0,49,500,27.9969,40.6205,0.030409,0.054708,268.8116,0.0020,0.486949,0.212797,309
sw-long-5p3d-kv200-s50,splitwise,5,3,500,long,200.0,50,500,28.0518,39.8374,0.029009,0.052744,291.5134,0.0040,0.530594,0.231870,267
sw-long-5p3d-kv200-s51,splitwise,5,3,500,long,200.0,51,500,27.9510,40.6722,0.028658,0.046841,286.3772,0.0060,0.520773,0.227578,314
sw-long-5p3d-kv200-s52,splitwise,5,3,500,long,200.0,52,500,27.5324,42.5165,0.027140,0.044561,323.8507,0.0080,0.595143,0.260077,430
sw-long-5p3d-kv200-s53,splitwise,5,3,500,long,200.0,53,500,27.8739,43.8442,0.029537,0.058576,325.9130,0.0060,0.597624,0.261162,379
sw-long-5p3d-kv200-s54,splitwise,5,3,500,long,200.0,54,500,27.2448,39.9071,0.027996,0.050340,338.6660,0.0080,0.623906,0.272647,377
sw-long-5p3d-kv200-s55,splitwise,5,3,500,long,200.0,55,500,29.1952,42.6538,0.028788,0.057343,320.4556,0.0080,0.584575,0.255459,364
sw-long-5p3d-kv200-s57,splitwise,5,3,500,long,200.0,57,500,28.0587,41.2131,0.027711,0.051075,283.4100,0.0060,0.512638,0.224023,275
sw-long-5p3d-kv200-s56,splitwise,5,3,500,long,200.0,56,500,28.6418,42.0844,0.029388,0.057439,335.8094,0.0040,0.615302,0.268887,339
sw-long-5p3d-kv200-s58,splitwise,5,3,500,long,200.0,58,500,28.8633,43.3763,0.029931,0.056079,280.4280,0.0060,0.507650,0.221843,252
sw-long-5p3d-kv200-s59,splitwise,5,3,500,long,200.0,59,500,27.4376,38.7284,0.028401,0.046966,299.4788,0.0060,0.547920,0.239441,268
sw-long-5p3d-kv200-s60,splitwise,5,3,500,long,200.0,60,500,27.9994,42.4533,0.031469,0.058459,224.4870,0.0000,0.399016,0.174370,267
sw-long-5p3d-kv200-s61,splitwise,5,3,500,long,200.0,61,500,28.1622,41.6759,0.029469,0.057604,274.3363,0.0000,0.498735,0.217947,350
sw-long-6p2d-kv200-s42,splitwise,6,2,500,long,200.0,42,500,22.4529,35.6471,0.031350,0.058508,492.2555,0.0100,0.933283,0.407845,370
sw-long-6p2d-kv200-s43,splitwise,6,2,500,long,200.0,43,500,24.1383,35.3123,0.032385,0.058575,389.8104,0.0080,0.729241,0.318678,364
sw-long-6p2d-kv200-s44,splitwise,6,2,500,long,200.0,44,500,24.1877,36.6059,0.033653,0.058582,437.1656,0.0040,0.821263,0.358892,347
sw-long-6p2d-kv200-s45,splitwise,6,2,500,long,200.0,45,500,20.4252,33.9823,0.032576,0.058508,424.6101,0.0100,0.803757,0.351242,390
sw-long-6p2d-kv200-s46,splitwise,6,2,500,long,200.0,46,500,22.8112,36.8277,0.031752,0.058631,468.5475,0.0080,0.886015,0.387189,435
sw-long-6p2d-kv200-s47,splitwise,6,2,500,long,200.0,47,500,22.4717,34.8275,0.032350,0.058480,412.3986,0.0060,0.776597,0.339373,475
sw-long-6p2d-kv200-s48,splitwise,6,2,500,long,200.0,48,500,24.5529,36.6583,0.031198,0.058578,424.1093,0.0040,0.797253,0.348400,454
sw-long-6p2d-kv200-s49,splitwise,6,2,500,long,200.0,49,500,23.5069,36.1547,0.032188,0.058659,428.5452,0.0020,0.807543,0.352896,341
sw-long-6p2d-kv200-s50,splitwise,6,2,500,long,200.0,50,500,23.1581,35.4944,0.033385,0.058562,367.4205,0.0040,0.685640,0.299624,352
sw-long-6p2d-kv200-s51,splitwise,6,2,500,long,200.0,51,500,23.3564,36.0161,0.033691,0.058610,414.7761,0.0060,0.778352,0.340140,289
sw-long-6p2d-kv200-s53,splitwise,6,2,500,long,200.0,53,500,22.0892,34.3530,0.032165,0.058539,446.8155,0.0060,0.844323,0.368969,339
sw-long-6p2d-kv200-s52,splitwise,6,2,500,long,200.0,52,500,22.9562,35.2730,0.030974,0.058452,464.5622,0.0080,0.878198,0.383773,395
sw-long-6p2d-kv200-s54,splitwise,6,2,500,long,200.0,54,500,21.0923,33.0835,0.032884,0.058631,407.3655,0.0100,0.768359,0.335773,329
sw-long-6p2d-kv200-s55,splitwise,6,2,500,long,200.0,55,500,24.4841,36.2006,0.034030,0.058560,398.7036,0.0080,0.745869,0.325945,345
sw-long-6p2d-kv200-s57,splitwise,6,2,500,long,200.0,57,500,23.6435,35.8286,0.033858,0.058526,384.0502,0.0060,0.717240,0.313434,387
sw-long-6p2d-kv200-s56,splitwise,6,2,500,long,200.0,56,500,24.0577,36.0898,0.032065,0.058556,496.8115,0.0040,0.939644,0.410624,420
sw-long-6p2d-kv200-s58,splitwise,6,2,500,long,200.0,58,500,23.0478,37.2766,0.030176,0.058527,430.2469,0.0060,0.811962,0.354828,332
sw-long-6p2d-kv200-s59,splitwise,6,2,500,long,200.0,59,500,20.5034,33.9159,0.032296,0.058526,409.4830,0.0060,0.773886,0.338188,388
sw-long-6p2d-kv200-s60,splitwise,6,2,500,long,200.0,60,500,22.0241,37.8035,0.032868,0.058574,330.4206,0.0000,0.614637,0.268596,347
sw-long-6p2d-kv200-s61,splitwise,6,2,500,long,200.0,61,500,22.1660,34.2901,0.034109,0.058544,369.2419,0.0000,0.690621,0.301802,373
sw-long-1p7d-kv400-s42,splitwise,1,7,500,long,400.0,42,500,125.3541,223.4393,0.042596,0.053757,50.9856,0.0020,0.041809,0.018271,283
sw-long-1p7d-kv400-s43,splitwise,1,7,500,long,400.0,43,500,125.6700,222.0187,0.044257,0.055051,28.7832,0.0020,0.007032,0.003073,272
sw-long-1p7d-kv400-s44,splitwise,1,7,500,long,400.0,44,500,128.6106,224.7516,0.043219,0.056712,48.8254,0.0020,0.038381,0.016772,303
sw-long-1p7d-kv400-s45,splitwise,1,7,500,long,400.0,45,500,118.2774,211.1929,0.041652,0.050414,25.3635,0.0020,0.006712,0.002933,303
sw-long-1p7d-kv400-s46,splitwise,1,7,500,long,400.0,46,500,123.1675,218.1979,0.043420,0.055005,31.9258,0.0020,0.012581,0.005498,307
sw-long-1p7d-kv400-s47,splitwise,1,7,500,long,400.0,47,500,117.6183,211.0250,0.043777,0.054391,20.4983,0.0000,0.001483,0.000648,280
sw-long-1p7d-kv400-s48,splitwise,1,7,500,long,400.0,48,500,125.0211,222.0413,0.044300,0.054135,21.6336,0.0000,0.003074,0.001343,310
sw-long-1p7d-kv400-s49,splitwise,1,7,500,long,400.0,49,500,119.5077,214.5668,0.043097,0.053244,25.1256,0.0000,0.004608,0.002013,298
sw-long-1p7d-kv400-s50,splitwise,1,7,500,long,400.0,50,500,122.8769,216.3939,0.044361,0.051583,18.8209,0.0000,0.001375,0.000601,262
sw-long-1p7d-kv400-s51,splitwise,1,7,500,long,400.0,51,500,122.8631,218.9782,0.041749,0.053291,35.0254,0.0020,0.017145,0.007492,247
sw-long-1p7d-kv400-s52,splitwise,1,7,500,long,400.0,52,500,121.6668,216.7488,0.039321,0.055411,59.4528,0.0000,0.042701,0.018660,339
sw-long-1p7d-kv400-s53,splitwise,1,7,500,long,400.0,53,500,121.3067,216.1572,0.042910,0.055017,33.7588,0.0020,0.015044,0.006574,293
sw-long-1p7d-kv400-s54,splitwise,1,7,500,long,400.0,54,500,119.5147,213.0839,0.041873,0.053527,45.1187,0.0020,0.032214,0.014077,285
sw-long-1p7d-kv400-s55,splitwise,1,7,500,long,400.0,55,500,124.9357,220.0152,0.044491,0.055980,31.4065,0.0020,0.010906,0.004766,297
sw-long-1p7d-kv400-s56,splitwise,1,7,500,long,400.0,56,500,124.3745,223.1873,0.043650,0.055806,42.4711,0.0020,0.027074,0.011831,318
sw-long-1p7d-kv400-s57,splitwise,1,7,500,long,400.0,57,500,121.3545,216.3699,0.042731,0.054344,31.9305,0.0020,0.013060,0.005707,317
sw-long-1p7d-kv400-s58,splitwise,1,7,500,long,400.0,58,500,125.7685,222.7715,0.044123,0.054051,22.2285,0.0000,0.002652,0.001159,324
sw-long-1p7d-kv400-s59,splitwise,1,7,500,long,400.0,59,500,120.2105,214.2285,0.044652,0.055374,22.0975,0.0000,0.001912,0.000836,321
sw-long-1p7d-kv400-s60,splitwise,1,7,500,long,400.0,60,500,123.2843,221.8329,0.045049,0.054092,19.7159,0.0000,0.001540,0.000673,304
sw-long-1p7d-kv400-s61,splitwise,1,7,500,long,400.0,61,500,121.7035,215.4122,0.043611,0.054440,19.7243,0.0000,0.001177,0.000515,267
sw-long-2p6d-kv400-s42,splitwise,2,6,500,long,400.0,42,500,66.9781,110.1702,0.042572,0.058144,67.3090,0.0040,0.072819,0.031822,423
sw-long-2p6d-kv400-s43,splitwise,2,6,500,long,400.0,43,500,66.9191,108.3066,0.042579,0.058517,55.8383,0.0020,0.054913,0.023997,381
sw-long-2p6d-kv400-s44,splitwise,2,6,500,long,400.0,44,500,68.5204,109.5812,0.043648,0.057801,66.0990,0.0040,0.073998,0.032337,332
sw-long-2p6d-kv400-s45,splitwise,2,6,500,long,400.0,45,500,62.5097,104.4149,0.041505,0.055343,50.0545,0.0040,0.048389,0.021146,376
sw-long-2p6d-kv400-s46,splitwise,2,6,500,long,400.0,46,500,65.4983,106.8127,0.043839,0.058171,55.5967,0.0020,0.057394,0.025081,370
sw-long-2p6d-kv400-s47,splitwise,2,6,500,long,400.0,47,500,62.5671,102.4752,0.042071,0.055468,44.5566,0.0020,0.039172,0.017118,379
sw-long-2p6d-kv400-s49,splitwise,2,6,500,long,400.0,49,500,63.6190,105.1694,0.044402,0.058383,41.0398,0.0000,0.033427,0.014608,329
sw-long-2p6d-kv400-s48,splitwise,2,6,500,long,400.0,48,500,66.4682,108.6940,0.042865,0.055239,47.4405,0.0000,0.043669,0.019083,354
sw-long-2p6d-kv400-s50,splitwise,2,6,500,long,400.0,50,500,65.2429,106.0195,0.042918,0.056463,43.0114,0.0020,0.034381,0.015024,437
sw-long-2p6d-kv400-s51,splitwise,2,6,500,long,400.0,51,500,65.1771,105.9141,0.040127,0.057662,64.2072,0.0020,0.072420,0.031648,409
sw-long-2p6d-kv400-s52,splitwise,2,6,500,long,400.0,52,500,64.6599,105.0908,0.038338,0.058361,79.8403,0.0020,0.097310,0.042524,360
sw-long-2p6d-kv400-s53,splitwise,2,6,500,long,400.0,53,500,64.2290,105.2628,0.041983,0.058007,56.3827,0.0040,0.057473,0.025116,395
sw-long-2p6d-kv400-s54,splitwise,2,6,500,long,400.0,54,500,63.3022,104.1335,0.042530,0.055065,59.0440,0.0040,0.065346,0.028556,324
sw-long-2p6d-kv400-s55,splitwise,2,6,500,long,400.0,55,500,66.6489,107.7218,0.043871,0.058367,53.4420,0.0040,0.049529,0.021644,334
sw-long-2p6d-kv400-s56,splitwise,2,6,500,long,400.0,56,500,66.1453,108.4455,0.042960,0.058242,64.5767,0.0040,0.072036,0.031480,354
sw-long-2p6d-kv400-s57,splitwise,2,6,500,long,400.0,57,500,65.0710,106.5581,0.042652,0.058499,56.1125,0.0040,0.055488,0.024248,371
sw-long-2p6d-kv400-s58,splitwise,2,6,500,long,400.0,58,500,66.6156,110.3496,0.045506,0.058324,39.2017,0.0000,0.030155,0.013178,332
sw-long-2p6d-kv400-s59,splitwise,2,6,500,long,400.0,59,500,63.8562,105.6098,0.043875,0.058152,37.6424,0.0000,0.024081,0.010523,403
sw-long-2p6d-kv400-s60,splitwise,2,6,500,long,400.0,60,500,65.6177,108.0218,0.045134,0.057170,36.9187,0.0000,0.026543,0.011599,375
sw-long-2p6d-kv400-s61,splitwise,2,6,500,long,400.0,61,500,64.5047,104.6674,0.041777,0.058200,40.7381,0.0000,0.030463,0.013312,313
sw-long-3p5d-kv400-s42,splitwise,3,5,500,long,400.0,42,500,46.5730,72.9615,0.038710,0.058503,117.5277,0.0060,0.176134,0.076971,275
sw-long-3p5d-kv400-s43,splitwise,3,5,500,long,400.0,43,500,46.8505,69.9690,0.043268,0.058482,70.4159,0.0040,0.086641,0.037862,355
sw-long-3p5d-kv400-s45,splitwise,3,5,500,long,400.0,45,500,43.1966,66.0471,0.038150,0.058234,91.5041,0.0060,0.129137,0.056433,329
sw-long-3p5d-kv400-s44,splitwise,3,5,500,long,400.0,44,500,46.9873,71.9186,0.041590,0.058568,88.0237,0.0040,0.119192,0.052087,420
sw-long-3p5d-kv400-s46,splitwise,3,5,500,long,400.0,46,500,45.3892,70.3711,0.039502,0.058422,97.3248,0.0040,0.137708,0.060178,314
sw-long-3p5d-kv400-s48,splitwise,3,5,500,long,400.0,48,500,46.1289,70.8765,0.041582,0.058336,69.2614,0.0000,0.085178,0.037223,290
sw-long-3p5d-kv400-s47,splitwise,3,5,500,long,400.0,47,500,43.7382,68.1669,0.040586,0.057283,81.5997,0.0020,0.110595,0.048330,399
sw-long-3p5d-kv400-s49,splitwise,3,5,500,long,400.0,49,500,44.4881,69.0018,0.041970,0.058374,76.1604,0.0000,0.100095,0.043742,429
sw-long-3p5d-kv400-s50,splitwise,3,5,500,long,400.0,50,500,45.4662,67.8944,0.041238,0.058243,80.4736,0.0020,0.105616,0.046154,402
sw-long-3p5d-kv400-s51,splitwise,3,5,500,long,400.0,51,500,45.4085,71.8553,0.035978,0.058105,115.2564,0.0040,0.170587,0.074547,346
sw-long-3p5d-kv400-s52,splitwise,3,5,500,long,400.0,52,500,45.0698,67.5029,0.037816,0.058368,97.2309,0.0040,0.139078,0.060777,342
sw-long-3p5d-kv400-s53,splitwise,3,5,500,long,400.0,53,500,44.4569,68.6644,0.040695,0.058375,97.0089,0.0040,0.137833,0.060233,388
sw-long-3p5d-kv400-s54,splitwise,3,5,500,long,400.0,54,500,44.1030,66.8957,0.038275,0.058433,108.7424,0.0060,0.161699,0.070663,341
sw-long-3p5d-kv400-s55,splitwise,3,5,500,long,400.0,55,500,46.4397,69.1668,0.040716,0.058504,90.7943,0.0060,0.122253,0.053425,353
sw-long-3p5d-kv400-s56,splitwise,3,5,500,long,400.0,56,500,46.1226,70.4167,0.040866,0.058564,102.6161,0.0040,0.146502,0.064021,339
sw-long-3p5d-kv400-s57,splitwise,3,5,500,long,400.0,57,500,45.0334,67.1810,0.038861,0.058357,91.3007,0.0060,0.124174,0.054264,314
sw-long-3p5d-kv400-s58,splitwise,3,5,500,long,400.0,58,500,46.6692,69.9530,0.040551,0.058549,73.7274,0.0020,0.093684,0.040940,367
sw-long-3p5d-kv400-s59,splitwise,3,5,500,long,400.0,59,500,44.3447,68.6282,0.041036,0.058384,77.6457,0.0020,0.102101,0.044618,311
sw-long-3p5d-kv400-s60,splitwise,3,5,500,long,400.0,60,500,45.1886,70.5320,0.042290,0.058428,67.1117,0.0000,0.083678,0.036567,332
sw-long-3p5d-kv400-s61,splitwise,3,5,500,long,400.0,61,500,44.5412,67.8123,0.040964,0.058182,72.4385,0.0000,0.093806,0.040993,379
sw-long-4p4d-kv400-s42,splitwise,4,4,500,long,400.0,42,500,35.4222,52.2748,0.032450,0.058596,198.6067,0.0080,0.338185,0.147787,379
sw-long-4p4d-kv400-s43,splitwise,4,4,500,long,400.0,43,500,35.6266,51.9921,0.037352,0.058468,113.1579,0.0060,0.173731,0.075921,251
sw-long-4p4d-kv400-s44,splitwise,4,4,500,long,400.0,44,500,35.7571,51.6680,0.036236,0.058455,167.8187,0.0040,0.279423,0.122108,295
sw-long-4p4d-kv400-s45,splitwise,4,4,500,long,400.0,45,500,32.6038,48.8774,0.033416,0.057353,170.3802,0.0080,0.287581,0.125673,298
sw-long-4p4d-kv400-s46,splitwise,4,4,500,long,400.0,46,500,34.1012,50.7366,0.033813,0.058569,165.3360,0.0060,0.274949,0.120153,325
sw-long-4p4d-kv400-s47,splitwise,4,4,500,long,400.0,47,500,32.7967,48.5103,0.035436,0.058411,154.6531,0.0040,0.257626,0.112582,327
sw-long-4p4d-kv400-s48,splitwise,4,4,500,long,400.0,48,500,35.0925,55.5339,0.035126,0.058401,142.3443,0.0040,0.232702,0.101691,351
sw-long-4p4d-kv400-s49,splitwise,4,4,500,long,400.0,49,500,33.6800,49.2976,0.035182,0.057478,129.1432,0.0020,0.207198,0.090546,323
sw-long-4p4d-kv400-s50,splitwise,4,4,500,long,400.0,50,500,34.1154,49.4818,0.035701,0.058518,144.1905,0.0020,0.234635,0.102535,345
sw-long-4p4d-kv400-s51,splitwise,4,4,500,long,400.0,51,500,34.4004,49.6401,0.038247,0.058525,127.2545,0.0040,0.203376,0.088875,353
sw-long-4p4d-kv400-s52,splitwise,4,4,500,long,400.0,52,500,34.6215,50.9833,0.031062,0.058215,175.1659,0.0060,0.295081,0.128950,282
sw-long-4p4d-kv400-s53,splitwise,4,4,500,long,400.0,53,500,33.3524,50.6711,0.035583,0.058513,168.9795,0.0060,0.283227,0.123770,423
sw-long-4p4d-kv400-s54,splitwise,4,4,500,long,400.0,54,500,33.6498,49.3086,0.033461,0.058531,177.7141,0.0060,0.300057,0.131125,330
sw-long-4p4d-kv400-s55,splitwise,4,4,500,long,400.0,55,500,35.6538,51.0719,0.035651,0.058468,164.7121,0.0060,0.272558,0.119108,320
sw-long-4p4d-kv400-s56,splitwise,4,4,500,long,400.0,56,500,34.5401,51.3805,0.035278,0.058467,175.9467,0.0040,0.296940,0.129763,354
sw-long-4p4d-kv400-s57,splitwise,4,4,500,long,400.0,57,500,34.8359,51.7161,0.035179,0.058564,160.6319,0.0060,0.263387,0.115100,344
sw-long-4p4d-kv400-s58,splitwise,4,4,500,long,400.0,58,500,35.9415,53.5125,0.034241,0.058479,142.7832,0.0040,0.231001,0.100947,359
sw-long-4p4d-kv400-s59,splitwise,4,4,500,long,400.0,59,500,33.1808,49.1177,0.034432,0.058580,143.9163,0.0040,0.235190,0.102778,316
sw-long-4p4d-kv400-s60,splitwise,4,4,500,long,400.0,60,500,33.9859,49.7161,0.036615,0.058531,108.4251,0.0000,0.166656,0.072829,286
sw-long-4p4d-kv400-s61,splitwise,4,4,500,long,400.0,61,500,33.5056,48.8221,0.035825,0.058463,129.8598,0.0000,0.207979,0.090887,346
sw-long-5p3d-kv400-s42,splitwise,5,3,500,long,400.0,42,500,27.9012,42.8546,0.027243,0.049258,380.9602,0.0100,0.706152,0.308588,352
sw-long-5p3d-kv400-s43,splitwise,5,3,500,long,400.0,43,500,29.1248,41.0816,0.031545,0.054499,221.6316,0.0080,0.391284,0.170991,269
sw-long-5p3d-kv400-s44,splitwise,5,3,500,long,400.0,44,500,29.2478,43.2234,0.030500,0.053195,280.7445,0.0040,0.506693,0.221425,266
sw-long-5p3d-kv400-s45,splitwise,5,3,500,long,400.0,45,500,25.3907,38.4283,0.027003,0.046129,329.1413,0.0080,0.609114,0.266183,347
sw-long-5p3d-kv400-s46,splitwise,5,3,500,long,400.0,46,500,28.0191,39.6527,0.028561,0.054520,321.9707,0.0080,0.591032,0.258281,370
sw-long-5p3d-kv400-s47,splitwise,5,3,500,long,400.0,47,500,27.2559,41.4378,0.029417,0.055661,296.0157,0.0060,0.541546,0.236656,326
sw-long-5p3d-kv400-s48,splitwise,5,3,500,long,400.0,48,500,29.0452,42.2504,0.030556,0.054679,250.5539,0.0020,0.448717,0.196090,362
sw-long-5p3d-kv400-s49,splitwise,5,3,500,long,400.0,49,500,27.9987,40.6205,0.030447,0.054708,257.1396,0.0020,0.463819,0.202689,385
sw-long-5p3d-kv400-s50,splitwise,5,3,500,long,400.0,50,500,28.0518,39.8374,0.029138,0.052744,278.1181,0.0040,0.504029,0.220261,402
sw-long-5p3d-kv400-s51,splitwise,5,3,500,long,400.0,51,500,27.9529,40.6747,0.032605,0.058394,233.8996,0.0060,0.416714,0.182104,302
sw-long-5p3d-kv400-s52,splitwise,5,3,500,long,400.0,52,500,27.5322,42.5165,0.026601,0.040519,318.2072,0.0080,0.584207,0.255298,294
sw-long-5p3d-kv400-s54,splitwise,5,3,500,long,400.0,54,500,27.2448,39.9071,0.028100,0.050340,314.5770,0.0080,0.576166,0.251784,359
sw-long-5p3d-kv400-s53,splitwise,5,3,500,long,400.0,53,500,27.8739,43.8442,0.029565,0.058576,315.5768,0.0060,0.577123,0.252203,396
sw-long-5p3d-kv400-s55,splitwise,5,3,500,long,400.0,55,500,29.1966,42.6538,0.028811,0.057343,309.5417,0.0080,0.562925,0.245998,339
sw-long-5p3d-kv400-s56,splitwise,5,3,500,long,400.0,56,500,28.6418,42.0844,0.029416,0.057439,325.3508,0.0040,0.594557,0.259822,384
sw-long-5p3d-kv400-s57,splitwise,5,3,500,long,400.0,57,500,28.0587,41.2131,0.027834,0.051075,273.6557,0.0060,0.493276,0.215562,288
sw-long-5p3d-kv400-s58,splitwise,5,3,500,long,400.0,58,500,28.8307,43.3763,0.029957,0.056079,272.1994,0.0060,0.491302,0.214699,327
sw-long-5p3d-kv400-s59,splitwise,5,3,500,long,400.0,59,500,27.4376,38.7284,0.029005,0.049736,294.7233,0.0060,0.538453,0.235304,253
sw-long-5p3d-kv400-s60,splitwise,5,3,500,long,400.0,60,500,27.9994,42.4533,0.031669,0.058459,201.3435,0.0000,0.353112,0.154310,299
sw-long-5p3d-kv400-s61,splitwise,5,3,500,long,400.0,61,500,28.1643,41.6759,0.029496,0.057604,265.5868,0.0000,0.481377,0.210362,350
sw-long-6p2d-kv400-s42,splitwise,6,2,500,long,400.0,42,500,22.4529,35.6471,0.031443,0.058508,459.3558,0.0100,0.868026,0.379328,361
sw-long-6p2d-kv400-s43,splitwise,6,2,500,long,400.0,43,500,24.1381,35.3123,0.032749,0.058575,336.6250,0.0080,0.623774,0.272589,263
sw-long-6p2d-kv400-s44,splitwise,6,2,500,long,400.0,44,500,24.1877,36.6059,0.033693,0.058582,396.9250,0.0040,0.741447,0.324012,295
sw-long-6p2d-kv400-s46,splitwise,6,2,500,long,400.0,46,500,22.8124,36.8277,0.031768,0.058595,457.0800,0.0080,0.863269,0.377249,348
sw-long-6p2d-kv400-s45,splitwise,6,2,500,long,400.0,45,500,20.4094,33.9894,0.032629,0.058518,409.6851,0.0100,0.774229,0.338338,437
sw-long-6p2d-kv400-s47,splitwise,6,2,500,long,400.0,47,500,22.4735,34.8296,0.032369,0.058480,408.4003,0.0060,0.768663,0.335906,659
sw-long-6p2d-kv400-s48,splitwise,6,2,500,long,400.0,48,500,24.5529,36.6583,0.031353,0.058578,388.3556,0.0040,0.726336,0.317409,561
sw-long-6p2d-kv400-s49,splitwise,6,2,500,long,400.0,49,500,23.5093,36.1547,0.033127,0.058659,382.5073,0.0020,0.716224,0.312990,352
sw-long-6p2d-kv400-s50,splitwise,6,2,500,long,400.0,50,500,23.1581,35.4944,0.033549,0.058562,339.7950,0.0040,0.630845,0.275679,411
sw-long-6p2d-kv400-s52,splitwise,6,2,500,long,400.0,52,500,22.9560,35.2730,0.031113,0.058456,434.8130,0.0080,0.819468,0.358108,321
sw-long-6p2d-kv400-s51,splitwise,6,2,500,long,400.0,51,500,23.3580,36.0161,0.033409,0.058501,399.9028,0.0060,0.749036,0.327329,437
sw-long-6p2d-kv400-s54,splitwise,6,2,500,long,400.0,54,500,21.0924,33.0835,0.032426,0.058602,377.0498,0.0100,0.708265,0.309512,350
sw-long-6p2d-kv400-s53,splitwise,6,2,500,long,400.0,53,500,22.0892,34.3530,0.032347,0.058539,421.9003,0.0060,0.794864,0.347356,456
sw-long-6p2d-kv400-s55,splitwise,6,2,500,long,400.0,55,500,24.4853,36.2006,0.033790,0.058560,399.1584,0.0080,0.746781,0.326343,456
sw-long-6p2d-kv400-s56,splitwise,6,2,500,long,400.0,56,500,24.0586,36.0898,0.032093,0.058556,484.5692,0.0040,0.915360,0.400012,444
sw-long-6p2d-kv400-s57,splitwise,6,2,500,long,400.0,57,500,23.6435,35.8286,0.033936,0.058526,355.5503,0.0060,0.660711,0.288731,319
sw-long-6p2d-kv400-s58,splitwise,6,2,500,long,400.0,58,500,23.0488,37.2826,0.031165,0.058513,400.9597,0.0060,0.753713,0.329373,341
sw-long-6p2d-kv400-s60,splitwise,6,2,500,long,400.0,60,500,22.0241,37.8035,0.033151,0.058574,278.0147,0.0000,0.510685,0.223170,276
sw-long-6p2d-kv400-s59,splitwise,6,2,500,long,400.0,59,500,20.5034,33.9159,0.032285,0.058493,375.1196,0.0060,0.705758,0.308416,312
sw-long-6p2d-kv400-s61,splitwise,6,2,500,long,400.0,61,500,22.1678,34.2947,0.034107,0.058569,352.2086,0.0000,0.656831,0.287035,265
