timestamp_unix_ms,gpu,power_w,mem_used_mib,sm_util_pct
1783316729554,0,8.36,13087,0
1783316729755,0,8.36,13087,0
1783316729955,0,8.36,13087,0
1783316730155,0,8.55,13087,100
1783316730355,0,8.55,13087,100
1783316730555,0,10.9,13087,100
1783316730756,0,10.9,13087,100
1783316730956,0,10.9,13087,100
1783316731156,0,16.12,13087,100
1783316731356,0,16.12,13087,100
1783316731556,0,15.7,13087,100
1783316731756,0,15.7,13087,100
1783316731957,0,15.7,13087,100
1783316732157,0,15.71,13087,100
1783316732357,0,15.71,13087,100
1783316732557,0,15.71,13087,100
1783316732757,0,15.71,13087,100
1783316732958,0,15.71,13087,100
1783316733158,0,15.72,13087,100
1783316733358,0,15.72,13087,100
1783316733558,0,15.76,13087,100
1783316733759,0,15.76,13087,100
1783316733959,0,15.76,13087,100
1783316734159,0,15.77,13087,100
1783316734359,0,15.77,13087,100
1783316734559,0,15.77,13087,100
1783316734759,0,15.78,13087,100
1783316734959,0,15.78,13087,100
1783316735160,0,15.78,13087,100
1783316735360,0,15.78,13087,100
1783316735560,0,15.78,13087,100
1783316735760,0,15.79,13087,100
1783316735960,0,15.79,13087,100
1783316736161,0,15.78,13087,100
1783316736361,0,15.78,13087,100
1783316736561,0,15.78,13087,100
1783316736761,0,15.78,13087,100
1783316736961,0,15.78,13087,100
1783316737161,0,15.8,13087,100
1783316737362,0,15.8,13087,100
1783316737562,0,15.8,13087,100
1783316737762,0,15.81,13087,100
1783316737962,0,15.81,13087,100
1783316738162,0,15.85,13087,100
1783316738362,0,15.85,13087,100
1783316738562,0,15.85,13087,100
1783316738763,0,15.85,13087,100
1783316738963,0,15.85,13087,100
1783316739163,0,15.86,13087,100
1783316739363,0,15.86,13087,100
1783316739563,0,15.86,13087,100
1783316739763,0,15.88,13087,100
1783316739964,0,15.88,13087,100
1783316740164,0,15.89,13087,100
1783316740364,0,15.89,13087,100
1783316740564,0,15.89,13087,100
1783316740764,0,15.89,13087,100
1783316740964,0,15.89,13087,100
1783316741165,0,15.89,13087,100
1783316741365,0,15.89,13087,100
1783316741565,0,15.89,13087,100
1783316741765,0,15.51,13087,100
1783316741965,0,15.51,13087,100
1783316742165,0,15.57,13087,100
1783316742366,0,15.57,13087,100
1783316742566,0,15.57,13087,100
1783316742766,0,15.9,13087,100
1783316742966,0,15.9,13087,100
1783316743166,0,15.9,13087,100
1783316743366,0,15.9,13087,100
1783316743567,0,15.9,13087,100
1783316743767,0,15.92,13087,100
1783316743967,0,15.92,13087,100
1783316744167,0,15.93,13087,100
1783316744367,0,15.93,13087,100
1783316744567,0,15.93,13087,100
1783316744767,0,15.93,13087,100
1783316744968,0,15.93,13087,100
1783316745168,0,15.93,13087,100
1783316745368,0,15.93,13087,100
1783316745568,0,15.93,13087,100
1783316745768,0,15.91,13087,100
1783316745968,0,15.91,13087,100
1783316746168,0,15.93,13087,100
1783316746368,0,15.93,13087,100
1783316746569,0,15.93,13087,100
1783316746769,0,15.94,13087,100
1783316746969,0,15.94,13087,100
1783316747169,0,15.94,13087,100
1783316747369,0,15.94,13087,100
1783316747569,0,15.94,13087,100
1783316747769,0,15.97,13087,100
1783316747969,0,15.97,13087,100
1783316748170,0,15.99,13087,100
1783316748370,0,15.99,13087,100
1783316748570,0,15.99,13087,100
1783316748770,0,15.99,13087,100
1783316748970,0,15.99,13087,100
1783316749170,0,16.0,13087,100
1783316749370,0,16.0,13087,100
1783316749571,0,16.0,13087,100
1783316749771,0,16.0,13087,100
1783316749971,0,16.0,13087,100
1783316750171,0,15.99,13087,100
1783316750371,0,15.99,13087,100
1783316750571,0,15.99,13087,100
1783316750772,0,16.0,13087,100
1783316750972,0,16.0,13087,100
1783316751172,0,16.03,13087,100
1783316751372,0,16.03,13087,100
1783316751601,0,16.03,13087,100
1783316751802,0,16.06,13087,100
1783316752002,0,16.06,13087,100
1783316752202,0,16.15,13087,100
1783316752402,0,16.15,13087,100
1783316752602,0,16.15,13087,100
1783316752803,0,16.08,13087,100
1783316753003,0,16.08,13087,100
1783316753203,0,16.01,13087,100
1783316753403,0,16.01,13087,100
1783316753603,0,16.01,13087,100
1783316753803,0,16.08,13087,100
1783316754003,0,16.08,13087,100
1783316754204,0,16.09,13087,100
1783316754404,0,16.09,13087,100
1783316754604,0,16.09,13087,100
1783316754804,0,16.11,13087,100
1783316755004,0,16.11,13087,100
1783316755204,0,16.12,13087,100
1783316755405,0,16.12,13087,100
1783316755605,0,16.12,13087,100
1783316755805,0,16.13,13087,100
1783316756005,0,16.13,13087,100
1783316756205,0,16.19,13087,100
1783316756406,0,16.19,13087,100
1783316756606,0,16.19,13087,100
1783316756806,0,16.26,13087,100
1783316757006,0,16.26,13087,100
1783316757206,0,16.24,13087,100
1783316757406,0,16.24,13087,100
1783316757607,0,16.24,13087,100
1783316757807,0,16.17,13087,100
1783316758007,0,16.17,13087,100
1783316758207,0,16.16,13087,100
1783316758407,0,16.16,13087,100
1783316758607,0,16.16,13087,100
1783316758808,0,16.16,13087,100
1783316759008,0,16.16,13087,100
1783316759208,0,16.17,13087,100
1783316759408,0,16.17,13087,100
1783316759608,0,16.17,13087,100
1783316759808,0,16.17,13087,100
1783316760009,0,16.17,13087,100
1783316760209,0,16.18,13087,100
1783316760409,0,16.18,13087,100
1783316760609,0,16.18,13087,100
1783316760809,0,16.19,13087,100
1783316761009,0,16.19,13087,100
1783316761210,0,16.19,13087,100
1783316761410,0,16.2,13087,100
1783316761610,0,16.2,13087,100
1783316761810,0,16.21,13087,100
1783316762010,0,16.21,13087,100
1783316762210,0,16.21,13087,100
1783316762410,0,16.23,13087,100
1783316762611,0,16.23,13087,100
1783316762811,0,16.25,13087,100
1783316763011,0,16.25,13087,100
1783316763211,0,16.25,13087,100
1783316763412,0,16.27,13087,100
1783316763612,0,16.27,13087,100
1783316763812,0,15.89,13087,100
1783316764012,0,15.89,13087,100
1783316764212,0,15.89,13087,100
1783316764413,0,15.77,13087,100
1783316764613,0,15.77,13087,100
1783316764813,0,15.99,13087,100
1783316765013,0,15.99,13087,100
1783316765213,0,15.99,13087,100
1783316765413,0,15.92,13087,100
1783316765614,0,15.92,13087,100
1783316765814,0,15.92,13087,100
1783316766014,0,15.92,13087,100
1783316766214,0,15.92,13087,100
1783316766414,0,15.92,13087,100
1783316766615,0,15.92,13087,100
1783316766815,0,15.94,13087,100
1783316767015,0,15.94,13087,100
1783316767215,0,15.94,13087,100
1783316767415,0,15.95,13087,100
1783316767616,0,15.95,13087,100
1783316767816,0,15.93,13087,100
1783316768016,0,15.93,13087,100
1783316768216,0,15.93,13087,100
1783316768416,0,15.94,13087,100
1783316768616,0,15.94,13087,100
1783316768817,0,15.95,13087,100
1783316769017,0,15.95,13087,100
1783316769217,0,15.95,13087,100
1783316769417,0,15.95,13087,100
1783316769617,0,15.95,13087,100
1783316769818,0,15.95,13087,100
1783316770018,0,15.95,13087,100
1783316770218,0,15.95,13087,100
1783316770418,0,15.94,13087,100
1783316770618,0,15.94,13087,100
1783316770819,0,15.94,13087,100
1783316771019,0,15.94,13087,100
1783316771219,0,15.94,13087,100
1783316771419,0,15.94,13087,100
1783316771619,0,15.94,13087,100
1783316771819,0,15.97,13087,100
1783316772020,0,15.97,13087,100
1783316772220,0,15.97,13087,100
1783316772420,0,15.98,13087,100
1783316772620,0,15.98,13087,100
1783316772820,0,15.98,13087,100
1783316773020,0,15.98,13087,100
1783316773221,0,15.98,13087,100
1783316773421,0,15.98,13087,100
1783316773621,0,15.98,13087,100
1783316773821,0,16.01,13087,100
1783316774021,0,16.01,13087,100
1783316774222,0,16.01,13087,100
1783316774422,0,16.01,13087,100
1783316774622,0,16.01,13087,100
1783316774822,0,16.0,13087,100
1783316775023,0,16.0,13087,100
1783316775223,0,16.0,13087,100
1783316775423,0,16.05,13087,100
1783316775623,0,16.05,13087,100
1783316775823,0,16.13,13087,100
1783316776024,0,16.13,13087,100
1783316776224,0,16.13,13087,100
1783316776424,0,16.1,13087,100
1783316776624,0,16.1,13087,100
1783316776824,0,16.06,13087,100
1783316777024,0,16.06,13087,100
1783316777225,0,16.06,13087,100
1783316777425,0,16.03,13087,100
1783316777625,0,16.03,13087,100
1783316777825,0,16.03,13087,100
1783316778025,0,16.03,13087,100
1783316778225,0,16.03,13087,100
1783316778426,0,16.03,13087,100
1783316778626,0,16.03,13087,100
1783316778826,0,16.02,13087,100
1783316779026,0,16.02,13087,100
1783316779227,0,16.02,13087,100
1783316779427,0,16.02,13087,100
1783316779627,0,16.02,13087,100
1783316779827,0,16.01,13087,100
1783316780027,0,16.01,13087,100
1783316780227,0,16.01,13087,100
1783316780428,0,16.04,13087,100
1783316780628,0,16.04,13087,100
1783316780828,0,16.05,13087,100
1783316781028,0,16.05,13087,100
1783316781228,0,16.05,13087,100
1783316781429,0,16.03,13087,100
1783316781629,0,16.03,13087,100
1783316781829,0,16.03,13087,100
1783316782029,0,16.05,13087,100
1783316782229,0,16.05,13087,100
1783316782429,0,16.07,13087,100
1783316782630,0,16.07,13087,100
1783316782830,0,16.07,13087,100
1783316783030,0,16.08,13087,100
1783316783230,0,16.08,13087,100
1783316783430,0,16.09,13087,100
1783316783631,0,16.09,13087,100
1783316783831,0,16.09,13087,100
1783316784031,0,16.07,13087,100
1783316784231,0,16.07,13087,100
1783316784431,0,16.07,13087,100
1783316784632,0,16.07,13087,100
1783316784832,0,16.07,13087,100
1783316785032,0,16.08,13087,100
1783316785232,0,16.08,13087,100
1783316785432,0,16.07,13087,100
1783316785632,0,16.07,13087,100
1783316785833,0,16.07,13087,100
1783316786033,0,16.07,13087,100
1783316786233,0,16.07,13087,100
1783316786433,0,16.06,13087,100
1783316786633,0,16.06,13087,100
1783316786834,0,16.06,13087,100
1783316787034,0,16.12,13087,100
1783316787234,0,16.12,13087,100
1783316787434,0,16.15,13087,100
1783316787634,0,16.15,13087,100
1783316787835,0,16.15,13087,100
1783316788035,0,16.18,13087,100
1783316788235,0,16.18,13087,100
1783316788435,0,16.17,13087,100
1783316788635,0,16.17,13087,100
1783316788835,0,16.17,13087,100
1783316789036,0,16.12,13087,100
1783316789236,0,16.12,13087,100
1783316789436,0,16.12,13087,100
1783316789636,0,16.12,13087,100
1783316789836,0,16.12,13087,100
1783316790037,0,16.1,13087,100
1783316790237,0,16.1,13087,100
1783316790437,0,16.1,13087,100
1783316790637,0,16.1,13087,100
1783316790837,0,16.1,13087,100
1783316791038,0,16.1,13087,100
1783316791238,0,16.1,13087,100
1783316791438,0,16.1,13087,100
1783316791638,0,16.1,13087,100
1783316791838,0,16.1,13087,100
1783316792039,0,16.13,13087,100
1783316792239,0,16.13,13087,100
1783316792439,0,16.15,13087,100
1783316792639,0,16.15,13087,100
1783316792839,0,16.15,13087,100
1783316793040,0,16.15,13087,100
1783316793240,0,16.15,13087,100
1783316793440,0,16.14,13087,100
1783316793640,0,16.14,13087,100
1783316793840,0,16.14,13087,100
1783316794041,0,16.13,13087,100
1783316794241,0,16.13,13087,100
1783316794441,0,16.15,13087,100
1783316794641,0,16.15,13087,100
1783316794841,0,16.15,13087,100
1783316795042,0,16.16,13087,100
1783316795242,0,16.16,13087,100
1783316795442,0,16.15,13087,100
1783316795642,0,16.15,13087,100
1783316795842,0,16.15,13087,100
1783316796042,0,16.14,13087,100
1783316796243,0,16.14,13087,100
1783316796443,0,16.14,13087,100
1783316796643,0,16.14,13087,100
1783316796843,0,16.14,13087,100
1783316797043,0,16.15,13087,100
1783316797244,0,16.15,13087,100
1783316797444,0,16.15,13087,100
1783316797644,0,16.15,13087,100
1783316797844,0,16.15,13087,100
1783316798044,0,16.14,13087,100
1783316798245,0,16.14,13087,100
1783316798445,0,16.14,13087,100
1783316798645,0,16.14,13087,100
1783316798845,0,16.14,13087,100
1783316799045,0,15.89,13087,100
1783316799246,0,15.89,13087,100
1783316799446,0,15.89,13087,100
1783316799646,0,15.98,13087,100
1783316799846,0,15.98,13087,100
1783316800046,0,16.32,13087,100
1783316800247,0,16.32,13087,100
1783316800447,0,16.32,13087,100
1783316800647,0,16.27,13087,100
1783316800847,0,16.27,13087,100
1783316801047,0,16.27,13087,100
1783316801247,0,16.27,13087,100
1783316801448,0,16.27,13087,100
1783316801648,0,16.27,13087,100
1783316801848,0,16.27,13087,100
1783316802048,0,16.28,13087,100
1783316802248,0,16.28,13087,100
1783316802449,0,16.28,13087,100
1783316802649,0,16.28,13087,100
1783316802849,0,16.28,13087,100
1783316803049,0,16.28,13087,100
1783316803249,0,16.28,13087,100
1783316803450,0,16.28,13087,100
1783316803650,0,16.28,13087,100
1783316803850,0,16.28,13087,100
1783316804050,0,16.28,13087,100
1783316804250,0,16.28,13087,100
1783316804451,0,16.28,13087,100
1783316804651,0,16.31,13087,100
1783316804851,0,16.31,13087,100
1783316805051,0,16.31,13087,100
1783316805252,0,16.31,13087,100
1783316805452,0,16.31,13087,100
1783316805652,0,16.32,13087,100
1783316805852,0,16.32,13087,100
1783316806052,0,16.33,13087,100
1783316806253,0,16.33,13087,100
1783316806453,0,16.33,13087,100
1783316806653,0,16.32,13087,100
1783316806853,0,16.32,13087,100
1783316807053,0,16.3,13087,100
1783316807253,0,16.3,13087,100
1783316807454,0,16.3,13087,100
1783316807654,0,16.3,13087,100
1783316807854,0,16.3,13087,100
1783316808054,0,16.3,13087,100
1783316808255,0,16.3,13087,100
1783316808455,0,16.3,13087,100
1783316808655,0,16.3,13087,100
1783316808855,0,16.3,13087,100
1783316809055,0,16.32,13087,100
1783316809255,0,16.32,13087,100
1783316809456,0,16.32,13087,100
1783316809656,0,16.32,13087,100
1783316809856,0,16.32,13087,100
1783316810056,0,16.3,13087,100
1783316810256,0,16.3,13087,100
1783316810456,0,16.3,13087,100
1783316810656,0,16.37,13087,100
1783316810856,0,16.37,13087,100
1783316811057,0,16.34,13087,100
1783316811257,0,16.34,13087,100
1783316811457,0,16.34,13087,100
1783316811657,0,16.22,13087,100
1783316811857,0,16.22,13087,100
1783316812057,0,16.2,13087,100
1783316812258,0,16.2,13087,100
1783316812458,0,16.2,13087,100
1783316812658,0,16.23,13087,100
1783316812858,0,16.23,13087,100
1783316813058,0,16.25,13087,100
1783316813259,0,16.25,13087,100
1783316813459,0,16.25,13087,100
1783316813659,0,16.26,13087,100
1783316813859,0,16.26,13087,100
1783316814059,0,16.27,13087,100
1783316814259,0,16.27,13087,100
1783316814460,0,16.27,13087,100
1783316814660,0,16.26,13087,100
1783316814860,0,16.26,13087,100
1783316815060,0,16.25,13087,100
1783316815261,0,16.25,13087,100
1783316815461,0,16.25,13087,100
1783316815661,0,16.26,13087,100
1783316815861,0,16.26,13087,100
1783316816061,0,16.25,13087,100
1783316816262,0,16.25,13087,100
1783316816462,0,16.25,13087,100
1783316816662,0,16.24,13087,100
1783316816862,0,16.24,13087,100
1783316817063,0,16.26,13087,100
1783316817263,0,16.26,13087,100
1783316817463,0,16.26,13087,100
1783316817663,0,16.27,13087,100
1783316817863,0,16.27,13087,100
1783316818063,0,16.24,13087,100
1783316818264,0,16.24,13087,100
1783316818464,0,16.24,13087,100
1783316818664,0,16.24,13087,100
1783316818864,0,16.24,13087,100
1783316819064,0,16.24,13087,100
1783316819265,0,16.26,13087,100
1783316819465,0,16.26,13087,100
1783316819665,0,16.26,13087,100
1783316819865,0,16.26,13087,100
1783316820065,0,16.27,13087,100
1783316820266,0,16.27,13087,100
1783316820466,0,16.27,13087,100
1783316820666,0,16.31,13087,100
1783316820866,0,16.31,13087,100
1783316821066,0,16.3,13087,100
1783316821267,0,16.3,13087,100
1783316821467,0,16.3,13087,100
1783316821667,0,16.15,13087,100
1783316821867,0,16.15,13087,100
1783316822067,0,16.28,13087,100
1783316822267,0,16.28,13087,100
1783316822468,0,16.28,13087,100
1783316822668,0,16.55,13087,100
1783316822868,0,16.55,13087,100
1783316823068,0,16.56,13087,100
1783316823269,0,16.56,13087,100
1783316823469,0,16.56,13087,100
1783316823669,0,16.56,13087,100
1783316823869,0,16.56,13087,100
1783316824069,0,16.56,13087,100
1783316824270,0,16.58,13087,100
1783316824470,0,16.58,13087,100
1783316824670,0,16.58,13087,100
1783316824870,0,16.58,13087,100
1783316825070,0,16.58,13087,100
1783316825271,0,16.58,13087,100
1783316825471,0,16.58,13087,100
1783316825671,0,16.58,13087,100
1783316825871,0,16.58,13087,100
1783316826072,0,16.58,13087,100
1783316826272,0,16.58,13087,100
1783316826472,0,16.58,13087,100
1783316826672,0,16.58,13087,100
1783316826872,0,16.58,13087,100
1783316827072,0,16.58,13087,100
1783316827273,0,16.57,13087,100
1783316827473,0,16.57,13087,100
1783316827673,0,16.56,13087,100
1783316827873,0,16.56,13087,100
1783316828073,0,16.56,13087,100
1783316828273,0,16.57,13087,100
1783316828474,0,16.57,13087,100
1783316828674,0,16.58,13087,100
1783316828874,0,16.58,13087,100
1783316829074,0,16.58,13087,100
1783316829275,0,16.59,13087,100
1783316829475,0,16.59,13087,100
1783316829675,0,16.6,13087,100
1783316829875,0,16.6,13087,100
1783316830075,0,16.6,13087,100
1783316830275,0,16.6,13087,100
1783316830476,0,16.6,13087,100
1783316830676,0,16.63,13087,100
1783316830876,0,16.63,13087,100
1783316831076,0,16.63,13087,100
1783316831276,0,16.63,13087,100
1783316831477,0,16.63,13087,100
1783316831677,0,16.63,13087,100
1783316831877,0,16.63,13087,100
1783316832077,0,16.63,13087,100
1783316832277,0,16.62,13087,100
1783316832477,0,16.62,13087,100
1783316832678,0,16.61,13087,100
1783316832878,0,16.61,13087,100
1783316833078,0,16.61,13087,100
1783316833278,0,16.61,13087,100
1783316833479,0,16.61,13087,100
1783316833679,0,16.59,13087,100
1783316833879,0,16.59,13087,100
1783316834079,0,16.59,13087,100
1783316834279,0,16.6,13087,100
1783316834480,0,16.6,13087,100
1783316834680,0,16.62,13087,100
1783316834880,0,16.62,13087,100
1783316835080,0,16.62,13087,100
1783316835281,0,16.63,13087,100
1783316835481,0,16.63,13087,100
1783316835681,0,16.62,13087,100
1783316835881,0,16.62,13087,100
1783316836081,0,16.62,13087,100
1783316836281,0,16.62,13087,100
1783316836482,0,16.62,13087,100
1783316836682,0,16.65,13087,100
1783316836882,0,16.65,13087,100
1783316837082,0,16.65,13087,100
1783316837283,0,16.66,13087,100
1783316837483,0,16.66,13087,100
1783316837683,0,16.64,13087,100
1783316837883,0,16.64,13087,100
1783316838083,0,16.64,13087,100
1783316838284,0,16.64,13087,100
1783316838484,0,16.64,13087,100
1783316838684,0,16.63,13087,100
1783316838884,0,16.63,13087,100
1783316839084,0,16.63,13087,100
1783316839285,0,16.63,13087,100
1783316839485,0,16.63,13087,100
1783316839685,0,16.63,13087,100
1783316839885,0,16.63,13087,100
1783316840085,0,16.63,13087,100
1783316840286,0,16.63,13087,100
1783316840486,0,16.63,13087,100
1783316840686,0,16.65,13087,100
1783316840886,0,16.65,13087,100
1783316841087,0,16.65,13087,100
1783316841287,0,16.67,13087,100
1783316841487,0,16.67,13087,100
1783316841687,0,16.68,13087,100
1783316841887,0,16.68,13087,100
1783316842088,0,16.68,13087,100
1783316842288,0,16.65,13087,100
1783316842488,0,16.65,13087,100
1783316842688,0,16.65,13087,100
1783316842889,0,16.65,13087,100
1783316843089,0,16.65,13087,100
1783316843289,0,16.67,13087,100
1783316843489,0,16.67,13087,100
1783316843689,0,16.56,13087,100
1783316843890,0,16.56,13087,100
1783316844090,0,16.56,13087,100
1783316844290,0,16.55,13087,100
1783316844490,0,16.55,13087,100
1783316844691,0,16.55,13087,100
1783316844891,0,16.6,13087,100
1783316845091,0,16.6,13087,100
1783316845291,0,16.63,13087,100
1783316845491,0,16.63,13087,100
1783316845692,0,16.63,13087,100
1783316845892,0,16.64,13087,100
1783316846092,0,16.64,13087,100
1783316846292,0,16.65,13087,100
1783316846492,0,16.65,13087,100
1783316846693,0,16.65,13087,100
1783316846893,0,16.67,13087,100
1783316847093,0,16.67,13087,100
1783316847293,0,16.65,13087,100
1783316847494,0,16.65,13087,100
1783316847694,0,16.65,13087,100
1783316847894,0,16.65,13087,100
1783316848094,0,16.65,13087,100
1783316848294,0,16.66,13087,100
1783316848495,0,16.66,13087,100
1783316848695,0,16.66,13087,100
1783316848895,0,16.66,13087,100
1783316849095,0,16.66,13087,100
1783316849296,0,16.66,13087,100
1783316849496,0,16.66,13087,100
1783316849696,0,16.66,13087,100
1783316849896,0,16.67,13087,100
1783316850096,0,16.67,13087,100
1783316850297,0,16.68,13087,100
1783316850497,0,16.68,13087,100
1783316850697,0,16.68,13087,100
1783316850897,0,16.7,13087,100
1783316851097,0,16.7,13087,100
1783316851298,0,16.72,13087,100
1783316851498,0,16.72,13087,100
1783316851698,0,16.72,13087,100
1783316851898,0,16.71,13087,100
1783316852099,0,16.71,13087,100
1783316852299,0,16.69,13087,100
1783316852499,0,16.69,13087,100
1783316852699,0,16.69,13087,100
1783316852899,0,16.67,13087,100
1783316853100,0,16.67,13087,100
1783316853300,0,16.68,13087,100
1783316853500,0,16.68,13087,100
1783316853700,0,16.68,13087,100
1783316853901,0,16.68,13087,100
1783316854101,0,16.68,13087,100
1783316854301,0,16.68,13087,100
1783316854501,0,16.68,13087,100
1783316854702,0,16.68,13087,100
1783316854902,0,16.67,13087,100
1783316855102,0,16.67,13087,100
1783316855302,0,16.67,13087,100
1783316855502,0,16.67,13087,100
1783316855703,0,16.67,13087,100
1783316855903,0,16.67,13087,100
1783316856103,0,16.67,13087,100
1783316856303,0,16.66,13087,100
1783316856503,0,16.66,13087,100
1783316856704,0,16.66,13087,100
1783316856904,0,16.66,13087,100
1783316857104,0,16.66,13087,100
1783316857304,0,16.66,13087,100
1783316857505,0,16.66,13087,100
1783316857705,0,16.66,13087,100
1783316857905,0,16.67,13087,100
1783316858105,0,16.67,13087,100
1783316858305,0,16.66,13087,100
1783316858506,0,16.66,13087,100
1783316858706,0,16.66,13087,100
1783316858906,0,16.65,13087,100
1783316859106,0,16.65,13087,100
1783316859307,0,16.64,13087,100
1783316859507,0,16.64,13087,100
1783316859707,0,16.64,13087,100
1783316859907,0,16.63,13087,100
1783316860107,0,16.63,13087,100
1783316860308,0,16.62,13087,100
1783316860508,0,16.62,13087,100
1783316860708,0,16.62,13087,100
1783316860908,0,16.62,13087,100
1783316861108,0,16.62,13087,100
1783316861309,0,16.62,13087,100
1783316861509,0,16.62,13087,100
1783316861709,0,16.62,13087,100
1783316861909,0,16.61,13087,100
1783316862110,0,16.61,13087,100
1783316862310,0,16.6,13087,100
1783316862510,0,16.6,13087,100
1783316862710,0,16.6,13087,100
1783316862910,0,16.62,13087,100
1783316863111,0,16.62,13087,100
1783316863311,0,16.61,13087,100
1783316863511,0,16.61,13087,100
1783316863711,0,16.61,13087,100
1783316863911,0,16.6,13087,100
1783316864112,0,16.6,13087,100
1783316864312,0,16.6,13087,100
1783316864512,0,16.6,13087,100
1783316864712,0,16.6,13087,100
1783316864912,0,16.59,13087,100
1783316865113,0,16.59,13087,100
1783316865313,0,16.57,13087,100
1783316865513,0,16.57,13087,100
1783316865713,0,16.57,13087,100
1783316865913,0,16.47,13087,100
1783316866114,0,16.47,13087,100
1783316866314,0,16.46,13087,100
1783316866514,0,16.46,13087,100
1783316866714,0,16.46,13087,100
1783316866914,0,16.55,13087,100
1783316867114,0,16.55,13087,100
1783316867315,0,16.55,13087,100
1783316867515,0,16.57,13087,100
1783316867715,0,16.57,13087,100
1783316867915,0,16.57,13087,100
1783316868115,0,16.57,13087,100
1783316868315,0,16.57,13087,100
1783316868515,0,16.57,13087,100
1783316868716,0,16.57,13087,100
1783316868916,0,16.57,13087,100
1783316869116,0,16.57,13087,100
1783316869316,0,16.57,13087,100
1783316869516,0,16.58,13087,100
1783316869717,0,16.58,13087,100
1783316869917,0,16.54,13087,100
1783316870117,0,16.54,13087,100
1783316870317,0,16.54,13087,100
1783316870517,0,16.53,13087,100
1783316870717,0,16.53,13087,100
1783316870918,0,16.53,13087,100
1783316871118,0,16.53,13087,100
1783316871318,0,16.53,13087,100
1783316871518,0,16.55,13087,100
1783316871718,0,16.55,13087,100
1783316871919,0,16.55,13087,100
1783316872119,0,16.55,13087,100
1783316872319,0,16.55,13087,100
1783316872519,0,16.54,13087,100
1783316872719,0,16.54,13087,100
1783316872919,0,16.53,13087,100
1783316873120,0,16.53,13087,100
1783316873320,0,16.53,13087,100
1783316873520,0,16.54,13087,100
1783316873720,0,16.54,13087,100
1783316873920,0,16.53,13087,100
1783316874120,0,16.53,13087,100
1783316874321,0,16.53,13087,100
1783316874521,0,16.53,13087,100
1783316874721,0,16.53,13087,100
1783316874921,0,16.53,13087,100
1783316875121,0,16.53,13087,100
1783316875321,0,16.53,13087,100
1783316875521,0,16.52,13087,100
1783316875722,0,16.52,13087,100
1783316875922,0,16.5,13087,100
1783316876122,0,16.5,13087,100
1783316876322,0,16.5,13087,100
1783316876522,0,16.51,13087,100
1783316876722,0,16.51,13087,100
1783316876922,0,16.51,13087,100
1783316877123,0,16.51,13087,100
1783316877323,0,16.51,13087,100
1783316877523,0,16.51,13087,100
1783316877723,0,16.51,13087,100
1783316877923,0,16.51,13087,100
1783316878123,0,16.51,13087,100
1783316878324,0,16.51,13087,100
1783316878524,0,16.5,13087,100
1783316878724,0,16.5,13087,100
1783316878924,0,16.49,13087,100
1783316879124,0,16.49,13087,100
1783316879325,0,16.49,13087,100
1783316879525,0,16.48,13087,100
1783316879725,0,16.48,13087,100
1783316879925,0,16.45,13087,100
1783316880125,0,16.45,13087,100
1783316880326,0,16.45,13087,100
1783316880526,0,16.46,13087,100
1783316880726,0,16.46,13087,100
1783316880926,0,16.48,13087,100
1783316881126,0,16.48,13087,100
1783316881326,0,16.48,13087,100
1783316881527,0,16.49,13087,100
1783316881727,0,16.49,13087,100
1783316881927,0,16.48,13087,100
1783316882127,0,16.48,13087,100
1783316882327,0,16.48,13087,100
1783316882527,0,16.49,13087,100
1783316882728,0,16.49,13087,100
1783316882928,0,16.48,13087,100
1783316883128,0,16.48,13087,100
1783316883328,0,16.48,13087,100
1783316883529,0,16.48,13087,100
1783316883729,0,16.48,13087,100
1783316883929,0,16.47,13087,100
1783316884129,0,16.47,13087,100
1783316884329,0,16.47,13087,100
1783316884529,0,16.45,13087,100
1783316884730,0,16.45,13087,100
1783316884930,0,16.41,13087,100
1783316885130,0,16.41,13087,100
1783316885330,0,16.41,13087,100
1783316885531,0,16.39,13087,100
1783316885731,0,16.39,13087,100
1783316885931,0,16.4,13087,100
1783316886131,0,16.4,13087,100
1783316886331,0,16.4,13087,100
1783316886531,0,16.41,13087,100
1783316886731,0,16.41,13087,100
1783316886932,0,16.41,13087,100
1783316887132,0,16.42,13087,100
1783316887332,0,16.42,13087,100
1783316887532,0,16.43,13087,100
1783316887732,0,16.43,13087,100
1783316887933,0,16.06,13087,100
1783316888133,0,16.06,13087,100
1783316888333,0,16.06,13087,100
1783316888533,0,16.03,13087,100
1783316888734,0,16.03,13087,100
1783316888934,0,16.24,13087,100
1783316889134,0,16.24,13087,100
1783316889334,0,16.24,13087,100
1783316889534,0,16.16,13087,100
1783316889735,0,16.16,13087,100
1783316889935,0,16.16,13087,100
1783316890135,0,16.14,13087,100
1783316890335,0,16.14,13087,100
1783316890535,0,16.1,13087,100
1783316890736,0,16.1,13087,100
1783316890936,0,16.1,13087,100
1783316891136,0,16.09,13087,100
1783316891336,0,16.09,13087,100
1783316891536,0,16.1,13087,100
1783316891737,0,16.1,13087,100
1783316891937,0,16.1,13087,100
1783316892137,0,16.09,13087,100
1783316892337,0,16.09,13087,100
1783316892537,0,16.1,13087,100
1783316892738,0,16.1,13087,100
1783316892938,0,16.1,13087,100
1783316893138,0,16.11,13087,100
1783316893338,0,16.11,13087,100
1783316893538,0,16.11,13087,100
1783316893739,0,16.11,13087,100
1783316893939,0,16.11,13087,100
1783316894139,0,16.11,13087,100
1783316894339,0,16.11,13087,100
1783316894539,0,16.12,13087,100
1783316894739,0,16.12,13087,100
1783316894939,0,16.12,13087,100
1783316895140,0,16.14,13087,100
1783316895340,0,16.14,13087,100
1783316895540,0,16.11,13087,100
1783316895740,0,16.11,13087,100
1783316895940,0,16.11,13087,100
1783316896140,0,16.09,13087,100
1783316896340,0,16.09,13087,100
1783316896540,0,16.11,13087,100
1783316896741,0,16.11,13087,100
1783316896941,0,16.11,13087,100
1783316897141,0,16.12,13087,100
1783316897341,0,16.12,13087,100
1783316897541,0,16.1,13087,100
1783316897741,0,16.1,13087,100
1783316897941,0,16.1,13087,100
1783316898142,0,16.09,13087,100
1783316898342,0,16.09,13087,100
1783316898542,0,16.09,13087,100
1783316898742,0,16.09,13087,100
1783316898942,0,16.09,13087,100
1783316899142,0,16.11,13087,100
1783316899342,0,16.11,13087,100
1783316899543,0,16.12,13087,100
1783316899743,0,16.12,13087,100
1783316899943,0,16.12,13087,100
1783316900143,0,16.11,13087,100
1783316900343,0,16.11,13087,100
1783316900543,0,16.1,13087,100
1783316900743,0,16.1,13087,100
1783316900944,0,16.1,13087,100
1783316901144,0,16.09,13087,100
1783316901344,0,16.09,13087,100
1783316901544,0,16.09,13087,100
1783316901744,0,16.09,13087,100
1783316901944,0,16.09,13087,100
1783316902144,0,16.08,13087,100
1783316902344,0,16.08,13087,100
1783316902545,0,16.08,13087,100
1783316902745,0,16.08,13087,100
1783316902945,0,16.08,13087,100
1783316903145,0,16.08,13087,100
1783316903345,0,16.08,13087,100
1783316903546,0,16.09,13087,100
1783316903746,0,16.09,13087,100
1783316903946,0,16.09,13087,100
1783316904146,0,16.08,13087,100
1783316904346,0,16.08,13087,100
1783316904547,0,16.06,13087,100
1783316904747,0,16.06,13087,100
1783316904947,0,16.06,13087,100
1783316905147,0,16.06,13087,100
1783316905347,0,16.06,13087,100
1783316905548,0,16.07,13087,100
1783316905748,0,16.07,13087,100
1783316905948,0,16.07,13087,100
1783316906148,0,16.06,13087,100
1783316906348,0,16.06,13087,100
1783316906548,0,16.04,13087,100
1783316906749,0,16.04,13087,100
1783316906949,0,16.04,13087,100
1783316907149,0,16.07,13087,100
1783316907349,0,16.07,13087,100
1783316907549,0,16.06,13087,100
1783316907750,0,16.06,13087,100
1783316907950,0,16.06,13087,100
1783316908150,0,16.04,13087,100
1783316908350,0,16.04,13087,100
1783316908550,0,16.06,13087,100
1783316908751,0,16.06,13087,100
1783316908951,0,16.06,13087,100
1783316909151,0,16.08,13087,100
1783316909351,0,16.08,13087,100
1783316909551,0,16.07,13087,100
1783316909751,0,16.07,13087,100
1783316909952,0,16.07,13087,100
1783316910152,0,16.06,13087,100
1783316910352,0,16.06,13087,100
1783316910552,0,16.06,13087,100
1783316910752,0,16.07,13087,100
1783316910953,0,16.07,13087,100
1783316911153,0,16.21,13087,100
1783316911353,0,16.21,13087,100
1783316911553,0,16.21,13087,100
1783316911753,0,16.25,13087,100
1783316911954,0,16.25,13087,100
1783316912154,0,16.07,13087,100
1783316912354,0,16.07,13087,100
1783316912554,0,16.07,13087,100
1783316912754,0,16.01,13087,100
1783316912955,0,16.01,13087,100
1783316913155,0,16.04,13087,100
1783316913355,0,16.04,13087,100
1783316913555,0,16.04,13087,100
1783316913755,0,16.03,13087,100
1783316913955,0,16.03,13087,100
1783316914156,0,16.04,13087,100
1783316914356,0,16.04,13087,100
1783316914556,0,16.04,13087,100
1783316914756,0,16.07,13087,100
1783316914956,0,16.07,13087,100
1783316915157,0,16.09,13087,100
1783316915357,0,16.09,13087,100
1783316915557,0,16.09,13087,100
1783316915757,0,16.06,13087,100
1783316915957,0,16.06,13087,100
1783316916157,0,16.04,13087,100
1783316916358,0,16.04,13087,100
1783316916558,0,16.04,13087,100
1783316916758,0,16.05,13087,100
1783316916958,0,16.05,13087,100
1783316917158,0,16.06,13087,100
1783316917358,0,16.06,13087,100
1783316917558,0,16.06,13087,100
1783316917758,0,16.06,13087,100
1783316917959,0,16.06,13087,100
1783316918159,0,16.06,13087,100
1783316918359,0,16.06,13087,100
1783316918559,0,16.06,13087,100
1783316918759,0,16.06,13087,100
1783316918959,0,16.06,13087,100
1783316919159,0,16.05,13087,100
1783316919359,0,16.05,13087,100
1783316919560,0,16.05,13087,100
1783316919760,0,16.04,13087,100
1783316919960,0,16.04,13087,100
1783316920160,0,16.05,13087,100
1783316920360,0,16.05,13087,100
1783316920560,0,16.05,13087,100
1783316920760,0,16.06,13087,100
1783316920961,0,16.06,13087,100
1783316921161,0,16.06,13087,100
1783316921361,0,16.06,13087,100
1783316921561,0,16.06,13087,100
1783316921761,0,16.05,13087,100
1783316921961,0,16.05,13087,100
1783316922162,0,16.05,13087,100
1783316922362,0,16.05,13087,100
1783316922562,0,16.05,13087,100
1783316922762,0,16.06,13087,100
1783316922962,0,16.06,13087,100
1783316923163,0,16.05,13087,100
1783316923363,0,16.05,13087,100
1783316923563,0,16.05,13087,100
1783316923763,0,16.05,13087,100
1783316923963,0,16.05,13087,100
1783316924163,0,16.07,13087,100
1783316924364,0,16.07,13087,100
1783316924564,0,16.07,13087,100
1783316924764,0,16.06,13087,100
1783316924964,0,16.06,13087,100
1783316925164,0,16.05,13087,100
1783316925365,0,16.05,13087,100
1783316925565,0,16.05,13087,100
1783316925765,0,16.0,13087,100
1783316925965,0,16.0,13087,100
1783316926165,0,15.97,13087,100
1783316926366,0,15.97,13087,100
1783316926566,0,15.97,13087,100
1783316926766,0,15.99,13087,100
1783316926966,0,15.99,13087,100
1783316927166,0,16.03,13087,100
1783316927366,0,16.03,13087,100
1783316927566,0,16.03,13087,100
1783316927767,0,16.05,13087,100
1783316927967,0,16.05,13087,100
1783316928167,0,16.05,13087,100
1783316928367,0,16.05,13087,100
1783316928567,0,16.05,13087,100
1783316928767,0,16.03,13087,100
1783316928967,0,16.03,13087,100
1783316929167,0,16.05,13087,100
1783316929368,0,16.05,13087,100
1783316929568,0,16.05,13087,100
1783316929768,0,16.05,13087,100
1783316929968,0,16.05,13087,100
1783316930168,0,16.05,13087,100
1783316930368,0,16.05,13087,100
1783316930568,0,16.05,13087,100
1783316930768,0,16.05,13087,100
1783316930968,0,16.05,13087,100
1783316931169,0,16.03,13087,100
1783316931369,0,16.03,13087,100
1783316931569,0,16.03,13087,100
1783316931769,0,16.01,13087,100
1783316931969,0,16.01,13087,100
1783316932170,0,16.01,13087,100
1783316932370,0,16.01,13087,100
1783316932570,0,16.01,13087,100
1783316932770,0,16.01,13087,100
1783316932970,0,16.01,13087,100
1783316933170,0,16.01,13087,100
1783316933370,0,16.0,13087,100
1783316933571,0,16.0,13087,100
1783316933771,0,16.07,13087,100
1783316933971,0,16.07,13087,100
1783316934171,0,16.07,13087,100
1783316934371,0,16.2,13087,100
1783316934571,0,16.2,13087,100
1783316934771,0,16.15,13087,100
1783316934972,0,16.15,13087,100
1783316935172,0,16.15,13087,100
1783316935372,0,16.02,13087,100
1783316935572,0,16.02,13087,100
1783316935772,0,16.03,13087,100
1783316935972,0,16.03,13087,100
1783316936173,0,16.03,13087,100
1783316936373,0,16.04,13087,100
1783316936573,0,16.04,13087,100
1783316936773,0,16.01,13087,100
1783316936973,0,16.01,13087,100
1783316937173,0,16.01,13087,100
1783316937374,0,15.99,13087,100
1783316937574,0,15.99,13087,100
1783316937774,0,16.01,13087,100
1783316937974,0,16.01,13087,100
1783316938174,0,16.01,13087,100
1783316938374,0,16.05,13087,100
1783316938575,0,16.05,13087,100
1783316938775,0,16.04,13087,100
1783316938975,0,16.04,13087,100
1783316939175,0,16.04,13087,100
1783316939375,0,16.02,13087,100
1783316939575,0,16.02,13087,100
1783316939775,0,16.01,13087,100
1783316939976,0,16.01,13087,100
1783316940176,0,16.01,13087,100
1783316940376,0,16.01,13087,100
1783316940576,0,16.01,13087,100
1783316940776,0,16.02,13087,100
1783316940977,0,16.02,13087,100
1783316941177,0,16.02,13087,100
1783316941377,0,16.01,13087,100
1783316941577,0,16.01,13087,100
1783316941777,0,16.03,13087,100
1783316941977,0,16.03,13087,100
1783316942178,0,16.03,13087,100
1783316942378,0,16.04,13087,100
1783316942578,0,16.04,13087,100
1783316942778,0,16.05,13087,100
1783316942978,0,16.05,13087,100
1783316943179,0,16.05,13087,100
1783316943379,0,16.01,13087,100
1783316943579,0,16.01,13087,100
1783316943779,0,16.0,13087,100
1783316943979,0,16.0,13087,100
1783316944179,0,16.0,13087,100
1783316944380,0,16.02,13087,100
1783316944580,0,16.02,13087,100
1783316944780,0,16.02,13087,100
1783316944980,0,16.02,13087,100
1783316945180,0,16.02,13087,100
1783316945381,0,16.02,13087,100
1783316945581,0,16.02,13087,100
1783316945781,0,16.0,13087,100
1783316945981,0,16.0,13087,100
1783316946181,0,16.0,13087,100
1783316946382,0,15.99,13087,100
1783316946582,0,15.99,13087,100
1783316946782,0,15.98,13087,100
1783316946982,0,15.98,13087,100
1783316947182,0,15.98,13087,100
1783316947382,0,15.99,13087,100
1783316947582,0,15.99,13087,100
1783316947782,0,15.98,13087,100
1783316947983,0,15.98,13087,100
1783316948183,0,15.98,13087,100
1783316948383,0,16.0,13087,100
1783316948583,0,16.0,13087,100
1783316948783,0,16.02,13087,100
1783316948983,0,16.02,13087,100
1783316949184,0,16.02,13087,100
1783316949384,0,16.02,13087,100
1783316949584,0,16.02,13087,100
1783316949784,0,16.0,13087,100
1783316949984,0,16.0,13087,100
1783316950184,0,16.0,13087,100
1783316950384,0,15.99,13087,100
1783316950584,0,15.99,13087,100
1783316950785,0,15.99,13087,100
1783316950985,0,16.01,13087,100
1783316951185,0,16.01,13087,100
1783316951385,0,16.01,13087,100
1783316951585,0,16.01,13087,100
1783316951785,0,16.01,13087,100
1783316951985,0,16.01,13087,100
1783316952185,0,16.01,13087,100
1783316952386,0,16.0,13087,100
1783316952586,0,16.0,13087,100
1783316952786,0,16.0,13087,100
1783316952986,0,16.0,13087,100
1783316953186,0,16.0,13087,100
1783316953386,0,16.01,13087,100
1783316953586,0,16.01,13087,100
1783316953787,0,16.01,13087,100
1783316953987,0,16.01,13087,100
1783316954187,0,16.01,13087,100
1783316954387,0,16.02,13087,100
1783316954587,0,16.02,13087,100
1783316954788,0,16.02,13087,100
1783316954988,0,16.01,13087,100
1783316955188,0,16.01,13087,100
1783316955388,0,16.01,13087,100
1783316955588,0,16.01,13087,100
1783316955789,0,16.01,13087,100
1783316955989,0,16.01,13087,100
1783316956189,0,16.01,13087,100
1783316956389,0,15.71,13087,100
1783316956589,0,15.71,13087,100
1783316956789,0,15.71,13087,100
1783316956990,0,15.94,13087,100
1783316957190,0,15.94,13087,100
1783316957390,0,16.26,13087,100
1783316957590,0,16.26,13087,100
1783316957791,0,16.26,13087,100
1783316957991,0,16.06,13087,100
1783316958191,0,16.06,13087,100
1783316958391,0,16.01,13087,100
1783316958591,0,16.01,13087,100
1783316958792,0,16.01,13087,100
1783316958992,0,16.03,13087,100
1783316959192,0,16.03,13087,100
1783316959392,0,16.02,13087,100
1783316959592,0,16.02,13087,100
1783316959793,0,16.02,13087,100
1783316959993,0,16.02,13087,100
1783316960193,0,16.02,13087,100
1783316960393,0,16.01,13087,100
1783316960593,0,16.01,13087,100
1783316960794,0,16.01,13087,100
1783316960994,0,16.02,13087,100
1783316961194,0,16.02,13087,100
1783316961394,0,16.04,13087,100
1783316961595,0,16.04,13087,100
1783316961795,0,16.04,13087,100
1783316961995,0,16.0,13087,100
1783316962195,0,16.0,13087,100
1783316962395,0,16.0,13087,100
1783316962596,0,16.0,13087,100
1783316962796,0,16.0,13087,100
1783316962996,0,16.0,13087,100
1783316963196,0,16.0,13087,100
1783316963397,0,15.99,13087,100
1783316963597,0,15.99,13087,100
1783316963797,0,15.99,13087,100
1783316963997,0,16.02,13087,100
1783316964197,0,16.02,13087,100
1783316964397,0,16.04,13087,100
1783316964598,0,16.04,13087,100
1783316964798,0,16.04,13087,100
1783316964998,0,16.05,13087,100
1783316965199,0,16.05,13087,100
1783316965399,0,16.05,13087,100
1783316965599,0,16.05,13087,100
1783316965799,0,16.05,13087,100
1783316965999,0,16.03,13087,100
1783316966199,0,16.03,13087,100
1783316966400,0,16.02,13087,100
1783316966600,0,16.02,13087,100
1783316966800,0,16.02,13087,100
1783316967000,0,16.04,13087,100
1783316967200,0,16.04,13087,100
1783316967401,0,16.01,13087,100
1783316967601,0,16.01,13087,100
1783316967801,0,16.01,13087,100
1783316968001,0,16.01,13087,100
1783316968201,0,16.01,13087,100
1783316968402,0,16.01,13087,100
1783316968602,0,16.01,13087,100
1783316968802,0,16.01,13087,100
1783316969002,0,16.02,13087,100
1783316969202,0,16.02,13087,100
1783316969403,0,16.02,13087,100
1783316969603,0,16.05,13087,100
1783316969803,0,16.05,13087,100
1783316970003,0,16.04,13087,100
1783316970203,0,16.04,13087,100
1783316970404,0,16.04,13087,100
1783316970604,0,16.04,13087,100
1783316970804,0,16.04,13087,100
1783316971004,0,16.05,13087,100
1783316971204,0,16.05,13087,100
1783316971405,0,16.05,13087,100
1783316971605,0,16.06,13087,100
1783316971805,0,16.06,13087,100
1783316972005,0,16.06,13087,100
1783316972205,0,16.06,13087,100
1783316972406,0,16.06,13087,100
1783316972606,0,16.04,13087,100
1783316972806,0,16.04,13087,100
1783316973006,0,16.01,13087,100
1783316973206,0,16.01,13087,100
1783316973407,0,16.01,13087,100
1783316973607,0,16.0,13087,100
1783316973807,0,16.0,13087,100
1783316974007,0,16.01,13087,100
1783316974207,0,16.01,13087,100
1783316974408,0,16.01,13087,100
1783316974608,0,16.01,13087,100
1783316974808,0,16.01,13087,100
1783316975008,0,16.0,13087,100
1783316975208,0,16.0,13087,100
1783316975409,0,16.0,13087,100
1783316975609,0,16.01,13087,100
1783316975809,0,16.01,13087,100
1783316976009,0,16.03,13087,100
1783316976209,0,16.03,13087,100
1783316976410,0,16.03,13087,100
1783316976610,0,16.02,13087,100
1783316976810,0,16.02,13087,100
1783316977010,0,16.0,13087,100
1783316977210,0,16.0,13087,100
1783316977410,0,16.0,13087,100
1783316977611,0,15.99,13087,100
1783316977811,0,15.99,13087,100
1783316978011,0,15.99,13087,100
1783316978211,0,15.99,13087,100
1783316978411,0,15.99,13087,100
1783316978611,0,16.02,13087,100
1783316978812,0,16.02,13087,100
1783316979012,0,16.02,13087,100
1783316979212,0,16.02,13087,100
1783316979412,0,16.02,13087,100
1783316979612,0,16.01,13087,100
1783316979813,0,16.01,13087,100
1783316980013,0,16.06,13087,100
1783316980213,0,16.06,13087,100
1783316980413,0,16.06,13087,100
1783316980613,0,16.02,13087,100
1783316980813,0,16.02,13087,100
1783316981014,0,15.96,13087,100
1783316981214,0,15.96,13087,100
1783316981414,0,15.96,13087,100
1783316981614,0,15.97,13087,100
1783316981814,0,15.97,13087,100
1783316982015,0,15.96,13087,100
1783316982215,0,15.96,13087,100
1783316982415,0,15.96,13087,100
1783316982615,0,15.98,13087,100
1783316982815,0,15.98,13087,100
1783316983015,0,15.98,13087,100
1783316983216,0,15.98,13087,100
1783316983416,0,15.98,13087,100
1783316983616,0,15.96,13087,100
1783316983816,0,15.96,13087,100
1783316984016,0,15.96,13087,100
1783316984216,0,15.97,13087,100
1783316984417,0,15.97,13087,100
1783316984617,0,15.97,13087,100
1783316984817,0,15.97,13087,100
1783316985017,0,15.97,13087,100
1783316985217,0,15.97,13087,100
1783316985418,0,15.97,13087,100
1783316985618,0,15.97,13087,100
1783316985818,0,15.97,13087,100
1783316986018,0,15.97,13087,100
1783316986219,0,15.94,13087,100
1783316986419,0,15.94,13087,100
1783316986619,0,15.94,13087,100
1783316986819,0,15.94,13087,100
1783316987020,0,15.94,13087,100
1783316987220,0,15.95,13087,100
1783316987420,0,15.95,13087,100
1783316987620,0,15.95,13087,100
1783316987820,0,15.95,13087,100
1783316988021,0,15.95,13087,100
1783316988221,0,15.94,13087,100
1783316988421,0,15.94,13087,100
1783316988621,0,15.92,13087,100
1783316988822,0,15.92,13087,100
1783316989022,0,15.92,13087,100
1783316989222,0,15.92,13087,100
1783316989422,0,15.92,13087,100
1783316989622,0,15.92,13087,100
1783316989823,0,15.92,13087,100
1783316990023,0,15.92,13087,100
1783316990223,0,15.9,13087,100
1783316990423,0,15.9,13087,100
1783316990623,0,15.95,13087,100
1783316990824,0,15.95,13087,100
1783316991024,0,15.95,13087,100
1783316991224,0,15.98,13087,100
1783316991424,0,15.98,13087,100
1783316991625,0,15.93,13087,100
1783316991825,0,15.93,13087,100
1783316992025,0,15.93,13087,100
1783316992225,0,15.91,13087,100
1783316992426,0,15.91,13087,100
1783316992626,0,15.93,13087,100
1783316992826,0,15.93,13087,100
1783316993026,0,15.93,13087,100
1783316993227,0,15.92,13087,100
1783316993427,0,15.92,13087,100
1783316993627,0,15.92,13087,100
1783316993827,0,15.92,13087,100
1783316994027,0,15.92,13087,100
1783316994228,0,15.96,13087,100
1783316994428,0,15.96,13087,100
1783316994628,0,15.96,13087,100
1783316994828,0,15.96,13087,100
1783316995029,0,15.96,13087,100
1783316995229,0,15.94,13087,100
1783316995429,0,15.94,13087,100
1783316995629,0,15.96,13087,100
1783316995829,0,15.96,13087,100
1783316996030,0,15.96,13087,100
1783316996230,0,15.98,13087,100
1783316996430,0,15.98,13087,100
1783316996630,0,15.97,13087,100
1783316996830,0,15.97,13087,100
1783316997031,0,15.97,13087,100
1783316997231,0,15.95,13087,100
1783316997431,0,15.95,13087,100
1783316997631,0,15.94,13087,100
1783316997831,0,15.94,13087,100
1783316998031,0,15.94,13087,100
1783316998232,0,15.94,13087,100
1783316998432,0,15.94,13087,100
1783316998632,0,15.96,13087,100
1783316998832,0,15.96,13087,100
1783316999032,0,15.96,13087,100
1783316999233,0,15.98,13087,100
1783316999433,0,15.98,13087,100
1783316999633,0,15.98,13087,100
1783316999833,0,15.99,13087,100
1783317000033,0,15.99,13087,100
1783317000234,0,16.0,13087,100
1783317000434,0,16.0,13087,100
1783317000634,0,16.0,13087,100
1783317000834,0,16.0,13087,100
1783317001034,0,16.0,13087,100
1783317001235,0,15.99,13087,100
1783317001435,0,15.99,13087,100
1783317001635,0,15.97,13087,100
1783317001835,0,15.97,13087,100
1783317002035,0,15.97,13087,100
1783317002236,0,16.62,13087,100
1783317002436,0,16.62,13087,100
1783317002636,0,16.62,13087,100
1783317002836,0,16.94,13087,100
1783317003037,0,16.94,13087,100
1783317003237,0,16.46,13087,100
1783317003437,0,16.46,13087,100
1783317003637,0,16.46,13087,100
1783317003837,0,16.24,13087,100
1783317004038,0,16.24,13087,100
1783317004238,0,16.24,13087,100
1783317004438,0,16.24,13087,100
1783317004638,0,16.24,13087,100
1783317004838,0,16.24,13087,100
1783317005039,0,16.24,13087,100
1783317005239,0,16.26,13087,100
1783317005439,0,16.26,13087,100
1783317005639,0,16.26,13087,100
1783317005839,0,16.28,13087,100
1783317006040,0,16.28,13087,100
1783317006240,0,16.25,13087,100
1783317006440,0,16.25,13087,100
1783317006640,0,16.25,13087,100
1783317006840,0,16.23,13087,100
1783317007041,0,16.23,13087,100
1783317007241,0,16.23,13087,100
1783317007441,0,16.23,13087,100
1783317007641,0,16.23,13087,100
1783317007842,0,16.21,13087,100
1783317008042,0,16.21,13087,100
1783317008242,0,16.21,13087,100
1783317008442,0,16.21,13087,100
1783317008642,0,16.21,13087,100
1783317008842,0,16.22,13087,100
1783317009042,0,16.22,13087,100
1783317009243,0,16.24,13087,100
1783317009443,0,16.24,13087,100
1783317009643,0,16.24,13087,100
1783317009843,0,16.25,13087,100
1783317010044,0,16.25,13087,100
1783317010244,0,16.27,13087,100
1783317010444,0,16.27,13087,100
1783317010644,0,16.27,13087,100
1783317010844,0,16.26,13087,100
1783317011044,0,16.26,13087,100
1783317011245,0,16.26,13087,100
1783317011445,0,16.26,13087,100
1783317011645,0,16.26,13087,100
1783317011845,0,16.26,13087,100
1783317012045,0,16.26,13087,100
1783317012245,0,16.25,13087,100
1783317012446,0,16.25,13087,100
1783317012646,0,16.25,13087,100
1783317012846,0,16.24,13087,100
1783317013046,0,16.24,13087,100
1783317013246,0,16.09,13087,100
1783317013447,0,16.09,13087,100
1783317013647,0,16.09,13087,100
1783317013847,0,16.07,13087,100
1783317014047,0,16.07,13087,100
1783317014247,0,16.2,13087,100
1783317014448,0,16.2,13087,100
1783317014648,0,16.2,13087,100
1783317014848,0,16.26,13087,100
1783317015048,0,16.26,13087,100
1783317015254,0,16.25,13087,100
1783317015454,0,16.25,13087,100
1783317015654,0,16.25,13087,100
1783317015855,0,16.28,13087,100
1783317016055,0,16.28,13087,100
1783317016255,0,16.29,13087,100
1783317016455,0,16.29,13087,100
1783317016655,0,16.29,13087,100
1783317016855,0,16.28,13087,100
1783317017056,0,16.28,13087,100
1783317017256,0,16.27,13087,100
1783317017456,0,16.27,13087,100
1783317017656,0,16.27,13087,100
1783317017856,0,16.26,13087,100
1783317018057,0,16.26,13087,100
1783317018257,0,16.26,13087,100
1783317018457,0,16.26,13087,100
1783317018657,0,16.26,13087,100
1783317018857,0,16.23,13087,100
1783317019058,0,16.23,13087,100
1783317019258,0,16.23,13087,100
1783317019458,0,16.23,13087,100
1783317019658,0,16.23,13087,100
1783317019858,0,16.22,13087,100
1783317020058,0,16.22,13087,100
1783317020699,0,16.22,13087,100
1783317020899,0,16.22,13087,100
1783317021099,0,16.22,13087,100
1783317021300,0,16.23,13087,100
1783317021500,0,16.23,13087,100
1783317021700,0,16.24,13087,100
1783317021900,0,16.24,13087,100
1783317022100,0,16.24,13087,100
1783317022300,0,16.23,13087,100
1783317022501,0,16.23,13087,100
1783317022701,0,16.23,13087,100
1783317022901,0,16.24,13087,100
1783317023101,0,16.24,13087,100
1783317023302,0,16.23,13087,100
1783317023502,0,16.23,13087,100
1783317023702,0,16.23,13087,100
1783317023902,0,16.23,13087,100
1783317024102,0,16.23,13087,100
1783317024303,0,16.23,13087,100
1783317024503,0,16.23,13087,100
1783317024703,0,16.23,13087,100
1783317024903,0,16.09,13087,100
1783317025103,0,16.09,13087,100
1783317025304,0,16.09,13087,100
1783317025504,0,16.09,13087,100
1783317025704,0,16.09,13087,100
1783317025904,0,16.21,13087,100
1783317026104,0,16.21,13087,100
1783317026304,0,16.28,13087,100
1783317026504,0,16.28,13087,100
1783317026705,0,16.28,13087,100
1783317026905,0,16.27,13087,100
1783317027105,0,16.27,13087,100
1783317027305,0,16.26,13087,100
1783317027505,0,16.26,13087,100
1783317027706,0,16.26,13087,100
1783317027906,0,16.25,13087,100
1783317028106,0,16.25,13087,100
1783317028306,0,16.23,13087,100
1783317028507,0,16.23,13087,100
1783317028707,0,16.23,13087,100
1783317028907,0,16.22,13087,100
1783317029107,0,16.22,13087,100
1783317029307,0,16.22,13087,100
1783317029507,0,16.22,13087,100
1783317029708,0,16.22,13087,100
1783317029908,0,16.22,13087,100
1783317030108,0,16.22,13087,100
1783317030308,0,16.25,13087,100
1783317030508,0,16.25,13087,100
1783317030709,0,16.25,13087,100
1783317030909,0,16.32,13087,100
1783317031109,0,16.32,13087,100
1783317031309,0,16.3,13087,100
1783317031510,0,16.3,13087,100
1783317031710,0,16.3,13087,100
1783317031910,0,16.21,13087,100
1783317032110,0,16.21,13087,100
1783317032310,0,16.24,13087,100
1783317032511,0,16.24,13087,100
1783317032711,0,16.24,13087,100
1783317032911,0,16.25,13087,100
1783317033111,0,16.25,13087,100
1783317033311,0,16.26,13087,100
1783317033512,0,16.26,13087,100
1783317033712,0,16.26,13087,100
1783317033912,0,16.3,13087,100
1783317034112,0,16.3,13087,100
1783317034312,0,16.28,13087,100
1783317034513,0,16.28,13087,100
1783317034713,0,16.28,13087,100
1783317034913,0,16.22,13087,100
1783317035113,0,16.22,13087,100
1783317035313,0,16.23,13087,100
1783317035514,0,16.23,13087,100
1783317035714,0,16.23,13087,100
1783317035914,0,15.88,13087,94
1783317036114,0,15.88,13087,94
1783317036314,0,15.74,13087,100
1783317036515,0,15.74,13087,100
1783317036715,0,15.74,13087,100
1783317036915,0,16.02,13087,100
1783317037115,0,16.02,13087,100
1783317037315,0,16.01,13087,100
1783317037515,0,16.01,13087,100
1783317037716,0,16.01,13087,100
1783317037916,0,16.03,13087,100
1783317038116,0,16.03,13087,100
1783317038316,0,16.03,13087,100
1783317038516,0,16.03,13087,100
1783317038717,0,16.03,13087,100
1783317038917,0,16.0,13087,100
1783317039117,0,16.0,13087,100
1783317039317,0,15.98,13087,100
1783317039517,0,15.98,13087,100
1783317039718,0,15.98,13087,100
1783317039918,0,15.98,13087,100
1783317040118,0,15.98,13087,100
1783317040318,0,15.97,13087,100
1783317040518,0,15.97,13087,100
1783317040718,0,15.97,13087,100
1783317040919,0,16.0,13087,100
1783317041119,0,16.0,13087,100
1783317041319,0,15.99,13087,100
1783317041519,0,15.99,13087,100
1783317041719,0,15.99,13087,100
1783317041920,0,15.99,13087,100
1783317042120,0,15.99,13087,100
1783317042320,0,15.98,13087,100
1783317042520,0,15.98,13087,100
1783317042720,0,15.98,13087,100
1783317042921,0,15.96,13087,100
1783317043121,0,15.96,13087,100
1783317043321,0,15.97,13087,100
1783317043521,0,15.97,13087,100
1783317043721,0,15.97,13087,100
1783317043922,0,15.98,13087,100
1783317044122,0,15.98,13087,100
1783317044322,0,15.98,13087,100
1783317044522,0,15.98,13087,100
1783317044722,0,15.98,13087,100
1783317044922,0,16.0,13087,100
1783317045123,0,16.0,13087,100
1783317045323,0,16.01,13087,100
1783317045523,0,16.01,13087,100
1783317045723,0,16.01,13087,100
1783317045923,0,15.99,13087,100
1783317046123,0,15.99,13087,100
1783317046324,0,15.99,13087,100
1783317046524,0,15.98,13087,100
1783317046724,0,15.98,13087,100
1783317046924,0,15.98,13087,100
1783317047124,0,15.98,13087,100
1783317047324,0,15.98,13087,100
1783317047525,0,15.93,13087,100
1783317047725,0,15.93,13087,100
1783317047925,0,15.94,13087,100
1783317048125,0,15.94,13087,100
1783317048325,0,15.94,13087,100
1783317048526,0,16.0,13087,100
1783317048726,0,16.0,13087,100
1783317048926,0,15.99,13087,100
1783317049126,0,15.99,13087,100
1783317049326,0,15.99,13087,100
1783317049527,0,15.96,13087,100
1783317049727,0,15.96,13087,100
1783317049927,0,15.96,13087,100
1783317050127,0,15.96,13087,100
1783317050327,0,15.96,13087,100
1783317050527,0,15.96,13087,100
1783317050728,0,15.96,13087,100
1783317050928,0,15.96,13087,100
1783317051128,0,15.96,13087,100
1783317051328,0,15.96,13087,100
1783317051528,0,15.96,13087,100
1783317051728,0,15.96,13087,100
1783317051929,0,15.97,13087,100
1783317052129,0,15.97,13087,100
1783317052329,0,15.97,13087,100
1783317052529,0,15.98,13087,100
1783317052729,0,15.98,13087,100
1783317052930,0,15.97,13087,100
1783317053130,0,15.97,13087,100
1783317053330,0,15.97,13087,100
1783317053530,0,15.96,13087,100
1783317053730,0,15.96,13087,100
1783317053930,0,15.96,13087,100
1783317054131,0,15.96,13087,100
1783317054331,0,15.96,13087,100
1783317054531,0,15.95,13087,100
1783317054731,0,15.95,13087,100
1783317054931,0,15.94,13087,100
1783317055131,0,15.94,13087,100
1783317055331,0,15.94,13087,100
1783317055531,0,15.95,13087,100
1783317055731,0,15.95,13087,100
1783317055931,0,15.96,13087,100
1783317056131,0,15.96,13087,100
1783317056331,0,15.96,13087,100
1783317056532,0,15.96,13087,100
1783317056732,0,15.96,13087,100
1783317056932,0,15.97,13087,100
1783317057132,0,15.97,13087,100
1783317057332,0,15.97,13087,100
1783317057532,0,15.97,13087,100
1783317057732,0,15.97,13087,100
1783317057932,0,16.03,13087,100
1783317058133,0,16.03,13087,100
1783317058333,0,16.07,13087,100
1783317058533,0,16.07,13087,100
1783317058733,0,16.07,13087,100
1783317058933,0,16.08,13087,100
1783317059133,0,16.08,13087,100
1783317059334,0,16.08,13087,100
1783317059534,0,16.08,13087,100
1783317059734,0,16.08,13087,100
1783317059934,0,16.12,13087,100
1783317060134,0,16.12,13087,100
1783317060334,0,16.12,13087,100
1783317060534,0,16.12,13087,100
1783317060735,0,16.12,13087,100
1783317060935,0,16.08,13087,100
1783317061135,0,16.08,13087,100
1783317061335,0,16.11,13087,100
1783317061535,0,16.11,13087,100
1783317061735,0,16.11,13087,100
1783317061935,0,16.13,13087,100
1783317062135,0,16.13,13087,100
1783317062336,0,16.12,13087,100
1783317062536,0,16.12,13087,100
1783317062736,0,16.12,13087,100
1783317062936,0,16.12,13087,100
1783317063136,0,16.12,13087,100
1783317063336,0,16.13,13087,100
1783317063536,0,16.13,13087,100
1783317063736,0,16.13,13087,100
1783317063937,0,16.1,13087,100
1783317064137,0,16.1,13087,100
1783317064337,0,16.02,13087,100
1783317064537,0,16.02,13087,100
1783317064737,0,16.02,13087,100
1783317064937,0,15.96,13087,100
1783317065137,0,15.96,13087,100
1783317065337,0,16.0,13087,100
1783317065538,0,16.0,13087,100
1783317065738,0,16.07,13087,100
1783317065938,0,16.07,13087,100
1783317066138,0,16.07,13087,100
1783317066338,0,16.09,13087,100
1783317066538,0,16.09,13087,100
1783317066738,0,16.07,13087,100
1783317066938,0,16.07,13087,100
1783317067139,0,16.07,13087,100
1783317067339,0,16.06,13087,100
1783317067539,0,16.06,13087,100
1783317067739,0,16.08,13087,100
1783317067941,0,16.08,13087,100
1783317068141,0,16.08,13087,100
1783317068341,0,16.09,13087,100
1783317068541,0,16.09,13087,100
1783317068741,0,16.02,13087,100
1783317068941,0,16.02,13087,100
1783317069141,0,16.02,13087,100
1783317069341,0,15.94,13087,100
1783317069542,0,15.94,13087,100
1783317069742,0,15.93,13087,100
1783317069942,0,15.93,13087,100
1783317070142,0,15.93,13087,100
1783317070342,0,15.9,13087,100
1783317070543,0,15.9,13087,100
1783317070743,0,15.6,13087,100
1783317070943,0,15.6,13087,100
1783317071143,0,15.6,13087,100
1783317071343,0,15.64,13087,100
1783317071543,0,15.64,13087,100
1783317071743,0,15.96,13087,100
1783317071944,0,15.96,13087,100
1783317072144,0,15.96,13087,100
1783317072344,0,15.94,13087,100
1783317072544,0,15.94,13087,100
1783317072744,0,15.94,13087,100
1783317072945,0,15.94,13087,100
1783317073145,0,15.94,13087,100
1783317073345,0,15.97,13087,100
1783317073545,0,15.97,13087,100
1783317073745,0,15.97,13087,100
1783317073945,0,15.97,13087,100
1783317074146,0,15.97,13087,100
1783317074346,0,15.96,13087,100
1783317074546,0,15.96,13087,100
1783317074746,0,15.96,13087,100
1783317074946,0,15.96,13087,100
1783317075147,0,15.96,13087,100
1783317075347,0,15.95,13087,100
1783317075547,0,15.95,13087,100
1783317075747,0,15.94,13087,100
1783317075947,0,15.94,13087,100
1783317076147,0,15.94,13087,100
1783317076348,0,15.95,13087,100
1783317076548,0,15.95,13087,100
1783317076748,0,15.96,13087,100
1783317076948,0,15.96,13087,100
1783317077149,0,15.96,13087,100
1783317077349,0,15.94,13087,100
1783317077549,0,15.94,13087,100
1783317077749,0,15.94,13087,100
1783317077949,0,15.92,13087,100
1783317078149,0,15.92,13087,100
1783317078350,0,15.93,13087,100
1783317078550,0,15.93,13087,100
1783317078750,0,15.93,13087,100
1783317078950,0,15.93,13087,100
1783317079150,0,15.93,13087,100
1783317079351,0,15.93,13087,100
1783317079551,0,15.93,13087,100
1783317079751,0,15.93,13087,100
1783317079951,0,15.92,13087,100
1783317080151,0,15.92,13087,100
1783317080352,0,15.91,13087,100
1783317080552,0,15.91,13087,100
1783317080752,0,15.91,13087,100
1783317080952,0,15.93,13087,100
1783317081152,0,15.93,13087,100
1783317081352,0,15.93,13087,100
1783317081553,0,15.93,13087,100
1783317081753,0,15.93,13087,100
1783317081953,0,15.83,13087,100
1783317082153,0,15.83,13087,100
1783317082353,0,15.81,13087,100
1783317082554,0,15.81,13087,100
1783317082754,0,15.81,13087,100
1783317082954,0,15.88,13087,100
1783317083154,0,15.88,13087,100
1783317083354,0,15.85,13087,100
1783317083555,0,15.85,13087,100
1783317083755,0,15.85,13087,100
1783317083955,0,15.86,13087,100
1783317084155,0,15.86,13087,100
1783317084355,0,15.87,13087,100
1783317084555,0,15.87,13087,100
1783317084756,0,15.87,13087,100
1783317084956,0,15.89,13087,100
1783317085156,0,15.89,13087,100
1783317085356,0,15.88,13087,100
1783317085556,0,15.88,13087,100
1783317085756,0,15.88,13087,100
1783317085957,0,15.88,13087,100
1783317086157,0,15.88,13087,100
1783317086357,0,15.87,13087,100
1783317086557,0,15.87,13087,100
1783317086757,0,15.87,13087,100
1783317086957,0,15.88,13087,100
1783317087164,0,15.88,13087,100
1783317087372,0,15.91,13087,100
1783317087580,0,15.91,13087,100
1783317087789,0,15.91,13087,100
1783317087997,0,15.9,13087,100
1783317088205,0,15.9,13087,100
1783317088412,0,15.9,13087,100
1783317088620,0,15.9,13087,100
1783317088827,0,15.9,13087,100
1783317089035,0,15.92,13087,100
1783317089241,0,15.92,13087,100
1783317089448,0,15.94,13087,100
1783317089654,0,15.94,13087,100
1783317089861,0,15.94,13087,100
1783317090067,0,15.92,13087,100
1783317090273,0,15.92,13087,100
1783317090478,0,15.89,13087,100
1783317090684,0,15.89,13087,100
1783317090889,0,15.89,13087,100
1783317091094,0,15.88,13087,100
1783317091299,0,15.88,13087,100
1783317091505,0,15.87,13087,100
1783317091710,0,15.87,13087,100
1783317091916,0,15.87,13087,100
1783317092120,0,15.93,13087,100
1783317092325,0,15.93,13087,100
1783317092529,0,15.95,13087,100
1783317092734,0,15.95,13087,100
1783317092938,0,15.95,13087,100
1783317093143,0,15.73,13087,100
1783317093347,0,15.73,13087,100
1783317093551,0,15.82,13087,100
1783317093756,0,15.82,13087,100
1783317093960,0,15.82,13087,100
1783317094164,0,16.1,13087,100
1783317094367,0,16.1,13087,100
1783317094570,0,16.12,13087,100
1783317094774,0,16.12,13087,100
1783317094977,0,16.12,13087,100
1783317095181,0,16.12,13087,100
1783317095384,0,16.12,13087,100
1783317095587,0,16.11,13087,100
1783317095790,0,16.11,13087,100
1783317095993,0,16.11,13087,100
1783317096197,0,16.11,13087,100
1783317096400,0,16.11,13087,100
1783317096603,0,16.11,13087,100
1783317096807,0,16.11,13087,100
1783317097010,0,16.11,13087,100
1783317097212,0,16.11,13087,100
1783317097414,0,16.11,13087,100
1783317097617,0,16.11,13087,100
1783317097821,0,16.1,13087,100
1783317098023,0,16.1,13087,100
1783317098225,0,16.09,13087,100
1783317098428,0,16.09,13087,100
1783317098630,0,16.08,13087,100
1783317098832,0,16.08,13087,100
1783317099034,0,16.08,13087,100
1783317099236,0,16.09,13087,100
1783317099439,0,16.09,13087,100
1783317099641,0,16.09,13087,100
1783317099843,0,16.11,13087,100
1783317100046,0,16.11,13087,100
1783317100248,0,16.11,13087,100
1783317100450,0,16.11,13087,100
1783317100652,0,16.11,13087,100
1783317100854,0,16.1,13087,100
1783317101057,0,16.1,13087,100
1783317101259,0,16.11,13087,100
1783317101461,0,16.11,13087,100
1783317101664,0,16.11,13087,100
1783317101866,0,16.11,13087,100
1783317102068,0,16.11,13087,100
1783317102269,0,16.11,13087,100
1783317102471,0,16.11,13087,100
1783317102672,0,16.11,13087,100
1783317102873,0,16.12,13087,100
1783317103075,0,16.12,13087,100
1783317103276,0,16.12,13087,100
1783317103477,0,16.12,13087,100
1783317103679,0,16.12,13087,100
1783317103880,0,16.12,13087,100
1783317104081,0,16.12,13087,100
1783317104283,0,16.13,13087,100
1783317104484,0,16.13,13087,100
1783317104686,0,16.13,13087,100
1783317104887,0,16.14,13087,100
1783317105088,0,16.14,13087,100
1783317105289,0,16.14,13087,100
1783317105491,0,16.14,13087,100
1783317105692,0,16.14,13087,100
1783317105893,0,16.14,13087,100
1783317106095,0,16.14,13087,100
1783317106296,0,16.14,13087,100
1783317106497,0,16.14,13087,100
1783317106698,0,16.14,13087,100
1783317106900,0,16.13,13087,100
1783317107101,0,16.13,13087,100
1783317107303,0,16.12,13087,100
1783317107504,0,16.12,13087,100
1783317107706,0,16.12,13087,100
1783317107907,0,16.11,13087,100
1783317108109,0,16.11,13087,100
1783317108310,0,16.12,13087,100
1783317108512,0,16.12,13087,100
1783317108713,0,16.12,13087,100
1783317108915,0,16.13,13087,100
1783317109116,0,16.13,13087,100
1783317109317,0,16.13,13087,100
1783317109518,0,16.13,13087,100
1783317109720,0,16.13,13087,100
1783317109921,0,16.13,13087,100
1783317110123,0,16.13,13087,100
1783317110324,0,16.13,13087,100
1783317110525,0,16.13,13087,100
1783317110727,0,16.13,13087,100
1783317110928,0,16.11,13087,100
1783317111130,0,16.11,13087,100
1783317111331,0,16.13,13087,100
1783317111532,0,16.13,13087,100
1783317111734,0,16.13,13087,100
1783317111935,0,16.12,13087,100
1783317112137,0,16.12,13087,100
1783317112338,0,16.11,13087,100
1783317112539,0,16.11,13087,100
1783317112741,0,16.11,13087,100
1783317112942,0,16.1,13087,100
1783317113144,0,16.1,13087,100
1783317113345,0,16.09,13087,100
1783317113546,0,16.09,13087,100
1783317113748,0,16.09,13087,100
1783317113949,0,16.09,13087,100
1783317114150,0,16.09,13087,100
1783317114352,0,16.08,13087,100
1783317114553,0,16.08,13087,100
1783317114754,0,16.08,13087,100
1783317114955,0,16.09,13087,100
1783317115157,0,16.09,13087,100
1783317115358,0,15.97,13087,100
1783317115559,0,15.97,13087,100
1783317115761,0,15.97,13087,100
1783317115962,0,15.94,13087,100
1783317116163,0,15.94,13087,100
1783317116365,0,16.05,13087,100
1783317116566,0,16.05,13087,100
1783317116767,0,16.05,13087,100
1783317116969,0,16.1,13087,100
1783317117170,0,16.1,13087,100
1783317117371,0,16.14,13087,100
1783317117572,0,16.14,13087,100
1783317117774,0,16.14,13087,100
1783317117975,0,16.14,13087,100
1783317118176,0,16.14,13087,100
1783317118377,0,16.08,13087,100
1783317118579,0,16.08,13087,100
1783317118780,0,16.08,13087,100
1783317118981,0,16.08,13087,100
1783317119181,0,16.08,13087,100
1783317119382,0,16.08,13087,100
1783317119582,0,16.08,13087,100
1783317119782,0,16.08,13087,100
1783317119982,0,16.08,13087,100
1783317120182,0,16.08,13087,100
1783317120382,0,16.11,13087,100
1783317120583,0,16.11,13087,100
1783317120783,0,16.11,13087,100
1783317120983,0,16.12,13087,100
1783317121183,0,16.12,13087,100
1783317121383,0,16.1,13087,100
1783317121583,0,16.1,13087,100
1783317121783,0,16.1,13087,100
1783317121984,0,16.11,13087,100
1783317122184,0,16.11,13087,100
1783317122384,0,16.12,13087,100
1783317122584,0,16.12,13087,100
1783317122784,0,16.12,13087,100
1783317122984,0,16.13,13087,100
1783317123184,0,16.13,13087,100
1783317123384,0,16.12,13087,100
1783317123585,0,16.12,13087,100
1783317123785,0,16.12,13087,100
1783317123985,0,16.12,13087,100
1783317124185,0,16.12,13087,100
1783317124385,0,16.14,13087,100
1783317124585,0,16.14,13087,100
1783317124785,0,16.14,13087,100
1783317124986,0,16.15,13087,100
1783317125186,0,16.15,13087,100
1783317125386,0,16.15,13087,100
1783317125586,0,16.15,13087,100
1783317125786,0,16.15,13087,100
1783317125987,0,16.14,13087,100
1783317126187,0,16.14,13087,100
1783317126387,0,16.12,13087,100
1783317126587,0,16.12,13087,100
1783317126787,0,16.12,13087,100
1783317126987,0,16.12,13087,100
1783317127188,0,16.12,13087,100
1783317127388,0,16.12,13087,100
1783317127588,0,16.12,13087,100
1783317127788,0,16.12,13087,100
1783317127988,0,16.1,13087,100
1783317128189,0,16.1,13087,100
1783317128389,0,16.08,13087,100
1783317128589,0,16.08,13087,100
1783317128789,0,16.08,13087,100
1783317128989,0,16.11,13087,100
1783317129189,0,16.11,13087,100
1783317129390,0,16.11,13087,100
1783317129590,0,16.12,13087,100
1783317129790,0,16.12,13087,100
1783317129990,0,16.12,13087,100
1783317130190,0,16.12,13087,100
1783317130391,0,16.12,13087,100
1783317130591,0,16.12,13087,100
1783317130791,0,16.12,13087,100
1783317130991,0,16.1,13087,100
1783317131191,0,16.1,13087,100
1783317131392,0,16.1,13087,100
1783317131592,0,16.11,13087,100
1783317131792,0,16.11,13087,100
1783317131992,0,16.12,13087,100
1783317132192,0,16.12,13087,100
1783317132393,0,16.12,13087,100
1783317132593,0,16.12,13087,100
1783317132793,0,16.12,13087,100
1783317132993,0,16.12,13087,100
1783317133193,0,16.12,13087,100
1783317133394,0,16.08,13087,100
1783317133594,0,16.1,13087,100
1783317133794,0,16.1,13087,100
1783317133994,0,16.09,13087,100
1783317134194,0,16.09,13087,100
1783317134395,0,16.09,13087,100
1783317134595,0,16.09,13087,100
1783317134795,0,16.09,13087,100
1783317134995,0,16.09,13087,100
1783317135195,0,16.09,13087,100
1783317135395,0,16.09,13087,100
1783317135595,0,16.08,13087,100
1783317135796,0,16.08,13087,100
1783317135996,0,16.1,13087,100
1783317136196,0,16.1,13087,100
1783317136396,0,16.1,13087,100
1783317136597,0,16.12,13087,100
1783317136797,0,16.12,13087,100
1783317136997,0,16.12,13087,100
1783317137197,0,16.12,13087,100
1783317137397,0,16.12,13087,100
1783317137597,0,15.98,13087,100
1783317137798,0,15.98,13087,100
1783317137998,0,15.96,13087,100
1783317138198,0,15.96,13087,100
1783317138398,0,15.96,13087,100
1783317138598,0,16.05,13087,100
1783317138799,0,16.05,13087,100
1783317138999,0,16.12,13087,100
1783317139199,0,16.12,13087,100
1783317139399,0,16.12,13087,100
1783317139599,0,16.11,13087,100
1783317139799,0,16.11,13087,100
1783317140000,0,16.11,13087,100
1783317140200,0,16.11,13087,100
1783317140400,0,16.11,13087,100
1783317140600,0,16.13,13087,100
1783317140800,0,16.13,13087,100
1783317141001,0,16.15,13087,100
1783317141201,0,16.15,13087,100
1783317141401,0,16.15,13087,100
1783317141601,0,16.15,13087,100
1783317141802,0,16.15,13087,100
1783317142002,0,16.15,13087,100
1783317142202,0,16.15,13087,100
1783317142402,0,16.15,13087,100
1783317142602,0,16.18,13087,100
1783317142803,0,16.18,13087,100
1783317143003,0,16.17,13087,100
1783317143203,0,16.17,13087,100
1783317143403,0,16.17,13087,100
1783317143603,0,16.12,13087,100
1783317143804,0,16.12,13087,100
1783317144004,0,16.12,13087,100
1783317144204,0,16.12,13087,100
1783317144404,0,16.12,13087,100
1783317144604,0,16.14,13087,100
1783317144805,0,16.14,13087,100
1783317145005,0,16.12,13087,100
1783317145205,0,16.12,13087,100
1783317145405,0,16.12,13087,100
1783317145605,0,16.1,13087,100
1783317145806,0,16.1,13087,100
1783317146006,0,16.11,13087,100
1783317146206,0,16.11,13087,100
1783317146406,0,16.11,13087,100
1783317146606,0,16.13,13087,100
1783317146807,0,16.13,13087,100
1783317147007,0,16.13,13087,100
1783317147207,0,16.13,13087,100
1783317147407,0,16.13,13087,100
1783317147607,0,16.14,13087,100
1783317147808,0,16.14,13087,100
1783317148008,0,16.13,13087,100
1783317148208,0,16.13,13087,100
1783317148408,0,16.13,13087,100
1783317148608,0,16.13,13087,100
1783317148808,0,16.13,13087,100
1783317149009,0,16.1,13087,100
1783317149209,0,16.1,13087,100
1783317149409,0,16.1,13087,100
1783317149609,0,16.08,13087,100
1783317149809,0,16.08,13087,100
1783317150009,0,16.08,13087,100
1783317150210,0,16.08,13087,100
1783317150410,0,16.08,13087,100
1783317150610,0,16.09,13087,100
1783317150810,0,16.09,13087,100
1783317151011,0,16.12,13087,100
1783317151211,0,16.12,13087,100
1783317151411,0,16.12,13087,100
1783317151611,0,16.12,13087,100
1783317151811,0,16.12,13087,100
1783317152012,0,16.12,13087,100
1783317152212,0,16.12,13087,100
1783317152412,0,16.12,13087,100
1783317152612,0,16.13,13087,100
1783317152812,0,16.13,13087,100
1783317153013,0,16.14,13087,100
1783317153213,0,16.14,13087,100
1783317153413,0,16.14,13087,100
1783317153613,0,16.13,13087,100
1783317153814,0,16.13,13087,100
1783317154014,0,16.13,13087,100
1783317154214,0,16.13,13087,100
1783317154414,0,16.13,13087,100
1783317154614,0,16.13,13087,100
1783317154815,0,16.13,13087,100
1783317155015,0,16.13,13087,100
1783317155215,0,16.14,13087,100
1783317155415,0,16.14,13087,100
1783317155615,0,16.18,13087,100
1783317155816,0,16.18,13087,100
1783317156016,0,16.18,13087,100
1783317156216,0,16.2,13087,100
1783317156416,0,16.2,13087,100
1783317156617,0,16.18,13087,100
1783317156817,0,16.18,13087,100
1783317157017,0,16.18,13087,100
1783317157217,0,16.17,13087,100
1783317157417,0,16.17,13087,100
1783317157617,0,16.16,13087,100
1783317157818,0,16.16,13087,100
1783317158018,0,16.16,13087,100
1783317158218,0,16.15,13087,100
1783317158418,0,16.15,13087,100
1783317158618,0,16.15,13087,100
1783317158818,0,16.15,13087,100
1783317159019,0,16.15,13087,100
1783317159219,0,16.14,13087,100
1783317159419,0,16.14,13087,100
1783317159619,0,15.9,13087,91
1783317159819,0,15.9,13087,91
1783317160020,0,15.9,13087,91
1783317160220,0,15.81,13087,100
1783317160420,0,15.81,13087,100
1783317160620,0,15.8,13087,100
1783317160820,0,15.8,13087,100
1783317161020,0,15.8,13087,100
1783317161221,0,15.86,13087,100
1783317161421,0,15.86,13087,100
1783317161621,0,15.86,13087,100
1783317161821,0,15.86,13087,100
1783317162021,0,15.86,13087,100
1783317162222,0,15.85,13087,100
1783317162422,0,15.85,13087,100
1783317162622,0,15.85,13087,100
1783317162822,0,15.85,13087,100
1783317163022,0,15.85,13087,100
1783317163222,0,15.85,13087,100
1783317163422,0,15.85,13087,100
1783317163623,0,15.88,13087,100
1783317163823,0,15.88,13087,100
1783317164023,0,15.88,13087,100
1783317164223,0,15.88,13087,100
1783317164423,0,15.88,13087,100
1783317164624,0,15.9,13087,100
1783317164824,0,15.9,13087,100
1783317165024,0,15.9,13087,100
1783317165224,0,15.92,13087,100
1783317165424,0,15.92,13087,100
1783317165624,0,15.89,13087,100
1783317165824,0,15.89,13087,100
1783317166025,0,15.89,13087,100
1783317166225,0,15.88,13087,100
1783317166425,0,15.88,13087,100
1783317166625,0,15.89,13087,100
1783317166825,0,15.89,13087,100
1783317167025,0,15.89,13087,100
1783317167226,0,15.89,13087,100
1783317167426,0,15.89,13087,100
1783317167626,0,15.91,13087,100
1783317167826,0,15.91,13087,100
1783317168026,0,15.91,13087,100
1783317168226,0,15.9,13087,100
1783317168427,0,15.9,13087,100
1783317168627,0,15.87,13087,100
1783317168827,0,15.87,13087,100
1783317169027,0,15.87,13087,100
1783317169227,0,15.85,13087,100
1783317169428,0,15.85,13087,100
1783317169628,0,15.86,13087,100
1783317169828,0,15.86,13087,100
1783317170028,0,15.86,13087,100
1783317170228,0,15.86,13087,100
1783317170428,0,15.86,13087,100
1783317170629,0,15.87,13087,100
1783317170829,0,15.87,13087,100
1783317171029,0,15.87,13087,100
1783317171229,0,15.86,13087,100
1783317171429,0,15.86,13087,100
1783317171629,0,15.86,13087,100
1783317171830,0,15.86,13087,100
1783317172030,0,15.86,13087,100
1783317172230,0,15.88,13087,100
1783317172430,0,15.88,13087,100
1783317172630,0,15.88,13087,100
1783317172830,0,15.88,13087,100
1783317173031,0,15.88,13087,100
1783317173231,0,15.9,13087,100
1783317173431,0,15.9,13087,100
1783317173631,0,15.9,13087,100
1783317173831,0,15.9,13087,100
1783317174032,0,15.9,13087,100
1783317174232,0,15.89,13087,100
1783317174432,0,15.89,13087,100
1783317174632,0,15.88,13087,100
1783317174832,0,15.88,13087,100
1783317175033,0,15.88,13087,100
1783317175233,0,15.87,13087,100
1783317175433,0,15.87,13087,100
1783317175633,0,15.87,13087,100
1783317175833,0,15.87,13087,100
1783317176033,0,15.87,13087,100
1783317176234,0,15.86,13087,100
1783317176434,0,15.86,13087,100
1783317176634,0,15.88,13087,100
1783317176834,0,15.88,13087,100
1783317177034,0,15.88,13087,100
1783317177235,0,15.89,13087,100
1783317177435,0,15.89,13087,100
1783317177635,0,15.89,13087,100
1783317177835,0,15.89,13087,100
1783317178035,0,15.89,13087,100
1783317178235,0,15.87,13087,100
1783317178436,0,15.87,13087,100
1783317178636,0,15.86,13087,100
1783317178836,0,15.86,13087,100
1783317179036,0,15.86,13087,100
1783317179236,0,15.89,13087,100
1783317179436,0,15.89,13087,100
1783317179637,0,15.91,13087,100
1783317179837,0,15.91,13087,100
1783317180037,0,15.91,13087,100
1783317180237,0,15.89,13087,100
1783317180438,0,15.89,13087,100
1783317180638,0,15.87,13087,100
1783317180838,0,15.87,13087,100
1783317181038,0,15.87,13087,100
1783317181238,0,15.86,13087,100
1783317181439,0,15.86,13087,100
1783317181639,0,15.78,13087,87
1783317181839,0,15.78,13087,87
1783317182039,0,15.78,13087,87
1783317182239,0,15.83,13087,100
1783317182440,0,15.83,13087,100
1783317182640,0,15.89,13087,100
1783317182840,0,15.89,13087,100
1783317183040,0,15.89,13087,100
1783317183240,0,15.85,13087,100
1783317183440,0,15.85,13087,100
1783317183641,0,15.84,13087,100
1783317183841,0,15.84,13087,100
1783317184041,0,15.84,13087,100
1783317184241,0,15.86,13087,100
1783317184441,0,15.86,13087,100
1783317184641,0,15.87,13087,100
1783317184841,0,15.87,13087,100
1783317185041,0,15.87,13087,100
1783317185242,0,15.86,13087,100
1783317185442,0,15.86,13087,100
1783317185642,0,15.87,13087,100
1783317185842,0,15.87,13087,100
1783317186042,0,15.87,13087,100
1783317186242,0,15.88,13087,100
1783317186443,0,15.88,13087,100
1783317186643,0,15.88,13087,100
1783317186843,0,15.87,13087,100
1783317187043,0,15.87,13087,100
1783317187243,0,15.85,13087,100
1783317187443,0,15.85,13087,100
1783317187643,0,15.86,13087,100
1783317187844,0,15.86,13087,100
1783317188044,0,15.86,13087,100
1783317188244,0,15.89,13087,100
1783317188444,0,15.89,13087,100
1783317188644,0,15.9,13087,100
1783317188845,0,15.9,13087,100
1783317189045,0,15.9,13087,100
1783317189245,0,15.89,13087,100
1783317189445,0,15.89,13087,100
1783317189645,0,15.9,13087,100
1783317189845,0,15.9,13087,100
1783317190045,0,15.9,13087,100
1783317190245,0,15.87,13087,100
1783317190445,0,15.87,13087,100
1783317190646,0,15.86,13087,100
1783317190846,0,15.86,13087,100
1783317191046,0,15.86,13087,100
1783317191246,0,15.86,13087,100
1783317191446,0,15.86,13087,100
1783317191646,0,15.88,13087,100
1783317191846,0,15.88,13087,100
1783317192046,0,15.88,13087,100
1783317192247,0,15.88,13087,100
1783317192447,0,15.88,13087,100
1783317192647,0,15.86,13087,100
1783317192847,0,15.86,13087,100
1783317193047,0,15.86,13087,100
1783317193247,0,15.88,13087,100
1783317193447,0,15.88,13087,100
1783317193647,0,15.88,13087,100
1783317193847,0,15.87,13087,100
1783317194048,0,15.87,13087,100
1783317194248,0,15.87,13087,100
1783317194448,0,15.87,13087,100
1783317194648,0,15.87,13087,100
1783317194848,0,15.85,13087,100
1783317195048,0,15.85,13087,100
1783317195248,0,15.83,13087,100
1783317195448,0,15.83,13087,100
1783317195649,0,15.83,13087,100
1783317195849,0,15.83,13087,100
1783317196049,0,15.83,13087,100
1783317196249,0,15.84,13087,100
1783317196449,0,15.84,13087,100
1783317196649,0,15.84,13087,100
1783317196850,0,15.84,13087,100
1783317197050,0,15.84,13087,100
1783317197250,0,15.83,13087,100
1783317197450,0,15.83,13087,100
1783317197650,0,15.85,13087,100
1783317197850,0,15.85,13087,100
1783317198051,0,15.85,13087,100
1783317198251,0,15.84,13087,100
1783317198451,0,15.84,13087,100
1783317198651,0,15.84,13087,100
1783317198851,0,15.82,13087,100
1783317199051,0,15.82,13087,100
1783317199251,0,15.84,13087,100
1783317199452,0,15.84,13087,100
1783317199652,0,15.84,13087,100
1783317199852,0,15.87,13087,100
1783317200052,0,15.87,13087,100
1783317200252,0,15.88,13087,100
1783317200452,0,15.88,13087,100
1783317200652,0,15.88,13087,100
1783317200853,0,15.87,13087,100
1783317201053,0,15.87,13087,100
1783317201253,0,15.86,13087,100
1783317201453,0,15.86,13087,100
1783317201653,0,15.86,13087,100
1783317201853,0,15.85,13087,100
1783317202053,0,15.85,13087,100
1783317202254,0,15.86,13087,100
1783317202454,0,15.86,13087,100
1783317202654,0,15.86,13087,100
1783317202854,0,15.86,13087,100
1783317203054,0,15.86,13087,100
1783317203254,0,15.86,13087,100
1783317203454,0,15.86,13087,100
1783317203654,0,15.86,13087,100
1783317203855,0,15.79,13087,100
1783317204055,0,15.79,13087,100
1783317204255,0,15.81,13087,100
1783317204455,0,15.81,13087,100
1783317204655,0,15.81,13087,100
1783317204856,0,15.86,13087,100
1783317205056,0,15.86,13087,100
1783317205256,0,15.85,13087,100
1783317205456,0,15.85,13087,100
1783317205656,0,15.85,13087,100
1783317205856,0,15.85,13087,100
1783317206056,0,15.85,13087,100
1783317206257,0,15.85,13087,100
1783317206457,0,15.85,13087,100
1783317206657,0,15.85,13087,100
1783317206857,0,15.84,13087,100
1783317207057,0,15.84,13087,100
1783317207257,0,15.84,13087,100
1783317207457,0,15.84,13087,100
1783317207658,0,15.84,13087,100
1783317207858,0,15.82,13087,100
1783317208058,0,15.82,13087,100
1783317208258,0,15.84,13087,100
1783317208458,0,15.84,13087,100
1783317208658,0,15.84,13087,100
1783317208859,0,15.84,13087,100
1783317209059,0,15.84,13087,100
1783317209259,0,15.85,13087,100
1783317209459,0,15.85,13087,100
1783317209659,0,15.85,13087,100
1783317209859,0,15.87,13087,100
1783317210059,0,15.87,13087,100
1783317210260,0,15.86,13087,100
1783317210460,0,15.86,13087,100
1783317210660,0,15.86,13087,100
1783317210860,0,15.85,13087,100
1783317211060,0,15.85,13087,100
1783317211260,0,15.85,13087,100
1783317211460,0,15.85,13087,100
1783317211661,0,15.85,13087,100
1783317211861,0,15.88,13087,100
1783317212061,0,15.88,13087,100
1783317212261,0,15.87,13087,100
1783317212461,0,15.87,13087,100
1783317212661,0,15.87,13087,100
1783317212862,0,15.84,13087,100
1783317213062,0,15.84,13087,100
1783317213262,0,15.84,13087,100
1783317213462,0,15.84,13087,100
1783317213662,0,15.84,13087,100
1783317213862,0,15.85,13087,100
1783317214063,0,15.85,13087,100
1783317214263,0,15.86,13087,100
1783317214463,0,15.86,13087,100
1783317214663,0,15.86,13087,100
1783317214863,0,15.86,13087,100
1783317215064,0,15.86,13087,100
1783317215264,0,15.85,13087,100
1783317215464,0,15.85,13087,100
1783317215664,0,15.85,13087,100
1783317215864,0,15.84,13087,100
1783317216066,0,15.84,13087,100
1783317216269,0,15.84,13087,100
1783317216473,0,15.83,13087,100
1783317216676,0,15.83,13087,100
1783317216880,0,15.83,13087,100
1783317217085,0,15.83,13087,100
1783317217288,0,15.83,13087,100
1783317217491,0,15.83,13087,100
1783317217694,0,15.83,13087,100
1783317217898,0,15.81,13087,100
1783317218101,0,15.81,13087,100
1783317218305,0,15.81,13087,100
1783317218508,0,15.83,13087,100
1783317218711,0,15.83,13087,100
1783317218915,0,15.85,13087,100
1783317219118,0,15.85,13087,100
1783317219321,0,15.85,13087,100
1783317219524,0,15.84,13087,100
1783317219726,0,15.84,13087,100
1783317219929,0,15.85,13087,100
1783317220132,0,15.85,13087,100
1783317220334,0,15.85,13087,100
1783317220537,0,15.84,13087,100
1783317220739,0,15.84,13087,100
1783317220942,0,15.82,13087,100
1783317221144,0,15.82,13087,100
1783317221347,0,15.82,13087,100
1783317221549,0,15.84,13087,100
1783317221752,0,15.84,13087,100
1783317221954,0,15.87,13087,100
1783317222156,0,15.87,13087,100
1783317222359,0,15.87,13087,100
1783317222561,0,15.85,13087,100
1783317222763,0,15.85,13087,100
1783317222966,0,15.85,13087,100
1783317223168,0,15.85,13087,100
1783317223370,0,15.85,13087,100
1783317223572,0,15.84,13087,100
1783317223775,0,15.84,13087,100
1783317223977,0,15.82,13087,100
1783317224179,0,15.82,13087,100
1783317224382,0,15.82,13087,100
1783317224584,0,15.81,13087,100
1783317224786,0,15.81,13087,100
1783317224989,0,15.82,13087,100
1783317225191,0,15.82,13087,100
1783317225392,0,15.82,13087,100
1783317225593,0,15.84,13087,100
1783317225796,0,15.84,13087,100
1783317225997,0,15.55,13087,100
1783317226198,0,15.55,13087,100
1783317226399,0,15.55,13087,100
1783317226600,0,15.6,13087,100
1783317226802,0,15.6,13087,100
1783317227003,0,15.91,13087,100
1783317227204,0,15.91,13087,100
1783317227405,0,15.91,13087,100
1783317227606,0,15.89,13087,100
1783317227808,0,15.89,13087,100
1783317228009,0,15.89,13087,100
1783317228210,0,15.89,13087,100
1783317228411,0,15.89,13087,100
1783317228612,0,15.92,13087,100
1783317228814,0,15.92,13087,100
1783317229015,0,15.91,13087,100
1783317229217,0,15.91,13087,100
1783317229418,0,15.91,13087,100
1783317229619,0,15.89,13087,100
1783317229820,0,15.89,13087,100
1783317230022,0,15.9,13087,100
1783317230223,0,15.9,13087,100
1783317230424,0,15.9,13087,100
1783317230625,0,15.9,13087,100
1783317230827,0,15.9,13087,100
1783317231028,0,15.9,13087,100
1783317231229,0,15.9,13087,100
1783317231430,0,15.9,13087,100
1783317231632,0,15.9,13087,100
1783317231833,0,15.9,13087,100
1783317232034,0,15.9,13087,100
1783317232236,0,15.9,13087,100
1783317232437,0,15.9,13087,100
1783317232638,0,15.9,13087,100
1783317232839,0,15.9,13087,100
1783317233041,0,15.88,13087,100
1783317233242,0,15.88,13087,100
1783317233443,0,15.88,13087,100
1783317233644,0,15.88,13087,100
1783317233846,0,15.88,13087,100
1783317234047,0,15.9,13087,100
1783317234248,0,15.9,13087,100
1783317234449,0,15.9,13087,100
1783317234651,0,15.91,13087,100
1783317234852,0,15.91,13087,100
1783317235053,0,15.9,13087,100
1783317235254,0,15.9,13087,100
1783317235456,0,15.9,13087,100
1783317235657,0,15.88,13087,100
1783317235858,0,15.88,13087,100
1783317236060,0,15.88,13087,100
1783317236261,0,15.88,13087,100
1783317236462,0,15.88,13087,100
1783317236663,0,15.9,13087,100
1783317236865,0,15.9,13087,100
1783317237066,0,15.87,13087,100
1783317237267,0,15.87,13087,100
1783317237468,0,15.87,13087,100
1783317237670,0,15.85,13087,100
1783317237871,0,15.85,13087,100
1783317238072,0,15.86,13087,100
1783317238274,0,15.86,13087,100
1783317238475,0,15.86,13087,100
1783317238676,0,15.87,13087,100
1783317238878,0,15.87,13087,100
1783317239079,0,15.88,13087,100
1783317239280,0,15.88,13087,100
1783317239481,0,15.88,13087,100
1783317239683,0,15.87,13087,100
1783317239884,0,15.87,13087,100
1783317240085,0,15.87,13087,100
1783317240286,0,15.87,13087,100
1783317240488,0,15.87,13087,100
1783317240689,0,15.88,13087,100
1783317240890,0,15.88,13087,100
1783317241091,0,15.87,13087,100
1783317241293,0,15.87,13087,100
1783317241494,0,15.87,13087,100
1783317241695,0,15.87,13087,100
1783317241897,0,15.87,13087,100
1783317242098,0,15.88,13087,100
1783317242299,0,15.88,13087,100
1783317242500,0,15.88,13087,100
1783317242702,0,15.86,13087,100
1783317242903,0,15.86,13087,100
1783317243104,0,15.86,13087,100
1783317243305,0,15.86,13087,100
1783317243506,0,15.86,13087,100
1783317243706,0,15.9,13087,100
1783317243907,0,15.9,13087,100
1783317244108,0,15.9,13087,100
1783317244308,0,15.9,13087,100
1783317244509,0,15.9,13087,100
1783317244710,0,15.89,13087,100
1783317244912,0,15.89,13087,100
1783317245112,0,15.9,13087,100
1783317245312,0,15.9,13087,100
1783317245514,0,15.9,13087,100
1783317245715,0,15.89,13087,100
1783317245915,0,15.89,13087,100
1783317246116,0,15.9,13087,100
1783317246316,0,15.9,13087,100
1783317246517,0,15.9,13087,100
1783317246717,0,15.91,13087,100
1783317246918,0,15.91,13087,100
1783317247118,0,15.91,13087,100
1783317247318,0,15.91,13087,100
1783317247518,0,15.91,13087,100
1783317247719,0,15.89,13087,100
1783317247919,0,15.89,13087,100
1783317248119,0,15.88,13087,100
1783317248320,0,15.88,13087,100
1783317248521,0,15.88,13087,100
1783317248722,0,15.81,13087,100
1783317248922,0,15.81,13087,100
1783317249123,0,15.81,13087,100
1783317249324,0,15.87,13087,100
1783317249526,0,15.87,13087,100
1783317249727,0,15.84,13087,100
1783317249928,0,15.84,13087,100
1783317250129,0,15.84,13087,100
1783317250331,0,15.84,13087,100
1783317250532,0,15.84,13087,100
1783317250733,0,15.82,13087,100
1783317250935,0,15.82,13087,100
1783317251136,0,15.82,13087,100
1783317251337,0,15.82,13087,100
1783317251539,0,15.82,13087,100
1783317251740,0,15.81,13087,100
1783317251941,0,15.81,13087,100
1783317252143,0,15.81,13087,100
1783317252344,0,15.84,13087,100
1783317252545,0,15.84,13087,100
1783317252747,0,15.83,13087,100
1783317252948,0,15.83,13087,100
1783317253149,0,15.83,13087,100
1783317253350,0,15.83,13087,100
1783317253552,0,15.83,13087,100
1783317253753,0,15.84,13087,100
1783317253954,0,15.84,13087,100
1783317254155,0,15.84,13087,100
1783317254357,0,15.82,13087,100
1783317254558,0,15.82,13087,100
1783317254759,0,15.81,13087,100
1783317254961,0,15.81,13087,100
1783317255162,0,15.81,13087,100
1783317255363,0,15.81,13087,100
1783317255564,0,15.81,13087,100
1783317255766,0,15.82,13087,100
1783317255967,0,15.82,13087,100
1783317256168,0,15.82,13087,100
1783317256370,0,15.8,13087,100
1783317256571,0,15.8,13087,100
1783317256772,0,15.79,13087,100
1783317256974,0,15.79,13087,100
1783317257175,0,15.79,13087,100
1783317257376,0,15.78,13087,100
1783317257577,0,15.78,13087,100
1783317257779,0,15.77,13087,100
1783317257980,0,15.77,13087,100
1783317258181,0,15.77,13087,100
1783317258383,0,15.76,13087,100
1783317258584,0,15.76,13087,100
1783317258785,0,15.78,13087,100
1783317258987,0,15.78,13087,100
1783317259188,0,15.78,13087,100
1783317259389,0,15.82,13087,100
1783317259591,0,15.82,13087,100
1783317259792,0,15.82,13087,100
1783317259993,0,15.82,13087,100
1783317260194,0,15.82,13087,100
1783317260396,0,15.81,13087,100
1783317260597,0,15.81,13087,100
1783317260798,0,15.81,13087,100
1783317260999,0,15.81,13087,100
1783317261201,0,15.81,13087,100
1783317261402,0,15.82,13087,100
1783317261604,0,15.82,13087,100
1783317261805,0,15.82,13087,100
1783317262006,0,15.82,13087,100
1783317262207,0,15.82,13087,100
1783317262409,0,15.82,13087,100
1783317262610,0,15.82,13087,100
1783317262811,0,15.81,13087,100
1783317263013,0,15.81,13087,100
1783317263214,0,15.81,13087,100
1783317263415,0,15.82,13087,100
1783317263616,0,15.82,13087,100
1783317263818,0,15.84,13087,100
1783317264019,0,15.84,13087,100
1783317264220,0,15.84,13087,100
1783317264421,0,15.83,13087,100
1783317264623,0,15.83,13087,100
1783317264824,0,15.84,13087,100
1783317265025,0,15.84,13087,100
1783317265227,0,15.84,13087,100
1783317265428,0,15.82,13087,100
1783317265629,0,15.82,13087,100
1783317265831,0,15.81,13087,100
1783317266032,0,15.81,13087,100
1783317266233,0,15.81,13087,100
1783317266435,0,15.82,13087,100
1783317266636,0,15.82,13087,100
1783317266837,0,15.83,13087,100
1783317267038,0,15.83,13087,100
1783317267239,0,15.83,13087,100
1783317267440,0,15.82,13087,100
1783317267641,0,15.82,13087,100
1783317267843,0,15.81,13087,100
1783317268044,0,15.81,13087,100
1783317268245,0,15.81,13087,100
1783317268447,0,15.8,13087,100
1783317268647,0,15.8,13087,100
1783317268847,0,15.84,13087,100
1783317269047,0,15.84,13087,100
1783317269247,0,15.84,13087,100
1783317269448,0,15.85,13087,100
1783317269648,0,15.85,13087,100
1783317269849,0,15.83,13087,100
1783317270049,0,15.83,13087,100
1783317270251,0,15.83,13087,100
1783317270451,0,15.57,13087,58
1783317270651,0,15.57,13087,58
1783317270851,0,16.4,13087,100
1783317271053,0,16.4,13087,100
1783317271254,0,16.4,13087,100
1783317271455,0,17.1,13087,100
1783317271656,0,17.1,13087,100
1783317271857,0,16.33,13087,100
1783317272057,0,16.33,13087,100
1783317272258,0,16.33,13087,100
1783317272458,0,16.08,13087,100
1783317272660,0,16.08,13087,100
1783317272861,0,16.06,13087,100
1783317273061,0,16.06,13087,100
1783317273262,0,16.06,13087,100
1783317273463,0,16.08,13087,100
1783317273665,0,16.08,13087,100
1783317273866,0,16.07,13087,100
1783317274066,0,16.07,13087,100
1783317274266,0,16.07,13087,100
1783317274468,0,16.06,13087,100
1783317274669,0,16.06,13087,100
1783317274870,0,16.07,13087,100
1783317275071,0,16.07,13087,100
1783317275272,0,16.07,13087,100
1783317275472,0,16.1,13087,100
1783317275672,0,16.1,13087,100
1783317275872,0,16.12,13087,100
1783317276073,0,16.12,13087,100
1783317276273,0,16.12,13087,100
1783317276474,0,16.12,13087,100
1783317276675,0,16.12,13087,100
1783317276876,0,16.08,13087,100
1783317277078,0,16.08,13087,100
1783317277279,0,16.08,13087,100
1783317277479,0,16.07,13087,100
1783317277680,0,16.07,13087,100
1783317277880,0,16.08,13087,100
1783317278081,0,16.08,13087,100
1783317278281,0,16.08,13087,100
1783317278482,0,16.11,13087,100
1783317278682,0,16.11,13087,100
1783317278883,0,16.12,13087,100
1783317279084,0,16.12,13087,100
1783317279284,0,16.12,13087,100
1783317279484,0,16.12,13087,100
1783317279684,0,16.12,13087,100
1783317279885,0,16.11,13087,100
1783317280086,0,16.11,13087,100
1783317280286,0,16.11,13087,100
1783317280486,0,16.09,13087,100
1783317280686,0,16.09,13087,100
1783317280887,0,16.08,13087,100
1783317281087,0,16.08,13087,100
1783317281287,0,16.08,13087,100
1783317281487,0,16.08,13087,100
1783317281688,0,16.08,13087,100
1783317281888,0,15.97,13087,92
1783317282088,0,15.97,13087,92
1783317282288,0,15.97,13087,92
1783317282488,0,15.92,13087,100
1783317282688,0,15.92,13087,100
1783317282889,0,15.98,13087,100
1783317283090,0,15.98,13087,100
1783317283290,0,15.98,13087,100
1783317283490,0,16.07,13087,100
1783317283691,0,16.07,13087,100
1783317283892,0,16.07,13087,100
1783317284092,0,16.07,13087,100
1783317284292,0,16.07,13087,100
1783317284492,0,16.08,13087,100
1783317284693,0,16.08,13087,100
1783317284894,0,16.11,13087,100
1783317285095,0,16.11,13087,100
1783317285295,0,16.11,13087,100
1783317285495,0,16.09,13087,100
1783317285695,0,16.09,13087,100
1783317285895,0,16.07,13087,100
1783317286096,0,16.07,13087,100
1783317286296,0,16.07,13087,100
1783317286496,0,16.05,13087,100
1783317286696,0,16.05,13087,100
1783317286897,0,16.08,13087,100
1783317287097,0,16.08,13087,100
1783317287297,0,16.08,13087,100
1783317287497,0,16.11,13087,100
1783317287697,0,16.11,13087,100
1783317287898,0,16.12,13087,100
1783317288098,0,16.12,13087,100
1783317288298,0,16.12,13087,100
1783317288498,0,16.14,13087,100
1783317288699,0,16.14,13087,100
1783317288900,0,16.14,13087,100
1783317289101,0,16.14,13087,100
1783317289301,0,16.14,13087,100
1783317289501,0,16.14,13087,100
1783317289701,0,16.14,13087,100
1783317289902,0,16.1,13087,100
1783317290102,0,16.1,13087,100
1783317290302,0,16.1,13087,100
1783317290502,0,16.07,13087,100
1783317290702,0,16.07,13087,100
1783317290903,0,16.07,13087,100
1783317291104,0,16.09,13087,100
1783317291304,0,16.09,13087,100
1783317291504,0,16.11,13087,100
1783317291704,0,16.11,13087,100
1783317291905,0,16.11,13087,100
1783317292105,0,16.1,13087,100
1783317292305,0,16.1,13087,100
1783317292505,0,16.1,13087,100
1783317292706,0,16.1,13087,100
1783317292906,0,16.1,13087,100
1783317293106,0,16.02,13087,90
1783317293306,0,16.02,13087,90
1783317293506,0,15.94,13087,100
1783317293708,0,15.94,13087,100
1783317293908,0,15.94,13087,100
1783317294108,0,15.97,13087,100
1783317294308,0,15.97,13087,100
1783317294508,0,16.16,13087,100
1783317294709,0,16.16,13087,100
1783317294909,0,16.16,13087,100
1783317295109,0,16.15,13087,100
1783317295309,0,16.15,13087,100
1783317295509,0,16.14,13087,100
1783317295710,0,16.14,13087,100
1783317295910,0,16.14,13087,100
1783317296110,0,16.14,13087,100
1783317296310,0,16.14,13087,100
1783317296510,0,16.15,13087,100
1783317296711,0,16.15,13087,100
1783317296911,0,16.15,13087,100
1783317297111,0,16.14,13087,100
1783317297311,0,16.14,13087,100
1783317297512,0,16.12,13087,100
1783317297713,0,16.12,13087,100
1783317297913,0,16.12,13087,100
1783317298113,0,16.11,13087,100
1783317298313,0,16.11,13087,100
1783317298514,0,16.12,13087,100
1783317298714,0,16.12,13087,100
1783317298914,0,16.12,13087,100
1783317299114,0,16.14,13087,100
1783317299314,0,16.14,13087,100
1783317299515,0,16.14,13087,100
1783317299715,0,16.14,13087,100
1783317299915,0,16.14,13087,100
1783317300115,0,16.1,13087,100
1783317300316,0,16.1,13087,100
1783317300516,0,16.09,13087,100
1783317300716,0,16.09,13087,100
1783317300916,0,16.09,13087,100
1783317301116,0,16.09,13087,100
1783317301317,0,16.09,13087,100
1783317301518,0,16.09,13087,100
1783317301718,0,16.09,13087,100
1783317301918,0,16.09,13087,100
1783317302118,0,16.09,13087,100
1783317302319,0,16.09,13087,100
1783317302519,0,16.09,13087,100
1783317302719,0,16.09,13087,100
1783317302919,0,16.09,13087,100
1783317303119,0,16.1,13087,100
1783317303320,0,16.1,13087,100
1783317303520,0,16.11,13087,100
1783317303720,0,16.11,13087,100
1783317303920,0,16.11,13087,100
1783317304120,0,16.13,13087,100
1783317304321,0,16.13,13087,100
1783317304522,0,15.55,13087,100
1783317304722,0,15.55,13087,100
1783317304922,0,15.55,13087,100
1783317305122,0,15.43,13087,100
1783317305323,0,15.43,13087,100
1783317305524,0,15.88,13087,100
1783317305724,0,15.88,13087,100
1783317305924,0,15.88,13087,100
1783317306124,0,15.85,13087,100
1783317306325,0,15.85,13087,100
1783317306526,0,15.83,13087,100
1783317306726,0,15.83,13087,100
1783317306926,0,15.83,13087,100
1783317307127,0,15.81,13087,100
1783317307327,0,15.81,13087,100
1783317307527,0,15.8,13087,100
1783317307727,0,15.8,13087,100
1783317307927,0,15.8,13087,100
1783317308127,0,15.8,13087,100
1783317308328,0,15.8,13087,100
1783317308528,0,15.8,13087,100
1783317308728,0,15.8,13087,100
1783317308928,0,15.8,13087,100
1783317309128,0,15.82,13087,100
1783317309329,0,15.82,13087,100
1783317309529,0,15.84,13087,100
1783317309729,0,15.84,13087,100
1783317309929,0,15.84,13087,100
1783317310130,0,15.84,13087,100
1783317310330,0,15.84,13087,100
1783317310530,0,15.84,13087,100
1783317310730,0,15.83,13087,100
1783317310930,0,15.83,13087,100
1783317311131,0,15.85,13087,100
1783317311331,0,15.85,13087,100
1783317311531,0,15.85,13087,100
1783317311731,0,15.84,13087,100
1783317311931,0,15.84,13087,100
1783317312132,0,15.84,13087,100
1783317312332,0,15.84,13087,100
1783317312532,0,15.84,13087,100
1783317312732,0,15.84,13087,100
1783317312932,0,15.84,13087,100
1783317313133,0,15.84,13087,100
1783317313333,0,15.84,13087,100
1783317313533,0,15.84,13087,100
1783317313733,0,15.83,13087,100
1783317313933,0,15.83,13087,100
1783317314133,0,15.84,13087,100
1783317314334,0,15.84,13087,100
1783317314534,0,15.84,13087,100
1783317314734,0,15.86,13087,100
1783317314934,0,15.86,13087,100
1783317315134,0,15.85,13087,100
1783317315334,0,15.85,13087,100
1783317315535,0,15.85,13087,100
1783317315735,0,15.81,13087,100
1783317315935,0,15.81,13087,100
1783317316135,0,15.83,13087,100
1783317316335,0,15.83,13087,100
1783317316536,0,15.83,13087,100
1783317316736,0,15.9,13087,100
1783317316936,0,15.9,13087,100
1783317317136,0,15.86,13087,100
1783317317336,0,15.86,13087,100
1783317317536,0,15.86,13087,100
1783317317737,0,15.86,13087,100
1783317317937,0,15.86,13087,100
1783317318137,0,15.86,13087,100
1783317318337,0,15.86,13087,100
1783317318537,0,15.86,13087,100
1783317318737,0,15.86,13087,100
1783317318938,0,15.86,13087,100
1783317319138,0,15.89,13087,100
1783317319338,0,15.89,13087,100
1783317319538,0,15.89,13087,100
1783317319738,0,15.89,13087,100
1783317319939,0,15.89,13087,100
1783317320139,0,15.85,13087,100
1783317320339,0,15.85,13087,100
1783317320539,0,15.85,13087,100
1783317320740,0,15.83,13087,100
1783317320940,0,15.83,13087,100
1783317321140,0,15.83,13087,100
1783317321340,0,15.83,13087,100
1783317321540,0,15.83,13087,100
1783317321740,0,15.85,13087,100
1783317321941,0,15.85,13087,100
1783317322141,0,15.84,13087,100
1783317322341,0,15.84,13087,100
1783317322541,0,15.84,13087,100
1783317322742,0,15.83,13087,100
1783317322942,0,15.83,13087,100
1783317323142,0,15.84,13087,100
1783317323342,0,15.84,13087,100
1783317323542,0,15.84,13087,100
1783317323743,0,15.84,13087,100
1783317323943,0,15.84,13087,100
1783317324143,0,15.86,13087,100
1783317324343,0,15.86,13087,100
1783317324543,0,15.86,13087,100
1783317324744,0,15.85,13087,100
1783317324944,0,15.85,13087,100
1783317325144,0,15.83,13087,100
1783317325344,0,15.83,13087,100
1783317325544,0,15.83,13087,100
1783317325745,0,15.82,13087,100
1783317325945,0,15.82,13087,100
1783317326145,0,15.84,13087,100
1783317326345,0,15.84,13087,100
1783317326545,0,15.84,13087,100
1783317326746,0,15.77,13087,100
1783317326946,0,15.77,13087,100
1783317327146,0,15.77,13087,100
1783317327346,0,15.78,13087,100
1783317327546,0,15.78,13087,100
1783317327746,0,15.87,13087,100
1783317327947,0,15.87,13087,100
1783317328147,0,15.87,13087,100
1783317328347,0,15.81,13087,100
1783317328547,0,15.81,13087,100
1783317328747,0,15.8,13087,100
1783317328948,0,15.8,13087,100
1783317329148,0,15.8,13087,100
1783317329348,0,15.81,13087,100
1783317329548,0,15.81,13087,100
1783317329748,0,15.82,13087,100
1783317329948,0,15.82,13087,100
1783317330149,0,15.82,13087,100
1783317330349,0,15.82,13087,100
1783317330549,0,15.82,13087,100
1783317330749,0,15.79,13087,100
1783317330949,0,15.79,13087,100
1783317331149,0,15.79,13087,100
1783317331350,0,15.81,13087,100
1783317331550,0,15.81,13087,100
1783317331750,0,15.83,13087,100
1783317331950,0,15.83,13087,100
1783317332150,0,15.83,13087,100
1783317332351,0,15.81,13087,100
1783317332551,0,15.81,13087,100
1783317332751,0,15.8,13087,100
1783317332951,0,15.8,13087,100
1783317333151,0,15.8,13087,100
1783317333351,0,15.82,13087,100
1783317333552,0,15.82,13087,100
1783317333752,0,15.83,13087,100
1783317333952,0,15.83,13087,100
1783317334152,0,15.83,13087,100
1783317334352,0,15.82,13087,100
1783317334553,0,15.82,13087,100
1783317334753,0,15.82,13087,100
1783317334953,0,15.82,13087,100
1783317335153,0,15.82,13087,100
1783317335353,0,15.84,13087,100
1783317335553,0,15.84,13087,100
1783317335754,0,15.84,13087,100
1783317335954,0,15.84,13087,100
1783317336154,0,15.84,13087,100
1783317336354,0,15.83,13087,100
1783317336554,0,15.83,13087,100
1783317336754,0,15.82,13087,100
1783317336954,0,15.82,13087,100
1783317337155,0,15.82,13087,100
1783317337355,0,15.81,13087,100
1783317337555,0,15.81,13087,100
1783317337755,0,15.82,13087,100
1783317337955,0,15.82,13087,100
1783317338155,0,15.82,13087,100
1783317338355,0,15.66,13087,100
1783317338556,0,15.66,13087,100
1783317338756,0,15.91,13087,100
1783317338956,0,15.91,13087,100
1783317339156,0,15.91,13087,100
1783317339356,0,15.9,13087,100
1783317339557,0,15.9,13087,100
1783317339757,0,15.88,13087,100
1783317339957,0,15.88,13087,100
1783317340157,0,15.88,13087,100
1783317340357,0,15.87,13087,100
1783317340558,0,15.87,13087,100
1783317340758,0,15.85,13087,100
1783317340958,0,15.85,13087,100
1783317341158,0,15.85,13087,100
1783317341358,0,15.85,13087,100
1783317341559,0,15.85,13087,100
1783317341759,0,15.84,13087,100
1783317341959,0,15.84,13087,100
1783317342159,0,15.84,13087,100
1783317342360,0,15.85,13087,100
1783317342560,0,15.85,13087,100
1783317342760,0,15.85,13087,100
1783317342960,0,15.84,13087,100
1783317343160,0,15.84,13087,100
1783317343361,0,15.84,13087,100
1783317343561,0,15.84,13087,100
1783317343761,0,15.85,13087,100
1783317343961,0,15.85,13087,100
1783317344162,0,15.85,13087,100
1783317344362,0,15.86,13087,100
1783317344562,0,15.86,13087,100
1783317344762,0,15.86,13087,100
1783317344963,0,15.85,13087,100
1783317345163,0,15.85,13087,100
1783317345363,0,15.81,13087,100
1783317345563,0,15.81,13087,100
1783317345763,0,15.81,13087,100
1783317345964,0,15.8,13087,100
1783317346164,0,15.8,13087,100
1783317346364,0,15.81,13087,100
1783317346564,0,15.81,13087,100
1783317346765,0,15.81,13087,100
1783317346965,0,15.81,13087,100
1783317347165,0,15.81,13087,100
1783317347365,0,15.82,13087,100
1783317347565,0,15.82,13087,100
1783317347766,0,15.82,13087,100
1783317347966,0,15.84,13087,100
1783317348166,0,15.84,13087,100
1783317348366,0,15.86,13087,100
1783317348566,0,15.86,13087,100
1783317348767,0,15.86,13087,100
1783317348967,0,15.85,13087,100
1783317349167,0,15.85,13087,100
1783317349367,0,15.74,13087,82
1783317349567,0,15.74,13087,82
1783317349767,0,15.74,13087,82
1783317349968,0,15.81,13087,100
1783317350168,0,15.81,13087,100
1783317350368,0,15.93,13087,100
1783317350568,0,15.93,13087,100
1783317350768,0,15.93,13087,100
1783317350969,0,15.85,13087,100
1783317351169,0,15.85,13087,100
1783317351369,0,15.83,13087,100
1783317351569,0,15.83,13087,100
1783317351769,0,15.83,13087,100
1783317351969,0,15.83,13087,100
1783317352170,0,15.83,13087,100
1783317352370,0,15.85,13087,100
1783317352570,0,15.85,13087,100
1783317352770,0,15.85,13087,100
1783317352970,0,15.86,13087,100
1783317353170,0,15.86,13087,100
1783317353370,0,15.84,13087,100
1783317353571,0,15.84,13087,100
1783317353771,0,15.84,13087,100
1783317353971,0,15.83,13087,100
1783317354171,0,15.83,13087,100
1783317354371,0,15.84,13087,100
1783317354572,0,15.84,13087,100
1783317354772,0,15.84,13087,100
1783317354972,0,15.86,13087,100
1783317355172,0,15.86,13087,100
1783317355372,0,15.87,13087,100
1783317355572,0,15.87,13087,100
1783317355773,0,15.87,13087,100
1783317355973,0,15.86,13087,100
1783317356173,0,15.86,13087,100
1783317356373,0,15.85,13087,100
1783317356573,0,15.85,13087,100
1783317356773,0,15.85,13087,100
1783317356974,0,15.84,13087,100
1783317357174,0,15.84,13087,100
1783317357374,0,15.83,13087,100
1783317357574,0,15.83,13087,100
1783317357774,0,15.83,13087,100
1783317357974,0,15.81,13087,100
1783317358175,0,15.81,13087,100
1783317358375,0,15.84,13087,100
1783317358575,0,15.84,13087,100
1783317358775,0,15.84,13087,100
1783317358975,0,15.85,13087,100
1783317359176,0,15.85,13087,100
1783317359376,0,15.83,13087,100
1783317359576,0,15.83,13087,100
1783317359776,0,15.83,13087,100
1783317359976,0,15.82,13087,100
1783317360177,0,15.82,13087,100
1783317360377,0,15.82,13087,100
1783317360577,0,15.82,13087,100
1783317360777,0,15.82,13087,100
1783317360977,0,15.65,13087,100
1783317361177,0,15.65,13087,100
1783317361378,0,15.77,13087,100
1783317361578,0,15.77,13087,100
1783317361778,0,15.77,13087,100
1783317361978,0,16.1,13087,100
1783317362178,0,16.1,13087,100
1783317362379,0,16.09,13087,100
1783317362579,0,16.09,13087,100
1783317362779,0,16.09,13087,100
1783317362979,0,16.13,13087,100
1783317363180,0,16.13,13087,100
1783317363380,0,16.12,13087,100
1783317363580,0,16.12,13087,100
1783317363780,0,16.12,13087,100
1783317363980,0,16.08,13087,100
1783317364181,0,16.08,13087,100
1783317364381,0,16.08,13087,100
1783317364581,0,16.09,13087,100
1783317364781,0,16.09,13087,100
1783317364981,0,16.09,13087,100
1783317365181,0,16.09,13087,100
1783317365382,0,16.09,13087,100
1783317365582,0,16.08,13087,100
1783317365782,0,16.08,13087,100
1783317365982,0,16.11,13087,100
1783317366182,0,16.11,13087,100
1783317366383,0,16.11,13087,100
1783317366583,0,16.1,13087,100
1783317366783,0,16.1,13087,100
1783317366983,0,16.1,13087,100
1783317367184,0,16.1,13087,100
1783317367384,0,16.1,13087,100
1783317367584,0,16.1,13087,100
1783317367784,0,16.1,13087,100
1783317367984,0,16.11,13087,100
1783317368185,0,16.11,13087,100
1783317368385,0,16.11,13087,100
1783317368585,0,16.11,13087,100
1783317368785,0,16.11,13087,100
1783317368986,0,16.13,13087,100
1783317369186,0,16.13,13087,100
1783317369386,0,16.13,13087,100
1783317369586,0,16.13,13087,100
1783317369786,0,16.13,13087,100
1783317369986,0,16.13,13087,100
1783317370187,0,16.13,13087,100
1783317370387,0,16.13,13087,100
1783317370587,0,16.13,13087,100
1783317370787,0,16.13,13087,100
1783317370987,0,16.13,13087,100
1783317371187,0,16.13,13087,100
1783317371388,0,16.13,13087,100
1783317371588,0,16.12,13087,100
1783317371788,0,16.12,13087,100
1783317371988,0,16.11,13087,100
1783317372188,0,16.11,13087,100
1783317372389,0,16.11,13087,100
1783317372589,0,16.12,13087,100
1783317372789,0,16.12,13087,100
1783317372989,0,16.13,13087,100
1783317373189,0,16.13,13087,100
1783317373389,0,16.13,13087,100
1783317373589,0,16.11,13087,100
1783317373790,0,16.11,13087,100
1783317373990,0,16.11,13087,100
1783317374190,0,16.11,13087,100
1783317374390,0,16.11,13087,100
1783317374590,0,16.12,13087,100
1783317374790,0,16.12,13087,100
1783317374990,0,16.12,13087,100
1783317375190,0,16.12,13087,100
1783317375391,0,16.12,13087,100
1783317375591,0,16.14,13087,100
1783317375791,0,16.14,13087,100
1783317375991,0,16.17,13087,100
1783317376191,0,16.17,13087,100
1783317376391,0,16.17,13087,100
1783317376591,0,16.15,13087,100
1783317376791,0,16.15,13087,100
1783317376992,0,16.13,13087,100
1783317377192,0,16.13,13087,100
1783317377392,0,16.13,13087,100
1783317377592,0,16.14,13087,100
1783317377792,0,16.14,13087,100
1783317377992,0,16.13,13087,100
1783317378192,0,16.13,13087,100
1783317378393,0,16.13,13087,100
1783317378593,0,16.12,13087,100
1783317378793,0,16.12,13087,100
1783317378993,0,16.13,13087,100
1783317379193,0,16.13,13087,100
1783317379394,0,16.13,13087,100
1783317379594,0,16.13,13087,100
1783317379794,0,16.13,13087,100
1783317379994,0,16.13,13087,100
1783317380194,0,16.13,13087,100
1783317380395,0,16.13,13087,100
1783317380595,0,16.14,13087,100
1783317380795,0,16.14,13087,100
1783317380995,0,16.13,13087,100
1783317381195,0,16.13,13087,100
1783317381396,0,16.13,13087,100
1783317381596,0,16.13,13087,100
1783317381796,0,16.13,13087,100
1783317381996,0,16.14,13087,100
1783317382197,0,16.14,13087,100
1783317382397,0,16.14,13087,100
1783317382597,0,16.13,13087,100
1783317382797,0,16.13,13087,100
1783317382997,0,15.94,13087,100
1783317383198,0,15.94,13087,100
1783317383398,0,15.94,13087,100
1783317383598,0,15.95,13087,100
1783317383798,0,15.95,13087,100
1783317383998,0,16.08,13087,100
1783317384199,0,16.08,13087,100
1783317384399,0,16.08,13087,100
1783317384599,0,16.14,13087,100
1783317384799,0,16.14,13087,100
1783317385000,0,16.14,13087,100
1783317385200,0,16.14,13087,100
1783317385400,0,16.14,13087,100
1783317385600,0,16.13,13087,100
1783317385801,0,16.13,13087,100
1783317386001,0,16.13,13087,100
1783317386201,0,16.13,13087,100
1783317386401,0,16.13,13087,100
1783317386601,0,16.12,13087,100
1783317386801,0,16.12,13087,100
1783317387002,0,16.12,13087,100
1783317387202,0,16.12,13087,100
1783317387402,0,16.12,13087,100
1783317387602,0,16.13,13087,100
1783317387803,0,16.13,13087,100
1783317388003,0,16.13,13087,100
1783317388203,0,16.14,13087,100
1783317388403,0,16.14,13087,100
1783317388603,0,16.14,13087,100
1783317388804,0,16.14,13087,100
1783317389004,0,16.14,13087,100
1783317389204,0,16.14,13087,100
1783317389404,0,16.14,13087,100
1783317389604,0,16.13,13087,100
1783317389805,0,16.13,13087,100
1783317390005,0,16.13,13087,100
1783317390205,0,16.12,13087,100
1783317390405,0,16.12,13087,100
1783317390605,0,16.14,13087,100
1783317390806,0,16.14,13087,100
1783317391006,0,16.14,13087,100
1783317391206,0,16.14,13087,100
1783317391406,0,16.14,13087,100
1783317391606,0,16.14,13087,100
1783317391807,0,16.14,13087,100
1783317392007,0,16.14,13087,100
1783317392207,0,16.16,13087,100
1783317392407,0,16.16,13087,100
1783317392607,0,16.17,13087,100
1783317392808,0,16.17,13087,100
1783317393008,0,16.17,13087,100
1783317393208,0,16.16,13087,100
1783317393408,0,16.16,13087,100
1783317393608,0,16.15,13087,100
1783317393809,0,16.15,13087,100
1783317394009,0,16.15,13087,100
1783317394209,0,16.16,13087,100
1783317394410,0,16.16,13087,100
1783317394610,0,16.16,13087,100
1783317394811,0,16.16,13087,100
1783317395011,0,16.16,13087,100
1783317395211,0,16.17,13087,100
1783317395411,0,16.17,13087,100
1783317395611,0,16.17,13087,100
1783317395811,0,16.17,13087,100
1783317396011,0,16.17,13087,100
1783317396212,0,16.15,13087,100
1783317396412,0,16.15,13087,100
1783317396612,0,16.15,13087,100
1783317396812,0,16.15,13087,100
1783317397012,0,16.15,13087,100
1783317397213,0,16.14,13087,100
1783317397413,0,16.14,13087,100
1783317397613,0,16.17,13087,100
1783317397813,0,16.17,13087,100
1783317398013,0,16.17,13087,100
1783317398214,0,16.18,13087,100
1783317398414,0,16.18,13087,100
1783317398614,0,16.17,13087,100
1783317398814,0,16.17,13087,100
1783317399014,0,16.17,13087,100
1783317399214,0,16.15,13087,100
1783317399415,0,16.15,13087,100
1783317399615,0,16.16,13087,100
1783317399815,0,16.16,13087,100
1783317400015,0,16.16,13087,100
1783317400215,0,16.17,13087,100
1783317400416,0,16.17,13087,100
1783317400616,0,16.16,13087,100
1783317400816,0,16.16,13087,100
1783317401016,0,16.16,13087,100
1783317401216,0,16.15,13087,100
1783317401416,0,16.15,13087,100
1783317401617,0,16.16,13087,100
1783317401817,0,16.16,13087,100
1783317402017,0,16.16,13087,100
1783317402217,0,16.18,13087,100
1783317402417,0,16.18,13087,100
1783317402618,0,16.2,13087,100
1783317402819,0,16.2,13087,100
1783317403019,0,16.2,13087,100
1783317403219,0,16.22,13087,100
1783317403419,0,16.22,13087,100
1783317403620,0,16.2,13087,100
1783317403821,0,16.2,13087,100
1783317404022,0,16.2,13087,100
1783317404222,0,16.2,13087,100
1783317404422,0,16.2,13087,100
1783317404623,0,16.17,13087,100
1783317404823,0,16.17,13087,100
1783317405024,0,16.17,13087,100
1783317405224,0,16.04,13087,100
1783317405424,0,16.04,13087,100
1783317405624,0,15.98,13087,100
1783317405824,0,15.98,13087,100
1783317406026,0,15.98,13087,100
1783317406227,0,16.08,13087,100
1783317406427,0,16.08,13087,100
1783317406627,0,16.15,13087,100
1783317406827,0,16.15,13087,100
1783317407028,0,16.15,13087,100
1783317407228,0,16.15,13087,100
1783317407428,0,16.15,13087,100
1783317407628,0,16.15,13087,100
1783317407828,0,16.15,13087,100
1783317408029,0,16.15,13087,100
1783317408229,0,16.15,13087,100
1783317408429,0,16.15,13087,100
1783317408629,0,16.15,13087,100
1783317408829,0,16.15,13087,100
1783317409030,0,16.15,13087,100
1783317409231,0,16.16,13087,100
1783317409431,0,16.16,13087,100
1783317409631,0,16.16,13087,100
1783317409831,0,16.16,13087,100
1783317410032,0,16.16,13087,100
1783317410232,0,16.15,13087,100
1783317410432,0,16.15,13087,100
1783317410632,0,16.14,13087,100
1783317410832,0,16.14,13087,100
1783317411033,0,16.14,13087,100
1783317411235,0,16.1,13087,100
1783317411435,0,16.1,13087,100
1783317411635,0,16.1,13087,100
1783317411835,0,16.1,13087,100
1783317412035,0,16.1,13087,100
1783317412236,0,16.11,13087,100
1783317412436,0,16.11,13087,100
1783317412637,0,16.12,13087,100
1783317412837,0,16.12,13087,100
1783317413037,0,16.12,13087,100
1783317413239,0,16.1,13087,100
1783317413439,0,16.1,13087,100
1783317413639,0,16.1,13087,100
1783317413839,0,16.1,13087,100
1783317414040,0,16.1,13087,100
1783317414241,0,16.14,13087,100
1783317414441,0,16.14,13087,100
1783317414641,0,16.14,13087,100
1783317414841,0,16.14,13087,100
1783317415042,0,16.14,13087,100
1783317415242,0,16.14,13087,100
1783317415442,0,16.14,13087,100
1783317415642,0,16.16,13087,100
1783317415843,0,16.16,13087,100
1783317416045,0,16.16,13087,100
1783317416245,0,16.18,13087,100
1783317416445,0,16.18,13087,100
1783317416645,0,16.18,13087,100
1783317416845,0,16.17,13087,100
1783317417046,0,16.17,13087,100
1783317417247,0,16.14,13087,100
1783317417447,0,16.14,13087,100
1783317417648,0,16.14,13087,100
1783317417848,0,16.14,13087,100
1783317418049,0,16.14,13087,100
1783317418249,0,16.14,13087,100
1783317418449,0,16.14,13087,100
1783317418649,0,16.14,13087,100
1783317418849,0,16.12,13087,100
1783317419050,0,16.12,13087,100
1783317419250,0,16.11,13087,100
1783317419450,0,16.11,13087,100
1783317419650,0,16.11,13087,100
1783317419850,0,16.12,13087,100
1783317420052,0,16.12,13087,100
1783317420252,0,16.15,13087,100
1783317420452,0,16.15,13087,100
1783317420652,0,16.15,13087,100
1783317420853,0,16.14,13087,100
1783317421054,0,16.14,13087,100
1783317421254,0,16.13,13087,100
1783317421454,0,16.13,13087,100
1783317421654,0,16.13,13087,100
1783317421854,0,16.13,13087,100
1783317422055,0,16.13,13087,100
1783317422255,0,16.13,13087,100
1783317422455,0,16.13,13087,100
1783317422655,0,16.13,13087,100
1783317422856,0,16.13,13087,100
1783317423058,0,16.13,13087,100
1783317423258,0,16.13,13087,100
1783317423458,0,16.13,13087,100
1783317423658,0,16.13,13087,100
1783317423858,0,16.12,13087,100
1783317424059,0,16.12,13087,100
1783317424259,0,16.11,13087,100
1783317424459,0,16.11,13087,100
1783317424659,0,16.11,13087,100
1783317424859,0,16.1,13087,100
1783317425060,0,16.1,13087,100
1783317425261,0,16.1,13087,100
1783317425461,0,16.1,13087,100
1783317425661,0,16.1,13087,100
1783317425862,0,16.1,13087,100
1783317426064,0,16.1,13087,100
1783317426264,0,16.1,13087,100
1783317426464,0,16.1,13087,100
1783317426664,0,16.1,13087,100
1783317426864,0,16.1,13087,100
1783317427065,0,16.1,13087,100
1783317427265,0,16.0,13087,78
1783317427465,0,16.0,13087,78
1783317427665,0,16.0,13087,78
1783317427865,0,15.81,13087,100
1783317428067,0,15.81,13087,100
1783317428268,0,15.81,13087,100
1783317428468,0,15.81,13087,100
1783317428668,0,15.81,13087,100
1783317428869,0,15.85,13087,100
1783317429070,0,15.85,13087,100
1783317429270,0,15.82,13087,100
1783317429470,0,15.82,13087,100
1783317429670,0,15.82,13087,100
1783317429870,0,15.8,13087,100
1783317430071,0,15.8,13087,100
1783317430271,0,15.8,13087,100
1783317430471,0,15.8,13087,100
1783317430671,0,15.8,13087,100
1783317430872,0,15.81,13087,100
1783317431072,0,15.81,13087,100
1783317431272,0,15.83,13087,100
1783317431472,0,15.83,13087,100
1783317431672,0,15.83,13087,100
1783317431873,0,15.84,13087,100
1783317432075,0,15.84,13087,100
1783317432275,0,15.85,13087,100
1783317432475,0,15.85,13087,100
1783317432675,0,15.85,13087,100
1783317432876,0,15.84,13087,100
1783317433077,0,15.84,13087,100
1783317433277,0,15.84,13087,100
1783317433477,0,15.84,13087,100
1783317433678,0,15.84,13087,100
1783317433878,0,15.86,13087,100
1783317434079,0,15.86,13087,100
1783317434279,0,15.86,13087,100
1783317434479,0,15.86,13087,100
1783317434679,0,15.86,13087,100
1783317434879,0,15.85,13087,100
1783317435080,0,15.85,13087,100
1783317435281,0,15.87,13087,100
1783317435482,0,15.87,13087,100
1783317435682,0,15.87,13087,100
1783317435882,0,15.88,13087,100
1783317436082,0,15.88,13087,100
1783317436282,0,15.89,13087,100
1783317436483,0,15.89,13087,100
1783317436683,0,15.89,13087,100
1783317436883,0,15.89,13087,100
1783317437083,0,15.89,13087,100
1783317437283,0,15.89,13087,100
1783317437484,0,15.88,13087,100
1783317437685,0,15.88,13087,100
1783317437886,0,15.86,13087,100
1783317438086,0,15.86,13087,100
1783317438286,0,15.86,13087,100
1783317438486,0,15.84,13087,100
1783317438686,0,15.84,13087,100
1783317438887,0,15.82,13087,100
1783317439087,0,15.82,13087,100
1783317439287,0,15.82,13087,100
1783317439487,0,15.85,13087,100
1783317439688,0,15.85,13087,100
1783317439888,0,15.86,13087,100
1783317440089,0,15.86,13087,100
1783317440289,0,15.86,13087,100
1783317440490,0,15.85,13087,100
1783317440690,0,15.85,13087,100
1783317440890,0,15.85,13087,100
1783317441090,0,15.85,13087,100
1783317441291,0,15.85,13087,100
1783317441491,0,15.88,13087,100
1783317441692,0,15.88,13087,100
1783317441892,0,15.89,13087,100
1783317442092,0,15.89,13087,100
1783317442292,0,15.89,13087,100
1783317442492,0,15.84,13087,100
1783317442693,0,15.84,13087,100
1783317442893,0,15.83,13087,100
1783317443093,0,15.83,13087,100
1783317443293,0,15.83,13087,100
1783317443493,0,15.82,13087,100
1783317443694,0,15.82,13087,100
1783317443894,0,15.79,13087,100
1783317444094,0,15.79,13087,100
1783317444294,0,15.79,13087,100
1783317444494,0,15.77,13087,100
1783317444695,0,15.77,13087,100
1783317444895,0,15.78,13087,100
1783317445095,0,15.78,13087,100
1783317445295,0,15.78,13087,100
1783317445495,0,15.82,13087,100
1783317445695,0,15.82,13087,100
1783317445896,0,15.83,13087,100
1783317446096,0,15.83,13087,100
1783317446296,0,15.83,13087,100
1783317446496,0,15.82,13087,100
1783317446696,0,15.82,13087,100
1783317446897,0,15.82,13087,100
1783317447097,0,15.82,13087,100
1783317447297,0,15.82,13087,100
1783317447497,0,15.82,13087,100
1783317447697,0,15.82,13087,100
1783317447897,0,15.81,13087,100
1783317448098,0,15.81,13087,100
1783317448298,0,15.81,13087,100
1783317448498,0,15.81,13087,100
1783317448698,0,15.81,13087,100
1783317448898,0,15.83,13087,100
1783317449099,0,15.83,13087,100
1783317449299,0,15.83,13087,100
1783317449499,0,15.81,13087,100
1783317449699,0,15.81,13087,100
1783317449899,0,15.76,13087,100
1783317450100,0,15.76,13087,100
1783317450300,0,15.76,13087,100
1783317450500,0,15.79,13087,100
1783317450700,0,15.79,13087,100
1783317450900,0,15.85,13087,100
1783317451100,0,15.85,13087,100
1783317451301,0,15.85,13087,100
1783317451501,0,15.86,13087,100
1783317451701,0,15.86,13087,100
1783317451901,0,15.87,13087,100
1783317452101,0,15.87,13087,100
1783317452302,0,15.87,13087,100
1783317452502,0,15.84,13087,100
1783317452702,0,15.84,13087,100
1783317452902,0,15.82,13087,100
1783317453102,0,15.82,13087,100
1783317453303,0,15.82,13087,100
1783317453503,0,15.83,13087,100
1783317453703,0,15.83,13087,100
1783317453903,0,15.83,13087,100
1783317454103,0,15.84,13087,100
1783317454304,0,15.84,13087,100
1783317454504,0,15.84,13087,100
1783317454704,0,15.84,13087,100
1783317454904,0,15.84,13087,100
1783317455104,0,15.85,13087,100
1783317455305,0,15.85,13087,100
1783317455505,0,15.86,13087,100
1783317455705,0,15.86,13087,100
1783317455905,0,15.86,13087,100
1783317456105,0,15.88,13087,100
1783317456306,0,15.88,13087,100
1783317456506,0,15.86,13087,100
1783317456706,0,15.86,13087,100
1783317456906,0,15.86,13087,100
1783317457106,0,15.85,13087,100
1783317457307,0,15.85,13087,100
1783317457507,0,15.85,13087,100
1783317457707,0,15.85,13087,100
1783317457907,0,15.85,13087,100
1783317458107,0,15.87,13087,100
1783317458307,0,15.87,13087,100
1783317458507,0,15.87,13087,100
1783317458708,0,15.87,13087,100
1783317458908,0,15.87,13087,100
1783317459108,0,15.87,13087,100
1783317459308,0,15.87,13087,100
1783317459508,0,15.88,13087,100
1783317459708,0,15.88,13087,100
1783317459909,0,15.88,13087,100
1783317460109,0,15.88,13087,100
1783317460309,0,15.88,13087,100
1783317460509,0,15.85,13087,100
1783317460709,0,15.85,13087,100
1783317460909,0,15.85,13087,100
1783317461110,0,15.84,13087,100
1783317461310,0,15.84,13087,100
1783317461510,0,15.85,13087,100
1783317461710,0,15.85,13087,100
1783317461910,0,15.85,13087,100
1783317462111,0,15.86,13087,100
1783317462311,0,15.86,13087,100
1783317462511,0,15.88,13087,100
1783317462711,0,15.88,13087,100
1783317462911,0,15.88,13087,100
1783317463111,0,15.87,13087,100
1783317463312,0,15.87,13087,100
1783317463512,0,15.85,13087,100
1783317463712,0,15.85,13087,100
1783317463912,0,15.85,13087,100
1783317464112,0,15.84,13087,100
1783317464312,0,15.84,13087,100
1783317464513,0,15.85,13087,100
1783317464713,0,15.85,13087,100
1783317464913,0,15.85,13087,100
1783317465113,0,15.87,13087,100
1783317465313,0,15.87,13087,100
1783317465513,0,15.85,13087,100
1783317465714,0,15.85,13087,100
1783317465914,0,15.85,13087,100
1783317466114,0,15.85,13087,100
1783317466314,0,15.85,13087,100
1783317466514,0,15.85,13087,100
1783317466715,0,15.85,13087,100
1783317466915,0,15.85,13087,100
1783317467115,0,15.85,13087,100
1783317467315,0,15.85,13087,100
1783317467515,0,15.86,13087,100
1783317467715,0,15.86,13087,100
1783317467915,0,15.86,13087,100
1783317468116,0,15.85,13087,100
1783317468316,0,15.85,13087,100
1783317468516,0,15.84,13087,100
1783317468716,0,15.84,13087,100
1783317468916,0,15.84,13087,100
1783317469116,0,15.85,13087,100
1783317469316,0,15.85,13087,100
1783317469516,0,15.83,13087,100
1783317469717,0,15.83,13087,100
1783317469917,0,15.83,13087,100
1783317470117,0,15.81,13087,100
1783317470317,0,15.81,13087,100
1783317470517,0,15.81,13087,100
1783317470717,0,15.82,13087,100
1783317470918,0,15.82,13087,100
1783317471118,0,15.84,13087,100
1783317471318,0,15.84,13087,100
1783317471518,0,15.84,13087,100
1783317471718,0,15.85,13087,100
1783317471918,0,15.85,13087,100
1783317472118,0,15.74,13087,84
1783317472319,0,15.74,13087,84
1783317472519,0,15.81,13087,84
1783317472719,0,15.81,13087,100
1783317472919,0,15.81,13087,100
1783317473119,0,15.94,13087,100
1783317473320,0,15.94,13087,100
1783317473520,0,15.94,13087,100
1783317473720,0,15.87,13087,100
1783317473920,0,15.87,13087,100
1783317474120,0,15.86,13087,100
1783317474320,0,15.86,13087,100
1783317474520,0,15.86,13087,100
1783317474720,0,15.85,13087,100
1783317474921,0,15.85,13087,100
1783317475121,0,15.81,13087,100
1783317475321,0,15.81,13087,100
1783317475521,0,15.81,13087,100
1783317475721,0,15.79,13087,100
1783317475922,0,15.79,13087,100
1783317476122,0,15.81,13087,100
1783317476322,0,15.81,13087,100
1783317476522,0,15.81,13087,100
1783317476722,0,15.8,13087,100
1783317476922,0,15.8,13087,100
1783317477123,0,15.81,13087,100
1783317477323,0,15.81,13087,100
1783317477523,0,15.81,13087,100
1783317477723,0,15.82,13087,100
1783317477923,0,15.82,13087,100
1783317478123,0,15.82,13087,100
1783317478324,0,15.82,13087,100
1783317478524,0,15.82,13087,100
1783317478724,0,15.81,13087,100
1783317478924,0,15.81,13087,100
1783317479124,0,15.8,13087,100
1783317479324,0,15.8,13087,100
1783317479525,0,15.8,13087,100
1783317479725,0,15.8,13087,100
1783317479925,0,15.8,13087,100
1783317480125,0,15.8,13087,100
1783317480325,0,15.8,13087,100
1783317480525,0,15.8,13087,100
1783317480725,0,15.82,13087,100
1783317480926,0,15.82,13087,100
1783317481126,0,15.84,13087,100
1783317481326,0,15.84,13087,100
1783317481526,0,15.84,13087,100
1783317481726,0,15.85,13087,100
1783317481927,0,15.85,13087,100
1783317482127,0,15.85,13087,100
1783317482327,0,15.85,13087,100
1783317482527,0,15.85,13087,100
1783317482727,0,15.84,13087,100
1783317482927,0,15.84,13087,100
1783317483128,0,15.84,13087,100
1783317483328,0,15.84,13087,100
1783317483528,0,15.84,13087,100
1783317483728,0,15.83,13087,100
1783317483928,0,15.83,13087,100
1783317484128,0,15.84,13087,100
1783317484329,0,15.84,13087,100
1783317484529,0,15.84,13087,100
1783317484729,0,15.84,13087,100
1783317484929,0,15.84,13087,100
1783317485129,0,15.84,13087,100
1783317485329,0,15.84,13087,100
1783317485530,0,15.84,13087,100
1783317485730,0,15.84,13087,100
1783317485930,0,15.84,13087,100
1783317486130,0,15.83,13087,100
1783317486330,0,15.83,13087,100
1783317486530,0,15.83,13087,100
1783317486731,0,15.83,13087,100
1783317486931,0,15.83,13087,100
1783317487131,0,15.83,13087,100
1783317487331,0,15.83,13087,100
1783317487531,0,15.83,13087,100
1783317487731,0,15.83,13087,100
1783317487932,0,15.83,13087,100
1783317488132,0,15.83,13087,100
1783317488332,0,15.81,13087,100
1783317488532,0,15.81,13087,100
1783317488732,0,15.82,13087,100
1783317488932,0,15.82,13087,100
1783317489132,0,15.83,13087,100
1783317489333,0,15.83,13087,100
1783317489533,0,15.83,13087,100
1783317489733,0,15.82,13087,100
1783317489933,0,15.82,13087,100
1783317490133,0,15.82,13087,100
1783317490334,0,15.83,13087,100
1783317490534,0,15.83,13087,100
1783317490734,0,15.84,13087,100
1783317490934,0,15.84,13087,100
1783317491134,0,15.84,13087,100
1783317491334,0,15.88,13087,100
1783317491534,0,15.88,13087,100
1783317491735,0,15.88,13087,100
1783317491935,0,15.88,13087,100
1783317492135,0,15.88,13087,100
1783317492335,0,15.87,13087,100
1783317492535,0,15.87,13087,100
1783317492736,0,15.87,13087,100
1783317492936,0,15.87,13087,100
1783317493136,0,15.87,13087,100
1783317493336,0,15.86,13087,100
1783317493536,0,15.86,13087,100
1783317493736,0,15.83,13087,100
1783317493936,0,15.83,13087,100
1783317494137,0,15.83,13087,100
1783317494337,0,15.83,13087,100
1783317494537,0,15.83,13087,100
1783317494737,0,15.53,13087,47
1783317494938,0,15.53,13087,47
1783317495138,0,15.53,13087,47
1783317495338,0,15.64,13087,100
1783317495538,0,15.64,13087,100
1783317495738,0,16.04,13087,100
1783317495938,0,16.04,13087,100
1783317496138,0,16.04,13087,100
1783317496339,0,15.93,13087,100
1783317496539,0,15.93,13087,100
1783317496739,0,15.91,13087,100
1783317496939,0,15.91,13087,100
1783317497139,0,15.91,13087,100
1783317497340,0,15.9,13087,100
1783317497540,0,15.9,13087,100
1783317497740,0,15.91,13087,100
1783317497940,0,15.91,13087,100
1783317498140,0,15.91,13087,100
1783317498340,0,15.92,13087,100
1783317498540,0,15.92,13087,100
1783317498741,0,15.9,13087,100
1783317498941,0,15.9,13087,100
1783317499141,0,15.9,13087,100
1783317499341,0,15.9,13087,100
1783317499541,0,15.9,13087,100
1783317499741,0,15.89,13087,100
1783317499942,0,15.89,13087,100
1783317500142,0,15.89,13087,100
1783317500342,0,15.88,13087,100
1783317500542,0,15.88,13087,100
1783317500742,0,15.87,13087,100
1783317500942,0,15.87,13087,100
1783317501143,0,15.87,13087,100
1783317501343,0,15.88,13087,100
1783317501543,0,15.88,13087,100
1783317501743,0,15.9,13087,100
1783317501943,0,15.9,13087,100
1783317502144,0,15.9,13087,100
1783317502344,0,15.91,13087,100
1783317502544,0,15.91,13087,100
1783317502744,0,15.91,13087,100
1783317502944,0,15.91,13087,100
1783317503144,0,15.91,13087,100
1783317503344,0,15.9,13087,100
1783317503545,0,15.9,13087,100
1783317503745,0,15.9,13087,100
1783317503945,0,15.9,13087,100
1783317504145,0,15.9,13087,100
1783317504345,0,15.91,13087,100
1783317504546,0,15.91,13087,100
1783317504746,0,15.9,13087,100
1783317504946,0,15.9,13087,100
1783317505146,0,15.9,13087,100
1783317505346,0,15.9,13087,100
1783317505546,0,15.9,13087,100
1783317505747,0,15.9,13087,100
1783317505947,0,15.9,13087,100
1783317506147,0,15.9,13087,100
1783317506347,0,15.9,13087,100
1783317506547,0,15.9,13087,100
1783317506748,0,15.91,13087,100
1783317506948,0,15.91,13087,100
1783317507148,0,15.91,13087,100
1783317507348,0,15.91,13087,100
1783317507548,0,15.91,13087,100
1783317507748,0,15.91,13087,100
1783317507949,0,15.91,13087,100
1783317508149,0,15.91,13087,100
1783317508349,0,15.92,13087,100
1783317508549,0,15.92,13087,100
1783317508749,0,15.92,13087,100
1783317508949,0,15.92,13087,100
1783317509150,0,15.92,13087,100
1783317509350,0,15.92,13087,100
1783317509550,0,15.92,13087,100
1783317509750,0,15.92,13087,100
1783317509950,0,15.92,13087,100
1783317510151,0,15.92,13087,100
1783317510351,0,15.91,13087,100
1783317510551,0,15.91,13087,100
1783317510751,0,15.91,13087,100
1783317510951,0,15.88,13087,100
1783317511151,0,15.88,13087,100
1783317511352,0,15.88,13087,100
1783317511552,0,15.88,13087,100
1783317511752,0,15.88,13087,100
1783317511952,0,15.91,13087,100
1783317512152,0,15.91,13087,100
1783317512353,0,15.95,13087,100
1783317512553,0,15.95,13087,100
1783317512753,0,15.95,13087,100
1783317512953,0,15.94,13087,100
1783317513153,0,15.94,13087,100
1783317513354,0,15.91,13087,100
1783317513554,0,15.91,13087,100
1783317513754,0,15.91,13087,100
1783317513954,0,15.88,13087,100
1783317514154,0,15.88,13087,100
1783317514354,0,15.87,13087,100
1783317514555,0,15.87,13087,100
1783317514755,0,15.87,13087,100
1783317514955,0,15.89,13087,100
1783317515155,0,15.89,13087,100
1783317515355,0,15.9,13087,100
1783317515556,0,15.9,13087,100
1783317515756,0,15.9,13087,100
1783317515956,0,15.88,13087,100
1783317516156,0,15.88,13087,100
1783317516356,0,15.88,13087,100
1783317516556,0,15.88,13087,100
1783317516756,0,15.88,13087,100
1783317516957,0,15.89,13087,100
1783317517157,0,15.89,13087,100
1783317517357,0,15.87,13087,100
1783317517557,0,15.87,13087,100
1783317517757,0,15.87,13087,100
1783317517958,0,15.84,13087,100
1783317518158,0,15.84,13087,100
1783317518358,0,15.84,13087,100
1783317518558,0,15.84,13087,100
1783317518758,0,15.84,13087,100
1783317518958,0,15.86,13087,100
1783317519159,0,15.86,13087,100
1783317519359,0,15.85,13087,100
1783317519559,0,15.85,13087,100
1783317519759,0,15.85,13087,100
1783317519959,0,15.84,13087,100
1783317520160,0,15.84,13087,100
1783317520360,0,15.83,13087,100
1783317520560,0,15.83,13087,100
1783317520760,0,15.83,13087,100
1783317520960,0,15.83,13087,100
1783317521160,0,15.83,13087,100
1783317521361,0,15.83,13087,100
1783317521561,0,15.85,13087,100
1783317521761,0,15.85,13087,100
1783317521961,0,15.84,13087,100
1783317522161,0,15.84,13087,100
1783317522362,0,15.84,13087,100
1783317522562,0,15.83,13087,100
1783317522762,0,15.83,13087,100
1783317522962,0,15.85,13087,100
1783317523162,0,15.85,13087,100
1783317523362,0,15.85,13087,100
1783317523563,0,15.83,13087,100
1783317523763,0,15.83,13087,100
1783317523963,0,15.81,13087,100
1783317524163,0,15.81,13087,100
1783317524363,0,15.81,13087,100
1783317524564,0,15.82,13087,100
1783317524764,0,15.82,13087,100
1783317524964,0,15.82,13087,100
1783317525164,0,15.82,13087,100
1783317525364,0,15.82,13087,100
1783317525565,0,15.82,13087,100
1783317525765,0,15.82,13087,100
1783317525965,0,15.81,13087,100
1783317526165,0,15.81,13087,100
1783317526365,0,15.81,13087,100
1783317526566,0,15.82,13087,100
1783317526766,0,15.82,13087,100
1783317526966,0,15.84,13087,100
1783317527166,0,15.84,13087,100
1783317527366,0,15.84,13087,100
1783317527566,0,15.84,13087,100
1783317527767,0,15.84,13087,100
1783317527967,0,15.81,13087,100
1783317528167,0,15.81,13087,100
1783317528367,0,15.81,13087,100
1783317528567,0,15.83,13087,100
1783317528768,0,15.83,13087,100
1783317528968,0,15.85,13087,100
1783317529168,0,15.85,13087,100
1783317529368,0,15.85,13087,100
1783317529568,0,15.84,13087,100
1783317529768,0,15.84,13087,100
1783317529969,0,15.83,13087,100
1783317530169,0,15.83,13087,100
1783317530369,0,15.83,13087,100
1783317530569,0,15.84,13087,100
1783317530769,0,15.84,13087,100
1783317530969,0,15.84,13087,100
1783317531170,0,15.84,13087,100
1783317531370,0,15.84,13087,100
1783317531570,0,15.82,13087,100
1783317531770,0,15.82,13087,100
1783317531970,0,15.82,13087,100
1783317532171,0,15.82,13087,100
1783317532371,0,15.82,13087,100
1783317532571,0,15.85,13087,100
1783317532771,0,15.85,13087,100
1783317532971,0,15.85,13087,100
1783317533172,0,15.85,13087,100
1783317533372,0,15.85,13087,100
1783317533572,0,15.83,13087,100
1783317533772,0,15.83,13087,100
1783317533972,0,15.85,13087,100
1783317534173,0,15.85,13087,100
1783317534373,0,15.85,13087,100
1783317534573,0,15.85,13087,100
1783317534773,0,15.85,13087,100
1783317534973,0,15.85,13087,100
1783317535174,0,15.85,13087,100
1783317535374,0,15.85,13087,100
1783317535574,0,15.83,13087,100
1783317535774,0,15.83,13087,100
1783317535974,0,15.83,13087,100
1783317536174,0,15.82,13087,100
1783317536375,0,15.82,13087,100
1783317536575,0,15.82,13087,100
1783317536775,0,15.82,13087,100
1783317536975,0,15.82,13087,100
1783317537175,0,15.82,13087,100
1783317537376,0,15.82,13087,100
1783317537576,0,15.81,13087,100
1783317537776,0,15.81,13087,100
1783317537976,0,15.81,13087,100
1783317538176,0,15.8,13087,100
1783317538376,0,15.8,13087,100
1783317538577,0,15.82,13087,100
1783317538777,0,15.82,13087,100
1783317538977,0,15.82,13087,100
1783317539177,0,15.84,13087,100
1783317539377,0,15.84,13087,100
1783317539577,0,15.84,13087,100
1783317539778,0,15.84,13087,100
